{
  "mse_mean": 6.306440467596985e-05,
  "mse_std": 6.891019837263055e-05,
  "psnr_mean": 43.71486576080322,
  "psnr_std": 3.9248576477328565,
  "ssim_mean": 0.994548362493515,
  "ssim_std": 0.005960510790081702,
  "msssim_mean": 0.9993906724452972,
  "msssim_std": 0.0007438175644538441,
  "samples": 100
}