index,filename,psnr_y,ssim_y,msssim_y,mse_y
0,0801.png#patch0000,42.65920639038086,0.9797609448432922,0.9960559606552124,5.420994421001524e-05
1,0801.png#patch0001,42.04472351074219,0.9763228893280029,0.9955829381942749,6.244923861231655e-05
2,0801.png#patch0002,42.67498016357422,0.9811561703681946,0.9962494373321533,5.401344606070779e-05
3,0801.png#patch0003,31.54065704345703,0.9530901312828064,0.9920195937156677,0.0007013490539975464
4,0801.png#patch0004,44.25849533081055,0.9841329455375671,0.9975981712341309,3.751025360543281e-05
5,0801.png#patch0005,45.431922912597656,0.9845173954963684,0.997531533241272,2.8629090593312867e-05
6,0801.png#patch0006,43.6993522644043,0.9837919473648071,0.9971722364425659,4.2664305510697886e-05
7,0801.png#patch0007,33.53998565673828,0.9090964198112488,0.9818889498710632,0.0004425897786859423
8,0801.png#patch0008,35.54112243652344,0.9422867298126221,0.9888108372688293,0.0002791820152197033
9,0801.png#patch0009,37.70355987548828,0.9655517339706421,0.9938348531723022,0.00016968506679404527
10,0801.png#patch0010,31.1015567779541,0.8775527477264404,0.9762353897094727,0.0007759687723591924
11,0801.png#patch0011,42.26353073120117,0.9808223843574524,0.9966046810150146,5.93809163547121e-05
12,0801.png#patch0012,42.2913932800293,0.9818153381347656,0.9969173669815063,5.90011513850186e-05
13,0801.png#patch0013,38.17726135253906,0.9688677191734314,0.9937415719032288,0.00015215053281281143
14,0801.png#patch0014,28.085851669311523,0.770023763179779,0.9493770003318787,0.0015538700390607119
15,0801.png#patch0015,30.188114166259766,0.8150944113731384,0.9597792029380798,0.0009576096781529486
16,0801.png#patch0016,32.027706146240234,0.897700309753418,0.9791514873504639,0.0006269445875659585
17,0801.png#patch0017,34.49113082885742,0.9206184148788452,0.9840425252914429,0.0003555387374944985
18,0801.png#patch0018,33.59221649169922,0.9077560305595398,0.9823154807090759,0.0004372989060357213
19,0801.png#patch0019,34.15598678588867,0.930381715297699,0.9859782457351685,0.00038406183011829853
20,0801.png#patch0020,30.34505844116211,0.8739200234413147,0.9744980931282043,0.000923621526453644
21,0801.png#patch0021,27.518648147583008,0.6751618385314941,0.9179214239120483,0.001770659233443439
22,0801.png#patch0022,27.12575912475586,0.6918308734893799,0.9327741265296936,0.0019383126636967063
23,0801.png#patch0023,29.09062957763672,0.7965928316116333,0.958126425743103,0.0012329259188845754
24,0801.png#patch0024,39.251014709472656,0.9598261713981628,0.9903178811073303,0.00011882232502102852
25,0801.png#patch0025,33.82699966430664,0.8900060653686523,0.9776058197021484,0.00041428557597100735
26,0801.png#patch0026,28.79722023010254,0.8115550875663757,0.957943320274353,0.0013191003818064928
27,0801.png#patch0027,27.303058624267578,0.7760485410690308,0.9533064961433411,0.0018607761012390256
28,0801.png#patch0028,28.02140235900879,0.7548454403877258,0.9480733275413513,0.0015771015314385295
29,0801.png#patch0029,28.036340713500977,0.7421882748603821,0.9408933520317078,0.0015716857742518187
30,0801.png#patch0030,28.26559829711914,0.7566810846328735,0.9482848048210144,0.001490871305577457
31,0801.png#patch0031,30.562768936157227,0.8486170172691345,0.9702407121658325,0.0008784622186794877
32,0801.png#patch0032,28.628068923950195,0.7499057054519653,0.9454082250595093,0.00137149088550359
33,0801.png#patch0033,27.19927406311035,0.7202897667884827,0.9386674165725708,0.0019057790050283074
34,0801.png#patch0034,27.12557029724121,0.7346125841140747,0.9427414536476135,0.0019383975304663181
35,0802.png#patch0000,39.12769317626953,0.9470707774162292,0.9911160469055176,0.0001222449354827404
36,0802.png#patch0001,36.089622497558594,0.9065113663673401,0.9814479947090149,0.0002460580144543201
37,0802.png#patch0002,35.9114875793457,0.8932418823242188,0.9784393906593323,0.0002563605085015297
38,0802.png#patch0003,36.118778228759766,0.906875491142273,0.9827386736869812,0.00024441187269985676
39,0802.png#patch0004,36.65231704711914,0.9385534524917603,0.9898497462272644,0.00021615643345285207
40,0802.png#patch0005,37.396942138671875,0.9312252402305603,0.987207293510437,0.00018209812697023153
41,0802.png#patch0006,39.77931594848633,0.9527083039283752,0.9915791153907776,0.00010521270451135933
42,0802.png#patch0007,38.607486724853516,0.9359305500984192,0.9890863299369812,0.00013780059816781431
43,0802.png#patch0008,36.24467849731445,0.9247364401817322,0.9864533543586731,0.00023742813209537417
44,0802.png#patch0009,36.81175994873047,0.9273792505264282,0.9879298210144043,0.00020836461044382304
45,0802.png#patch0010,34.996009826660156,0.9152133464813232,0.985516369342804,0.0003165184461977333
46,0802.png#patch0011,33.78606033325195,0.8887505531311035,0.9785717725753784,0.00041820917977020144
47,0802.png#patch0012,36.877567291259766,0.916195809841156,0.9843004941940308,0.0002052310883300379
48,0802.png#patch0013,38.73141098022461,0.9464488625526428,0.9906216263771057,0.00013392406981438398
49,0802.png#patch0014,36.37381362915039,0.9146360754966736,0.9820887446403503,0.00023047206923365593
50,0802.png#patch0015,37.22206115722656,0.9241150617599487,0.9867264032363892,0.0001895805326057598
51,0802.png#patch0016,37.565616607666016,0.9299682974815369,0.9885170459747314,0.00017516138905193657
52,0802.png#patch0017,34.10527801513672,0.8718763589859009,0.9715707302093506,0.00038857231265865266
53,0802.png#patch0018,34.74951934814453,0.9017493724822998,0.9803757071495056,0.00033500234712846577
54,0802.png#patch0019,38.027339935302734,0.9343628287315369,0.9881106019020081,0.00015749466547276825
55,0802.png#patch0020,37.71162796020508,0.954196035861969,0.992444634437561,0.0001693701051408425
56,0802.png#patch0021,35.63710021972656,0.9048354029655457,0.9817851781845093,0.0002730799315031618
57,0802.png#patch0022,35.76131820678711,0.8931596875190735,0.977033257484436,0.00026537978556007147
58,0802.png#patch0023,34.36335372924805,0.8752681612968445,0.9740205407142639,0.0003661546215880662
59,0802.png#patch0024,34.3021240234375,0.8868227005004883,0.9792909026145935,0.0003713535552378744
60,0802.png#patch0025,35.95945739746094,0.9060804843902588,0.9806865453720093,0.0002535444509703666
61,0802.png#patch0026,36.06246566772461,0.9273785948753357,0.988207995891571,0.0002476014487911016
62,0802.png#patch0027,35.51394271850586,0.9167189598083496,0.9856036901473999,0.00028093476430512965
63,0802.png#patch0028,38.36262512207031,0.9391195178031921,0.9891163110733032,0.00014579315029550344
64,0802.png#patch0029,36.91017532348633,0.9341535568237305,0.9883233904838562,0.0002036959194811061
65,0802.png#patch0030,35.55854415893555,0.886620283126831,0.9765666127204895,0.0002780644572339952
66,0802.png#patch0031,35.43735122680664,0.9175421595573425,0.98513263463974,0.0002859332598745823
67,0802.png#patch0032,33.2055778503418,0.9052796959877014,0.9822577834129333,0.0004780156014021486
68,0802.png#patch0033,35.87712478637695,0.9157673716545105,0.9842212200164795,0.0002583968744147569
69,0802.png#patch0034,36.647010803222656,0.9269202947616577,0.986486554145813,0.0002164205361623317
70,0803.png#patch0000,51.13715362548828,0.9921925067901611,0.9983713030815125,7.69634516473161e-06
71,0803.png#patch0001,51.897926330566406,0.9934048056602478,0.9986320734024048,6.459623818955151e-06
72,0803.png#patch0002,40.8354606628418,0.9809680581092834,0.9952207207679749,8.249992242781445e-05
73,0803.png#patch0003,39.0391731262207,0.9636725783348083,0.989635169506073,0.00012476203846745193
74,0803.png#patch0004,42.22181701660156,0.985286295413971,0.9967526197433472,5.995399260427803e-05
75,0803.png#patch0005,47.26382064819336,0.9913952350616455,0.9980916976928711,1.8776636352413334e-05
76,0803.png#patch0006,51.645851135253906,0.9930582046508789,0.9985955953598022,6.845652478659758e-06
77,0803.png#patch0007,45.41128921508789,0.9919988512992859,0.998295247554779,2.8765443857992068e-05
78,0803.png#patch0008,37.609134674072266,0.97749924659729,0.9954736828804016,0.00017341495549771935
79,0803.png#patch0009,30.802946090698242,0.9371089935302734,0.9871228337287903,0.0008311994606629014
80,0803.png#patch0010,30.220624923706055,0.9055537581443787,0.9786466360092163,0.0009504679474048316
81,0803.png#patch0011,32.773773193359375,0.9435574412345886,0.9880266189575195,0.0005279862671159208
82,0803.png#patch0012,30.041643142700195,0.942882239818573,0.9897264242172241,0.000990457134321332
83,0803.png#patch0013,35.820125579833984,0.9753604531288147,0.9953036308288574,0.000261810579104349
84,0803.png#patch0014,40.66410446166992,0.9869165420532227,0.9972589015960693,8.582014561397955e-05
85,0803.png#patch0015,32.64963150024414,0.9373390674591064,0.9862642288208008,0.000543296046089381
86,0803.png#patch0016,34.67015075683594,0.9362269043922424,0.9858075380325317,0.0003411807701922953
87,0803.png#patch0017,37.24224090576172,0.9391225576400757,0.9841545224189758,0.00018870164058171213
88,0803.png#patch0018,33.8963737487793,0.9317492246627808,0.9850156903266907,0.0004077203047927469
89,0803.png#patch0019,31.253732681274414,0.9123122692108154,0.9819387793540955,0.0007492498261854053
90,0803.png#patch0020,35.19649887084961,0.954437792301178,0.9907745718955994,0.00030223847716115415
91,0803.png#patch0021,52.17753219604492,0.9939717650413513,0.9988152980804443,6.056844085833291e-06
92,0803.png#patch0022,41.741058349609375,0.9836704730987549,0.9966790080070496,6.697207572869956e-05
93,0803.png#patch0023,36.3549919128418,0.9380695223808289,0.983784019947052,0.00023147309548221529
94,0803.png#patch0024,32.68054962158203,0.9202452301979065,0.9845743775367737,0.0005394421168603003
95,0803.png#patch0025,33.27198028564453,0.9387307167053223,0.9875662922859192,0.000470762635814026
96,0803.png#patch0026,37.393924713134766,0.9571250081062317,0.9906900525093079,0.0001822247140808031
97,0803.png#patch0027,42.48323059082031,0.979708731174469,0.9963624477386475,5.645169585477561e-05
98,0803.png#patch0028,51.51906204223633,0.9932694435119629,0.9987709522247314,7.048446150292875e-06
99,0803.png#patch0029,39.462528228759766,0.9690512418746948,0.9923815131187439,0.00011317409371258691
100,0803.png#patch0030,38.2784538269043,0.9567054510116577,0.989406406879425,0.00014864640252199024
101,0803.png#patch0031,39.51917266845703,0.9531779289245605,0.9883826375007629,0.00011170747893629596
102,0803.png#patch0032,35.75482177734375,0.9474217295646667,0.988441526889801,0.0002657772274687886
103,0803.png#patch0033,40.50443649291992,0.9731664061546326,0.9935447573661804,8.903406705940142e-05
104,0803.png#patch0034,46.50417709350586,0.9897458553314209,0.9979371428489685,2.2365675249602646e-05
105,0803.png#patch0035,51.20205307006836,0.9930868148803711,0.9988433718681335,7.582182661280967e-06
106,0803.png#patch0036,50.942344665527344,0.9921819567680359,0.9985167980194092,8.049436473811511e-06
107,0803.png#patch0037,46.44163131713867,0.9884682893753052,0.9978689551353455,2.2690110199619085e-05
108,0803.png#patch0038,35.28300476074219,0.9637042284011841,0.9930427074432373,0.0002962779253721237
109,0803.png#patch0039,40.039276123046875,0.9734297394752502,0.9940129518508911,9.909973596222699e-05
110,0803.png#patch0040,51.845184326171875,0.9938466548919678,0.9989392161369324,6.538548859680304e-06
111,0803.png#patch0041,51.69090270996094,0.9937122464179993,0.9989567399024963,6.775007477699546e-06
112,0804.png#patch0000,34.85224151611328,0.9493255019187927,0.9889946579933167,0.0003271717287134379
113,0804.png#patch0001,31.40196418762207,0.909557580947876,0.9824141263961792,0.0007241081329993904
114,0804.png#patch0002,32.072303771972656,0.9236285090446472,0.9849811792373657,0.0006205397075973451
115,0804.png#patch0003,32.228271484375,0.9169487357139587,0.9835429787635803,0.0005986497271806002
116,0804.png#patch0004,32.225276947021484,0.907127320766449,0.9798343181610107,0.0005990624194964767
117,0804.png#patch0005,31.601428985595703,0.8970180749893188,0.9785453677177429,0.0006916031125001609
118,0804.png#patch0006,31.892282485961914,0.919401228427887,0.9830073118209839,0.0006468023639172316
119,0804.png#patch0007,24.19915199279785,0.7177731990814209,0.9385355114936829,0.0038026354741305113
120,0804.png#patch0008,28.166183471679688,0.8606281280517578,0.9756749868392944,0.0015253920573741198
121,0804.png#patch0009,21.84139060974121,0.5558553338050842,0.8712783455848694,0.006544266361743212
122,0804.png#patch0010,27.776926040649414,0.8176852464675903,0.9651211500167847,0.0016684266738593578
123,0804.png#patch0011,27.33869743347168,0.7857692837715149,0.9598952531814575,0.0018455679528415203
124,0804.png#patch0012,25.118473052978516,0.7057844996452332,0.9380260109901428,0.003077177330851555
125,0804.png#patch0013,26.25091552734375,0.7076522707939148,0.9409534931182861,0.0023708732333034277
126,0804.png#patch0014,29.75034523010254,0.822087287902832,0.9675155282020569,0.0010591692989692092
127,0804.png#patch0015,29.093433380126953,0.8051787614822388,0.9615877866744995,0.00123213033657521
128,0804.png#patch0016,25.652324676513672,0.7001780271530151,0.9306724667549133,0.0027212442364543676
129,0804.png#patch0017,28.47368049621582,0.8074094653129578,0.9608150720596313,0.0014211236266419291
130,0804.png#patch0018,26.693727493286133,0.7099758982658386,0.9316015839576721,0.0021410519257187843
131,0804.png#patch0019,26.310020446777344,0.7431695461273193,0.9432700872421265,0.002338825026527047
132,0804.png#patch0020,26.715145111083984,0.6997777223587036,0.9397854804992676,0.002130519598722458
133,0804.png#patch0021,31.687097549438477,0.8446592092514038,0.973362147808075,0.0006780944531783462
134,0804.png#patch0022,29.923349380493164,0.8004319071769714,0.9657098054885864,0.001017805770970881
135,0804.png#patch0023,29.339204788208008,0.7983477711677551,0.9652374982833862,0.0011643391335383058
136,0804.png#patch0024,31.94512176513672,0.871327817440033,0.9789782762527466,0.0006389806512743235
137,0804.png#patch0025,33.699913024902344,0.8576048016548157,0.9778724312782288,0.00042658805614337325
138,0804.png#patch0026,29.653600692749023,0.7691023349761963,0.9536643028259277,0.001083028269931674
139,0804.png#patch0027,28.155635833740234,0.7503681182861328,0.9514191746711731,0.001529101049527526
140,0805.png#patch0000,38.0175666809082,0.8960551023483276,0.986013650894165,0.00015784938295837492
141,0805.png#patch0001,35.287757873535156,0.8253640532493591,0.9771135449409485,0.0002959537087008357
142,0805.png#patch0002,29.144962310791016,0.760995626449585,0.9550931453704834,0.0012175969313830137
143,0805.png#patch0003,23.829496383666992,0.6672484278678894,0.9284734129905701,0.004140475299209356
144,0805.png#patch0004,22.908937454223633,0.713683545589447,0.9453847408294678,0.005118068773299456
145,0805.png#patch0005,29.240341186523438,0.7887443900108337,0.9640087485313416,0.0011911479523405433
146,0805.png#patch0006,30.986936569213867,0.7970035076141357,0.9643108248710632,0.0007967210840433836
147,0805.png#patch0007,35.68745040893555,0.8553915619850159,0.9827014207839966,0.0002699323231354356
148,0805.png#patch0008,34.86988067626953,0.8314079642295837,0.978640615940094,0.0003258456417825073
149,0805.png#patch0009,28.695505142211914,0.7887530326843262,0.954332709312439,0.0013503592927008867
150,0805.png#patch0010,22.967641830444336,0.681888222694397,0.932308554649353,0.0050493525341153145
151,0805.png#patch0011,22.401622772216797,0.6621103882789612,0.9300322532653809,0.005752249155193567
152,0805.png#patch0012,27.318538665771484,0.7684902548789978,0.9579323530197144,0.0018541555618867278
153,0805.png#patch0013,33.45975112915039,0.830938458442688,0.9723364114761353,0.0004508423153311014
154,0805.png#patch0014,34.8997802734375,0.8145089745521545,0.9762343168258667,0.0003236099146306515
155,0805.png#patch0015,35.044742584228516,0.8394969701766968,0.9794663786888123,0.00031298649264499545
156,0805.png#patch0016,30.67804718017578,0.8041518330574036,0.9545148611068726,0.0008554508094675839
157,0805.png#patch0017,27.73455238342285,0.7475172281265259,0.9453238248825073,0.0016847857041284442
158,0805.png#patch0018,29.833415985107422,0.7823533415794373,0.9562699198722839,0.0010391023242846131
159,0805.png#patch0019,30.49252700805664,0.7846024632453918,0.9567104578018188,0.0008927859598770738
160,0805.png#patch0020,31.630481719970703,0.8060901165008545,0.9639602899551392,0.0006869921344332397
161,0805.png#patch0021,36.4902229309082,0.8612650632858276,0.9828439950942993,0.0002243767085019499
162,0805.png#patch0022,33.285072326660156,0.8549045324325562,0.9699281454086304,0.0004693455121014267
163,0805.png#patch0023,32.27861785888672,0.816559910774231,0.9580023884773254,0.000591749616432935
164,0805.png#patch0024,32.22188949584961,0.8110992312431335,0.9592896699905396,0.000599529652390629
165,0805.png#patch0025,33.83717727661133,0.8191244006156921,0.9623931050300598,0.00041331586544401944
166,0805.png#patch0026,34.877777099609375,0.8454824686050415,0.969645619392395,0.00032525352435186505
167,0805.png#patch0027,33.83738708496094,0.84366774559021,0.9682750105857849,0.0004132957838010043
168,0805.png#patch0028,32.601993560791016,0.8411867618560791,0.9700612425804138,0.0005492885247804224
169,0805.png#patch0029,29.186214447021484,0.7697793245315552,0.9483914971351624,0.0012060862500220537
170,0805.png#patch0030,32.34856414794922,0.8178334832191467,0.9680641293525696,0.0005822954699397087
171,0805.png#patch0031,31.276784896850586,0.7897549867630005,0.9608027935028076,0.000745283265132457
172,0805.png#patch0032,34.8282470703125,0.8205922245979309,0.9683818817138672,0.00032898414065130055
173,0805.png#patch0033,34.38138961791992,0.8273871541023254,0.9644347429275513,0.0003646370896603912
174,0805.png#patch0034,31.93593978881836,0.8014204502105713,0.9609847068786621,0.000640333048067987
175,0805.png#patch0035,34.53955841064453,0.8415431976318359,0.9792376756668091,0.0003515960124786943
176,0805.png#patch0036,33.0881233215332,0.8368965983390808,0.9743854403495789,0.0004911200376227498
177,0805.png#patch0037,33.52233123779297,0.8391669392585754,0.9750926494598389,0.00044439255725592375
178,0805.png#patch0038,38.13715362548828,0.9132065176963806,0.9845873117446899,0.00015356233052443713
179,0805.png#patch0039,35.35411834716797,0.8261855840682983,0.9708243012428284,0.00029146598535589874
180,0805.png#patch0040,33.7460823059082,0.8194838762283325,0.9643431901931763,0.00042207675869576633
181,0805.png#patch0041,30.33696174621582,0.7503902912139893,0.9505614042282104,0.0009253449970856309
182,0806.png#patch0000,50.12466812133789,0.9930126667022705,0.9989524483680725,9.717015927890316e-06
183,0806.png#patch0001,39.816986083984375,0.981379508972168,0.9966081976890564,0.00010430400288896635
184,0806.png#patch0002,21.651323318481445,0.7107844948768616,0.9260690808296204,0.006837031338363886
185,0806.png#patch0003,33.30034637451172,0.9697487950325012,0.9949161410331726,0.0004676974203903228
186,0806.png#patch0004,50.73643112182617,0.9943357110023499,0.9991872310638428,8.440276360488497e-06
187,0806.png#patch0005,46.8677864074707,0.991557240486145,0.998674750328064,2.056937046290841e-05
188,0806.png#patch0006,53.11354446411133,0.9948764443397522,0.9993763566017151,4.882534994976595e-06
189,0806.png#patch0007,40.813453674316406,0.9844593405723572,0.9968263506889343,8.291914127767086e-05
190,0806.png#patch0008,25.080873489379883,0.8352701663970947,0.9606021642684937,0.003103933297097683
191,0806.png#patch0009,24.725139617919922,0.6416026949882507,0.9121462106704712,0.003368883626535535
192,0806.png#patch0010,22.97086524963379,0.6163358092308044,0.9055994153022766,0.005045607220381498
193,0806.png#patch0011,33.503562927246094,0.9640277028083801,0.9926959872245789,0.0004463174263946712
194,0806.png#patch0012,42.82178497314453,0.9852516055107117,0.9973785281181335,5.2218150813132524e-05
195,0806.png#patch0013,48.79505920410156,0.991213858127594,0.9986136555671692,1.3197562111599836e-05
196,0806.png#patch0014,40.52226638793945,0.982052206993103,0.9963191747665405,8.86692650965415e-05
197,0806.png#patch0015,26.322309494018555,0.7704637050628662,0.9482080340385437,0.002332216827198863
198,0806.png#patch0016,23.578731536865234,0.62520432472229,0.9094709753990173,0.004386585671454668
199,0806.png#patch0017,25.395414352416992,0.7007470726966858,0.920341968536377,0.0028870783280581236
200,0806.png#patch0018,28.55567169189453,0.8762912154197693,0.9688350558280945,0.0013945451937615871
201,0806.png#patch0019,48.65370178222656,0.9895488023757935,0.997994601726532,1.3634195966005791e-05
202,0806.png#patch0020,44.963497161865234,0.9850069284439087,0.9971923232078552,3.188966365996748e-05
203,0806.png#patch0021,27.727725982666016,0.7066371440887451,0.9323154091835022,0.001687435433268547
204,0806.png#patch0022,29.205476760864258,0.7635855674743652,0.9484401345252991,0.0012007489567622542
205,0806.png#patch0023,29.24174690246582,0.7743192315101624,0.9513445496559143,0.0011907625012099743
206,0806.png#patch0024,39.71478271484375,0.9443050622940063,0.9902917146682739,0.00010678785474738106
207,0806.png#patch0025,38.00105285644531,0.9262802600860596,0.9865023493766785,0.00015845093003008515
208,0806.png#patch0026,41.7296028137207,0.9590235352516174,0.9918789863586426,6.71489760861732e-05
209,0806.png#patch0027,42.387794494628906,0.9725529551506042,0.993453323841095,5.770590723841451e-05
210,0806.png#patch0028,26.10102653503418,0.7980138063430786,0.9574393033981323,0.0024541288148611784
211,0806.png#patch0029,24.26804542541504,0.715115487575531,0.9446033835411072,0.003742790315300226
212,0806.png#patch0030,24.85495948791504,0.7313061952590942,0.9497370719909668,0.0032696695998311043
213,0806.png#patch0031,30.255746841430664,0.8013086318969727,0.9612811207771301,0.0009428122430108488
214,0806.png#patch0032,32.80192565917969,0.8098809719085693,0.963361382484436,0.0005245744250714779
215,0806.png#patch0033,33.304996490478516,0.8270846009254456,0.9611932039260864,0.00046719732927158475
216,0806.png#patch0034,32.12710189819336,0.7896330952644348,0.9476580619812012,0.0006127592059783638
217,0807.png#patch0000,24.49608612060547,0.5974355340003967,0.9139919281005859,0.0035513329785317183
218,0807.png#patch0001,20.797319412231445,0.48332837224006653,0.876527726650238,0.00832277163863182
219,0807.png#patch0002,21.150089263916016,0.4632622003555298,0.8683385848999023,0.0076734526082873344
220,0807.png#patch0003,22.263442993164062,0.4974970519542694,0.886719286441803,0.005938210990279913
221,0807.png#patch0004,23.701162338256836,0.5646932721138,0.9045785069465637,0.004264653194695711
222,0807.png#patch0005,20.79950523376465,0.42001137137413025,0.8526907563209534,0.00831858441233635
223,0807.png#patch0006,22.4329833984375,0.47263190150260925,0.8791533708572388,0.005710860714316368
224,0807.png#patch0007,27.97093391418457,0.5583001971244812,0.9037383794784546,0.0015955355484038591
225,0807.png#patch0008,20.28154945373535,0.46619412302970886,0.8717406988143921,0.00937227439135313
226,0807.png#patch0009,22.11375617980957,0.48006367683410645,0.8773640990257263,0.006146450061351061
227,0807.png#patch0010,23.48602867126465,0.6163811683654785,0.9102784395217896,0.004481226205825806
228,0807.png#patch0011,30.059675216674805,0.793146014213562,0.9631282091140747,0.0009863526793196797
229,0807.png#patch0012,21.1024169921875,0.5072043538093567,0.868881106376648,0.007758150342851877
230,0807.png#patch0013,20.890329360961914,0.5300323367118835,0.8921850919723511,0.008146421983838081
231,0807.png#patch0014,26.343399047851562,0.43950292468070984,0.8572494983673096,0.00232091941870749
232,0807.png#patch0015,20.59760284423828,0.44247913360595703,0.8699479699134827,0.008714444003999233
233,0807.png#patch0016,21.187929153442383,0.43858540058135986,0.8681067228317261,0.007606889121234417
234,0807.png#patch0017,22.45313262939453,0.47056540846824646,0.8614752888679504,0.005684426985681057
235,0807.png#patch0018,30.557106018066406,0.6606324315071106,0.9330711364746094,0.0008796080364845693
236,0807.png#patch0019,19.703365325927734,0.4427459239959717,0.8613014221191406,0.010706890374422073
237,0807.png#patch0020,19.584880828857422,0.4534420371055603,0.8654363751411438,0.01100301742553711
238,0807.png#patch0021,25.707244873046875,0.6197429895401001,0.8840453624725342,0.002687047701328993
239,0807.png#patch0022,20.501327514648438,0.4997237026691437,0.8815365433692932,0.008909781463444233
240,0807.png#patch0023,19.652923583984375,0.4263274371623993,0.8634536266326904,0.010831971652805805
241,0807.png#patch0024,19.914033889770508,0.4157854914665222,0.848524808883667,0.010199918411672115
242,0807.png#patch0025,22.897871017456055,0.7468153238296509,0.9468652606010437,0.005131126847118139
243,0807.png#patch0026,18.904949188232422,0.5263484120368958,0.8848991990089417,0.012867826037108898
244,0807.png#patch0027,18.49635124206543,0.5316327214241028,0.8850024342536926,0.01413724385201931
245,0808.png#patch0000,53.305145263671875,0.9949777722358704,0.9992064237594604,4.671810529544018e-06
246,0808.png#patch0001,53.4346923828125,0.9951012134552002,0.9992195963859558,4.534514118859079e-06
247,0808.png#patch0002,53.41335678100586,0.9950896501541138,0.9992234110832214,4.556843123282306e-06
248,0808.png#patch0003,53.288272857666016,0.9949412941932678,0.9992042779922485,4.689996330853319e-06
249,0808.png#patch0004,53.30355453491211,0.994975209236145,0.9992286562919617,4.6735235628148075e-06
250,0808.png#patch0005,53.216346740722656,0.9948724508285522,0.9992353320121765,4.768318376591196e-06
251,0808.png#patch0006,53.02706527709961,0.9946308732032776,0.9991742372512817,4.980734956916422e-06
252,0808.png#patch0007,27.97673797607422,0.8017037510871887,0.9581862688064575,0.0015934049151837826
253,0808.png#patch0008,31.617752075195312,0.8361022472381592,0.965559720993042,0.0006890087388455868
254,0808.png#patch0009,29.474227905273438,0.7166000008583069,0.9375123381614685,0.0011286960216239095
255,0808.png#patch0010,29.679771423339844,0.7363592386245728,0.9422490000724792,0.0010765218175947666
256,0808.png#patch0011,28.252521514892578,0.868082582950592,0.9742771983146667,0.0014953663339838386
257,0808.png#patch0012,26.41169548034668,0.8133029937744141,0.9627102613449097,0.0022847068030387163
258,0808.png#patch0013,26.486072540283203,0.7907123565673828,0.9573134183883667,0.0022459113970398903
259,0808.png#patch0014,28.55890464782715,0.7311665415763855,0.9380273222923279,0.0013935075839981437
260,0808.png#patch0015,24.782032012939453,0.6245458126068115,0.9188004732131958,0.0033250383567065
261,0808.png#patch0016,22.25411033630371,0.5049228668212891,0.8882468342781067,0.005950986873358488
262,0808.png#patch0017,22.64738655090332,0.5135533809661865,0.8967596292495728,0.005435772705823183
263,0808.png#patch0018,21.56092643737793,0.4819006025791168,0.8846496343612671,0.0069808331318199635
264,0808.png#patch0019,22.165735244750977,0.5458626747131348,0.9000736474990845,0.006073323544114828
265,0808.png#patch0020,22.196182250976562,0.5914124846458435,0.9140390157699585,0.006030893884599209
266,0808.png#patch0021,34.76979064941406,0.8014897108078003,0.9570714831352234,0.00033344249823130667
267,0808.png#patch0022,32.16172409057617,0.8540329933166504,0.967288076877594,0.0006078935111872852
268,0808.png#patch0023,30.787206649780273,0.8824707865715027,0.9770312905311584,0.0008342175860889256
269,0808.png#patch0024,27.445789337158203,0.7830330729484558,0.9563195109367371,0.0018006155733019114
270,0808.png#patch0025,25.685306549072266,0.7750228047370911,0.9549839496612549,0.0027006547898054123
271,0808.png#patch0026,26.53321647644043,0.7519634962081909,0.9486710429191589,0.002221663948148489
272,0808.png#patch0027,26.89728355407715,0.7504450678825378,0.9452239871025085,0.002043014857918024
273,0808.png#patch0028,33.08033752441406,0.7373520731925964,0.9516852498054504,0.0004920011851936579
274,0808.png#patch0029,25.66252326965332,0.8049106597900391,0.9635478258132935,0.0027148600202053785
275,0808.png#patch0030,25.56687355041504,0.8435097336769104,0.9672842621803284,0.0027753165923058987
276,0808.png#patch0031,30.281705856323242,0.914026141166687,0.9834855794906616,0.0009371931664645672
277,0808.png#patch0032,44.77545166015625,0.9695649743080139,0.9952201843261719,3.330081017338671e-05
278,0808.png#patch0033,47.03725814819336,0.9874542355537415,0.9975347518920898,1.9782168237725273e-05
279,0808.png#patch0034,52.86294937133789,0.9952947497367859,0.9993014931678772,5.172547844267683e-06
280,0809.png#patch0000,44.79127502441406,0.9766278266906738,0.9964506030082703,3.317968003102578e-05
281,0809.png#patch0001,45.12009811401367,0.9779183864593506,0.9968175292015076,3.0760245863348246e-05
282,0809.png#patch0002,32.90919876098633,0.8194297552108765,0.9529677629470825,0.000511776190251112
283,0809.png#patch0003,33.957618713378906,0.866194486618042,0.9689807891845703,0.00040201115189120173
284,0809.png#patch0004,34.935203552246094,0.8944493532180786,0.9773944020271301,0.00032098102383315563
285,0809.png#patch0005,44.817073822021484,0.97882080078125,0.9971985816955566,3.2983170967781916e-05
286,0809.png#patch0006,44.69736862182617,0.9793652296066284,0.9969540238380432,3.3904936572071165e-05
287,0809.png#patch0007,43.847862243652344,0.9737527370452881,0.9955267906188965,4.123001417610794e-05
288,0809.png#patch0008,35.15217590332031,0.894416868686676,0.975949764251709,0.0003053391701541841
289,0809.png#patch0009,32.00399398803711,0.8195464015007019,0.960673451423645,0.0006303773261606693
290,0809.png#patch0010,34.97023391723633,0.8909200429916382,0.975444495677948,0.00031840248266234994
291,0809.png#patch0011,34.380531311035156,0.8714793920516968,0.9723560810089111,0.0003647091507446021
292,0809.png#patch0012,41.4668083190918,0.9660537838935852,0.9945206642150879,7.133766484912485e-05
293,0809.png#patch0013,42.82541275024414,0.9698322415351868,0.9949625730514526,5.21745350852143e-05
294,0809.png#patch0014,36.034671783447266,0.9133000373840332,0.9810409545898438,0.00024919118732213974
295,0809.png#patch0015,30.548011779785156,0.7545380592346191,0.9377886056900024,0.0008814522880129516
296,0809.png#patch0016,31.010295867919922,0.8058592677116394,0.9544551968574524,0.000792447361163795
297,0809.png#patch0017,33.22199630737305,0.8547835350036621,0.9663786292076111,0.0004762119788210839
298,0809.png#patch0018,34.50054931640625,0.8872699737548828,0.9751147031784058,0.0003547684755176306
299,0809.png#patch0019,37.629150390625,0.9366081357002258,0.9871160984039307,0.00017261752509512007
300,0809.png#patch0020,39.01829147338867,0.9521960020065308,0.9909600615501404,0.0001253633527085185
301,0809.png#patch0021,34.00379943847656,0.8514241576194763,0.9626988768577576,0.000397759024053812
302,0809.png#patch0022,31.85405731201172,0.8063145279884338,0.9502516388893127,0.0006525204516947269
303,0809.png#patch0023,32.567481994628906,0.8217439651489258,0.9535809755325317,0.0005536709795705974
304,0809.png#patch0024,32.95013427734375,0.8758732080459595,0.9712134003639221,0.0005069747567176819
305,0809.png#patch0025,36.13261032104492,0.923402726650238,0.9833879470825195,0.00024363443662878126
306,0809.png#patch0026,31.733064651489258,0.8586600422859192,0.9714208245277405,0.0006709550507366657
307,0809.png#patch0027,31.79600715637207,0.8705475926399231,0.972717821598053,0.0006613010191358626
308,0809.png#patch0028,37.24952697753906,0.909516453742981,0.9772050380706787,0.00018838535470422357
309,0809.png#patch0029,34.828243255615234,0.8802956342697144,0.9696235060691833,0.0003289846354164183
310,0809.png#patch0030,34.218326568603516,0.852424144744873,0.9630138874053955,0.00037858824362047017
311,0809.png#patch0031,34.8656120300293,0.8648600578308105,0.9668468236923218,0.000326166016748175
312,0809.png#patch0032,32.07523727416992,0.8544603586196899,0.9654949307441711,0.0006201209034770727
313,0809.png#patch0033,29.633207321166992,0.8131861686706543,0.9586631655693054,0.00108812574762851
314,0809.png#patch0034,29.41704559326172,0.8119070529937744,0.9582358598709106,0.001143655856139958
315,0810.png#patch0000,45.00033950805664,0.9676375985145569,0.9946122765541077,3.162028224323876e-05
316,0810.png#patch0001,40.82804870605469,0.9599146246910095,0.9932894706726074,8.264090138254687e-05
317,0810.png#patch0002,45.13195037841797,0.9695516228675842,0.9948204159736633,3.0676423193654045e-05
318,0810.png#patch0003,44.60401153564453,0.9648085236549377,0.9939182996749878,3.4641667298274115e-05
319,0810.png#patch0004,44.361854553222656,0.9625579118728638,0.9933302998542786,3.662808740045875e-05
320,0810.png#patch0005,33.85010528564453,0.9141718149185181,0.9821452498435974,0.0004120874800719321
321,0810.png#patch0006,30.44464683532715,0.852195143699646,0.9672030806541443,0.0009026825428009033
322,0810.png#patch0007,43.67180252075195,0.965073823928833,0.9943275451660156,4.293580786907114e-05
323,0810.png#patch0008,28.443492889404297,0.7465456128120422,0.9377933740615845,0.001431036158464849
324,0810.png#patch0009,25.184375762939453,0.6913228034973145,0.9225643277168274,0.003030834486708045
325,0810.png#patch0010,24.765506744384766,0.7441935539245605,0.9363841414451599,0.0033377143554389477
326,0810.png#patch0011,25.789230346679688,0.7772915959358215,0.9432886242866516,0.0026367977261543274
327,0810.png#patch0012,22.74623680114746,0.5547885298728943,0.8857054114341736,0.005313444416970015
328,0810.png#patch0013,22.405935287475586,0.5494043827056885,0.8904516696929932,0.005746540613472462
329,0810.png#patch0014,36.64267349243164,0.9339876174926758,0.9881937503814697,0.00021663711231667548
330,0810.png#patch0015,31.353832244873047,0.8016705513000488,0.9591656923294067,0.0007321776356548071
331,0810.png#patch0016,24.070194244384766,0.5663710236549377,0.8916816115379333,0.003917241934686899
332,0810.png#patch0017,22.735841751098633,0.5736337304115295,0.8997833132743835,0.005326179787516594
333,0810.png#patch0018,21.844879150390625,0.5149198770523071,0.8702650666236877,0.006539009977132082
334,0810.png#patch0019,24.687267303466797,0.6267522573471069,0.9084343314170837,0.003398390021175146
335,0810.png#patch0020,25.88437271118164,0.6750354766845703,0.9213630557060242,0.002579660853371024
336,0810.png#patch0021,40.6243896484375,0.9617694616317749,0.9936536550521851,8.660861931275576e-05
337,0810.png#patch0022,30.416488647460938,0.8508650064468384,0.9700503349304199,0.0009085545898415148
338,0810.png#patch0023,31.756404876708984,0.829617440700531,0.9613562226295471,0.0006673586321994662
339,0810.png#patch0024,23.53472137451172,0.5870724320411682,0.8889720439910889,0.004431265406310558
340,0810.png#patch0025,24.941253662109375,0.5733935236930847,0.8851011395454407,0.003205342683941126
341,0810.png#patch0026,29.386430740356445,0.7453128695487976,0.9365484118461609,0.0011517461389303207
342,0810.png#patch0027,25.01123809814453,0.655752420425415,0.9160180687904358,0.0031541038770228624
343,0810.png#patch0028,35.23442459106445,0.9267315864562988,0.985516369342804,0.00029961063410155475
344,0810.png#patch0029,31.301912307739258,0.8593223094940186,0.9667876362800598,0.0007409838726744056
345,0810.png#patch0030,28.984661102294922,0.8024784326553345,0.957457423210144,0.0012633795849978924
346,0810.png#patch0031,28.681819915771484,0.7231388092041016,0.9360753893852234,0.001354621141217649
347,0810.png#patch0032,26.90315818786621,0.6389074325561523,0.9039778113365173,0.002040253719314933
348,0810.png#patch0033,29.554765701293945,0.7662124633789062,0.9435713291168213,0.0011079579126089811
349,0810.png#patch0034,39.28215789794922,0.9512867331504822,0.9913018345832825,0.00011797342449426651
350,0810.png#patch0035,31.04884910583496,0.8382222056388855,0.9674293994903564,0.0007854434661567211
351,0810.png#patch0036,30.34589195251465,0.8217087388038635,0.9631233811378479,0.0009234442841261625
352,0810.png#patch0037,30.31171226501465,0.827433705329895,0.9624931812286377,0.0009307407890446484
353,0810.png#patch0038,31.004039764404297,0.848455548286438,0.9688634276390076,0.000793589511886239
354,0810.png#patch0039,35.45792007446289,0.9467939734458923,0.9915311932563782,0.0002845822600647807
355,0810.png#patch0040,44.15348434448242,0.9724322557449341,0.9960156083106995,3.842833757516928e-05
356,0810.png#patch0041,43.840885162353516,0.9689180254936218,0.9954090714454651,4.1296323615824804e-05
357,0811.png#patch0000,33.80377197265625,0.8316783905029297,0.9606785774230957,0.0004165073041804135
358,0811.png#patch0001,30.046741485595703,0.7986316084861755,0.9565703272819519,0.00098929472733289
359,0811.png#patch0002,27.616954803466797,0.7241492867469788,0.9387781620025635,0.0017310285475105047
360,0811.png#patch0003,28.023313522338867,0.7385356426239014,0.9394451975822449,0.0015764079289510846
361,0811.png#patch0004,28.43230628967285,0.7628293633460999,0.9476494789123535,0.0014347274554893374
362,0811.png#patch0005,29.945619583129883,0.8004333972930908,0.9569600820541382,0.0010126001434400678
363,0811.png#patch0006,30.526796340942383,0.8275973796844482,0.9652596116065979,0.0008857681532390416
364,0811.png#patch0007,31.299427032470703,0.7912431359291077,0.954937219619751,0.0007414079736918211
365,0811.png#patch0008,33.3664436340332,0.8608590960502625,0.9713308215141296,0.0004606333968695253
366,0811.png#patch0009,30.963342666625977,0.7858471274375916,0.9525622129440308,0.0008010612800717354
367,0811.png#patch0010,26.167387008666992,0.6437348127365112,0.9170477986335754,0.0024169133976101875
368,0811.png#patch0011,25.90622901916504,0.6936524510383606,0.930589497089386,0.0025667110458016396
369,0811.png#patch0012,25.801591873168945,0.7149122357368469,0.9327068328857422,0.002629303839057684
370,0811.png#patch0013,27.81215476989746,0.8091686964035034,0.9578502774238586,0.0016549486899748445
371,0811.png#patch0014,30.520641326904297,0.7786532044410706,0.9579912424087524,0.0008870249730534852
372,0811.png#patch0015,28.001976013183594,0.7139615416526794,0.9413896799087524,0.0015841723652556539
373,0811.png#patch0016,26.999656677246094,0.6995924115180969,0.9347900748252869,0.0019954200834035873
374,0811.png#patch0017,29.496545791625977,0.8243787884712219,0.9596084952354431,0.0011229111114516854
375,0811.png#patch0018,33.381614685058594,0.8639066219329834,0.9704908132553101,0.00045902724377810955
376,0811.png#patch0019,32.43779754638672,0.8181841373443604,0.9573302268981934,0.0005704530631192029
377,0811.png#patch0020,32.01592254638672,0.8109081387519836,0.954680860042572,0.000628648092970252
378,0811.png#patch0021,31.926788330078125,0.792606770992279,0.9594687223434448,0.0006416836986318231
379,0811.png#patch0022,30.815021514892578,0.7615843415260315,0.9548044204711914,0.0008288913522846997
380,0811.png#patch0023,28.20511817932129,0.7315208315849304,0.9503262042999268,0.001511778449639678
381,0811.png#patch0024,26.89507293701172,0.6787163019180298,0.9392389059066772,0.002044055378064513
382,0811.png#patch0025,28.305309295654297,0.752411961555481,0.9510230422019958,0.0014773010043427348
383,0811.png#patch0026,31.078548431396484,0.8068941831588745,0.9643973708152771,0.000780090456828475
384,0811.png#patch0027,35.960750579833984,0.9208425283432007,0.9832102060317993,0.00025346875190734863
385,0811.png#patch0028,36.419639587402344,0.8854063153266907,0.9798616170883179,0.0002280532062286511
386,0811.png#patch0029,34.7559700012207,0.8707842230796814,0.9780773520469666,0.000334505079081282
387,0811.png#patch0030,30.847654342651367,0.7734512686729431,0.9558426737785339,0.0008226865320466459
388,0811.png#patch0031,32.39658737182617,0.8103886246681213,0.9656777381896973,0.0005758919869549572
389,0811.png#patch0032,36.10243606567383,0.9080500602722168,0.9817829728126526,0.0002453329798299819
390,0811.png#patch0033,35.867279052734375,0.933972179889679,0.9881044030189514,0.00025898360763676465
391,0811.png#patch0034,38.114315032958984,0.941739559173584,0.9878495335578918,0.00015437183901667595
392,0812.png#patch0000,46.5737419128418,0.9769384860992432,0.9966319799423218,2.2010284737916663e-05
393,0812.png#patch0001,47.00455093383789,0.9788885712623596,0.9969758987426758,1.9931712813558988e-05
394,0812.png#patch0002,43.117618560791016,0.9790621399879456,0.9970073699951172,4.877959145233035e-05
395,0812.png#patch0003,29.057714462280273,0.8917479515075684,0.9767670035362244,0.0012423055013641715
396,0812.png#patch0004,29.958114624023438,0.9009336829185486,0.9789327383041382,0.0010096904588863254
397,0812.png#patch0005,47.087493896484375,0.9801462292671204,0.9970884919166565,1.9554674508981407e-05
398,0812.png#patch0006,46.647254943847656,0.9776796102523804,0.9965800642967224,2.164085344702471e-05
399,0812.png#patch0007,47.0230827331543,0.9791951775550842,0.9968494176864624,1.984686059586238e-05
400,0812.png#patch0008,32.316925048828125,0.9505686163902283,0.9889739751815796,0.0005865529528819025
401,0812.png#patch0009,24.907514572143555,0.726614236831665,0.9331794381141663,0.0032303419429808855
402,0812.png#patch0010,25.623754501342773,0.7576471567153931,0.9441648721694946,0.0027392045594751835
403,0812.png#patch0011,24.907699584960938,0.7307284474372864,0.9366627335548401,0.003230204340070486
404,0812.png#patch0012,25.545930862426758,0.7718312740325928,0.946229100227356,0.002788732061162591
405,0812.png#patch0013,34.479469299316406,0.9760056138038635,0.9956130385398865,0.00035649462370201945
406,0812.png#patch0014,27.02466583251953,0.8091021180152893,0.9573847055435181,0.001983961323276162
407,0812.png#patch0015,27.362268447875977,0.8233356475830078,0.9640054106712341,0.001835578354075551
408,0812.png#patch0016,26.235565185546875,0.7792165279388428,0.9545305371284485,0.0023792684078216553
409,0812.png#patch0017,28.306900024414062,0.8325269818305969,0.9643475413322449,0.0014767599059268832
410,0812.png#patch0018,27.924617767333984,0.8082708120346069,0.9623517990112305,0.0016126424307003617
411,0812.png#patch0019,26.44415283203125,0.776054322719574,0.9525207877159119,0.0022676947992295027
412,0812.png#patch0020,27.112945556640625,0.8303274512290955,0.9629021883010864,0.001944040646776557
413,0812.png#patch0021,25.499582290649414,0.7458040118217468,0.946928858757019,0.002818652894347906
414,0812.png#patch0022,25.52223014831543,0.743286669254303,0.9478062987327576,0.0028039924800395966
415,0812.png#patch0023,29.881938934326172,0.8074530959129333,0.948444664478302,0.0010275570675730705
416,0812.png#patch0024,31.09279441833496,0.8668937087059021,0.9745115637779236,0.0007775358972139657
417,0812.png#patch0025,33.88581085205078,0.8574010729789734,0.9703629016876221,0.0004087131528649479
418,0812.png#patch0026,30.312881469726562,0.8096564412117004,0.9558628797531128,0.0009304900886490941
419,0812.png#patch0027,26.892425537109375,0.7885602116584778,0.9561057090759277,0.002045301254838705
420,0812.png#patch0028,27.046829223632812,0.7079607248306274,0.9242435693740845,0.00197386322543025
421,0812.png#patch0029,26.703474044799805,0.7412704229354858,0.9353521466255188,0.0021362516563385725
422,0812.png#patch0030,27.634214401245117,0.7675646543502808,0.9502936005592346,0.0017241635359823704
423,0812.png#patch0031,26.763999938964844,0.8142313957214355,0.9566317200660706,0.0021066865883767605
424,0812.png#patch0032,27.67286491394043,0.8371924161911011,0.9612658619880676,0.0017088874010369182
425,0812.png#patch0033,25.851181030273438,0.7737033367156982,0.94537752866745,0.002599452156573534
426,0812.png#patch0034,27.502561569213867,0.7868350148200989,0.9456833004951477,0.0017772297142073512
427,0812.png#patch0035,28.673765182495117,0.6577879786491394,0.9280359745025635,0.0013571359449997544
428,0812.png#patch0036,26.477449417114258,0.6318510174751282,0.9235541224479675,0.0022503756918013096
429,0812.png#patch0037,26.45149040222168,0.6524738669395447,0.9291756749153137,0.0022638668306171894
430,0812.png#patch0038,25.82207679748535,0.6511918902397156,0.9232065081596375,0.0026169312186539173
431,0812.png#patch0039,27.268051147460938,0.6980661153793335,0.9347816109657288,0.001875835470855236
432,0812.png#patch0040,26.15873908996582,0.6443188786506653,0.9236450791358948,0.002421732060611248
433,0812.png#patch0041,26.54923439025879,0.6190152168273926,0.9163562655448914,0.002213484840467572
434,0813.png#patch0000,49.20100784301758,0.9946377277374268,0.9989649653434753,1.2019858331768773e-05
435,0813.png#patch0001,39.149173736572266,0.9871810078620911,0.9974992871284485,0.00012164162762928754
436,0813.png#patch0002,32.78331756591797,0.9579932689666748,0.9912703037261963,0.0005268272943794727
437,0813.png#patch0003,32.317657470703125,0.9222490787506104,0.9849249720573425,0.0005864539416506886
438,0813.png#patch0004,36.76356887817383,0.9641658663749695,0.9918000102043152,0.00021068945352453738
439,0813.png#patch0005,37.46476364135742,0.9850430488586426,0.9953908920288086,0.00017927649605553597
440,0813.png#patch0006,35.47638702392578,0.9256438612937927,0.9875649809837341,0.0002833748294506222
441,0813.png#patch0007,40.422828674316406,0.9773147106170654,0.9959185123443604,9.072291140910238e-05
442,0813.png#patch0008,35.8251953125,0.9700577855110168,0.9934165477752686,0.0002615050761960447
443,0813.png#patch0009,25.80169677734375,0.7944635152816772,0.9580745697021484,0.002629239344969392
444,0813.png#patch0010,24.0848445892334,0.7169951796531677,0.9392068386077881,0.003904051147401333
445,0813.png#patch0011,28.39737319946289,0.8582411408424377,0.9701293706893921,0.0014463136903941631
446,0813.png#patch0012,37.287841796875,0.9675049185752869,0.992862343788147,0.00018673064187169075
447,0813.png#patch0013,34.118736267089844,0.957001805305481,0.9930102229118347,0.0003873699752148241
448,0813.png#patch0014,36.3698616027832,0.9166243076324463,0.9864979386329651,0.0002306820242665708
449,0813.png#patch0015,32.66398239135742,0.9167540073394775,0.9866172075271606,0.0005415037740021944
450,0813.png#patch0016,28.977863311767578,0.8072683811187744,0.9653704762458801,0.0012653580633923411
451,0813.png#patch0017,25.130800247192383,0.7472031712532043,0.9493680000305176,0.003068455494940281
452,0813.png#patch0018,30.922067642211914,0.8884766697883606,0.9790499210357666,0.0008087105234153569
453,0813.png#patch0019,29.030027389526367,0.848619282245636,0.9707484245300293,0.0012502508470788598
454,0813.png#patch0020,31.88286590576172,0.9071074724197388,0.9855226278305054,0.0006482065073214471
455,0813.png#patch0021,36.554359436035156,0.8970513939857483,0.9868422150611877,0.00022108732082415372
456,0813.png#patch0022,36.53153610229492,0.8653078675270081,0.9797145128250122,0.00022225237626116723
457,0813.png#patch0023,30.46259117126465,0.8394809365272522,0.9741706848144531,0.0008989606285467744
458,0813.png#patch0024,29.97394561767578,0.8607502579689026,0.9775771498680115,0.00100601720623672
459,0813.png#patch0025,28.971248626708984,0.8043543696403503,0.9658859372138977,0.001267286716029048
460,0813.png#patch0026,32.27973556518555,0.8225157856941223,0.9706836938858032,0.0005915974033996463
461,0813.png#patch0027,36.071510314941406,0.9026195406913757,0.9849042296409607,0.00024708639830350876
462,0813.png#patch0028,36.9676628112793,0.8953782320022583,0.9863768219947815,0.00020101742120459676
463,0813.png#patch0029,37.06940460205078,0.8807650804519653,0.9843143224716187,0.00019636291835922748
464,0813.png#patch0030,33.1019172668457,0.8917960524559021,0.9823409914970398,0.0004895624588243663
465,0813.png#patch0031,29.461071014404297,0.8539355397224426,0.9750003218650818,0.0011321206111460924
466,0813.png#patch0032,28.75018310546875,0.806281566619873,0.965729832649231,0.0013334646355360746
467,0813.png#patch0033,31.39356231689453,0.8377320170402527,0.9735903143882751,0.0007255104137584567
468,0813.png#patch0034,34.57741165161133,0.9000997543334961,0.9831716418266296,0.0003485447959974408
469,0814.png#patch0000,56.20541763305664,0.997420608997345,0.999622106552124,2.3958407382451696e-06
470,0814.png#patch0001,56.02820587158203,0.9976513981819153,0.9995667338371277,2.4956254947028356e-06
471,0814.png#patch0002,56.962013244628906,0.9978421330451965,0.9996755123138428,2.0127909010625444e-06
472,0814.png#patch0003,46.4149169921875,0.9968768954277039,0.9993575215339661,2.2830105081084184e-05
473,0814.png#patch0004,57.00453567504883,0.9978051781654358,0.9996693134307861,1.9931787846871885e-06
474,0814.png#patch0005,56.31059646606445,0.9974700212478638,0.9996288418769836,2.338513240829343e-06
475,0814.png#patch0006,55.95905685424805,0.9972782135009766,0.9996063113212585,2.5356778223795118e-06
476,0814.png#patch0007,56.113250732421875,0.9973239302635193,0.9996088147163391,2.4472290078847436e-06
477,0814.png#patch0008,56.27724075317383,0.9974257946014404,0.999622106552124,2.3565451101603685e-06
478,0814.png#patch0009,56.08018493652344,0.9973281621932983,0.9996212124824524,2.4659334485477302e-06
479,0814.png#patch0010,55.095375061035156,0.9966592788696289,0.9995492100715637,3.0935862014302984e-06
480,0814.png#patch0011,54.76251220703125,0.9964118003845215,0.9995051622390747,3.340016746733454e-06
481,0814.png#patch0012,54.830772399902344,0.996460497379303,0.9995148777961731,3.287928620920866e-06
482,0814.png#patch0013,54.577728271484375,0.9962815046310425,0.9995003938674927,3.4851921100198524e-06
483,0814.png#patch0014,54.16473388671875,0.995823860168457,0.9994198083877563,3.832892161881318e-06
484,0814.png#patch0015,54.25034713745117,0.9958876967430115,0.9994313716888428,3.7580700791295385e-06
485,0814.png#patch0016,54.05841064453125,0.9957103133201599,0.9994088411331177,3.927882971765939e-06
486,0814.png#patch0017,28.925148010253906,0.8976954221725464,0.9769895672798157,0.001280811382457614
487,0814.png#patch0018,27.157211303710938,0.8464049696922302,0.9666240215301514,0.0019243271090090275
488,0814.png#patch0019,28.032695770263672,0.8759682774543762,0.9711390733718872,0.0015730051090940833
489,0814.png#patch0020,46.376922607421875,0.9928506016731262,0.9988479614257812,2.3030725060380064e-05
490,0814.png#patch0021,29.84136199951172,0.9121641516685486,0.9805485606193542,0.001037202775478363
491,0814.png#patch0022,24.569446563720703,0.718402624130249,0.9333565831184387,0.003491847775876522
492,0814.png#patch0023,21.92107391357422,0.628955602645874,0.9003698825836182,0.0064252871088683605
493,0814.png#patch0024,24.46727752685547,0.7343605756759644,0.930261492729187,0.003574968548491597
494,0814.png#patch0025,24.47688865661621,0.7317534685134888,0.937511146068573,0.003567066043615341
495,0814.png#patch0026,25.84602165222168,0.8094203472137451,0.9562235474586487,0.00260254112072289
496,0814.png#patch0027,23.95220947265625,0.7330580353736877,0.926372230052948,0.004025121685117483
497,0814.png#patch0028,30.00893211364746,0.899614691734314,0.9767560362815857,0.0009979448514059186
498,0814.png#patch0029,25.456729888916016,0.7767899632453918,0.9460508227348328,0.0028466028161346912
499,0814.png#patch0030,24.307201385498047,0.7488353848457336,0.9462820291519165,0.0037091963458806276
500,0814.png#patch0031,24.519384384155273,0.7283986210823059,0.9402433633804321,0.003532331669703126
501,0814.png#patch0032,24.288612365722656,0.6979957222938538,0.9380897879600525,0.0037251063622534275
502,0814.png#patch0033,26.106691360473633,0.7987023591995239,0.9518705606460571,0.0024509287904947996
503,0814.png#patch0034,25.87889289855957,0.761300802230835,0.9436587691307068,0.002582917222753167
504,0815.png#patch0000,41.108917236328125,0.9620161652565002,0.9944276213645935,7.746548362774774e-05
505,0815.png#patch0001,43.77878189086914,0.9657939672470093,0.9958124756813049,4.189106766716577e-05
506,0815.png#patch0002,42.6884765625,0.9596658945083618,0.9947248697280884,5.384583710110746e-05
507,0815.png#patch0003,42.34296417236328,0.9625622034072876,0.9948338270187378,5.8304660342400894e-05
508,0815.png#patch0004,42.25944137573242,0.9611050486564636,0.994821310043335,5.9436835726955906e-05
509,0815.png#patch0005,32.49065399169922,0.9016310572624207,0.9789670705795288,0.0005635526031255722
510,0815.png#patch0006,44.55517578125,0.9677573442459106,0.9960447549819946,3.503340121824294e-05
511,0815.png#patch0007,44.10923767089844,0.9663597941398621,0.995976448059082,3.8821828638901934e-05
512,0815.png#patch0008,43.98148727416992,0.9642065763473511,0.9960706233978271,3.998074316768907e-05
513,0815.png#patch0009,43.6515007019043,0.9614898562431335,0.995312511920929,4.313697718316689e-05
514,0815.png#patch0010,41.376914978027344,0.9583473205566406,0.9943073987960815,7.282963633770123e-05
515,0815.png#patch0011,40.45697784423828,0.95658940076828,0.9940075278282166,9.001229773275554e-05
516,0815.png#patch0012,41.9322395324707,0.9691269993782043,0.9962032437324524,6.408787885447964e-05
517,0815.png#patch0013,42.71330261230469,0.9606837034225464,0.9951663613319397,5.353892265702598e-05
518,0815.png#patch0014,43.7726936340332,0.9638054966926575,0.9954457879066467,4.1949853766709566e-05
519,0815.png#patch0015,42.421634674072266,0.9652206301689148,0.9961334466934204,5.725803566747345e-05
520,0815.png#patch0016,33.901954650878906,0.898023247718811,0.9806276559829712,0.00040719661046750844
521,0815.png#patch0017,31.919719696044922,0.8108037710189819,0.9555414915084839,0.0006427289918065071
522,0815.png#patch0018,29.09061050415039,0.7089203596115112,0.9370936155319214,0.0012329313904047012
523,0815.png#patch0019,33.85682678222656,0.9023544788360596,0.9839251041412354,0.0004114501643925905
524,0815.png#patch0020,43.6363525390625,0.9613564610481262,0.9956977963447571,4.3287705921102315e-05
525,0815.png#patch0021,40.74696350097656,0.963810920715332,0.9951680302619934,8.419833466177806e-05
526,0815.png#patch0022,40.870216369628906,0.9604973793029785,0.9948314428329468,8.184243051800877e-05
527,0815.png#patch0023,42.231346130371094,0.9623433947563171,0.9955532550811768,5.9822603361681104e-05
528,0815.png#patch0024,37.53954315185547,0.9370375871658325,0.990964949131012,0.00017621609731577337
529,0815.png#patch0025,39.31672668457031,0.9587818384170532,0.9942489266395569,0.00011703806376317516
530,0815.png#patch0026,36.26072311401367,0.9344518780708313,0.9889039397239685,0.00023655239783693105
531,0815.png#patch0027,43.38072204589844,0.966169536113739,0.996082067489624,4.59121547464747e-05
532,0815.png#patch0028,29.28519630432129,0.8862892389297485,0.9785079956054688,0.0011789088603109121
533,0815.png#patch0029,31.986289978027344,0.9038559794425964,0.9829882979393005,0.0006329522584564984
534,0815.png#patch0030,29.492204666137695,0.8917163014411926,0.9800606369972229,0.0011240339372307062
535,0815.png#patch0031,31.49854278564453,0.8955638408660889,0.9827356934547424,0.0007081832736730576
536,0815.png#patch0032,35.055233001708984,0.9404228329658508,0.9899042844772339,0.0003122315101791173
537,0815.png#patch0033,32.89130401611328,0.8950455784797668,0.9793657064437866,0.0005138891865499318
538,0815.png#patch0034,39.7554931640625,0.9543973207473755,0.9932699203491211,0.0001057914414559491
539,0816.png#patch0000,30.729602813720703,0.7926310896873474,0.9520635604858398,0.0008453559712506831
540,0816.png#patch0001,29.848451614379883,0.8092040419578552,0.9603179693222046,0.0010355107951909304
541,0816.png#patch0002,34.770389556884766,0.9631749987602234,0.9935411810874939,0.00033339619403705
542,0816.png#patch0003,32.721614837646484,0.8496383428573608,0.9674287438392639,0.0005343655357137322
543,0816.png#patch0004,33.26165008544922,0.9178994297981262,0.9847722053527832,0.00047188339522108436
544,0816.png#patch0005,41.656944274902344,0.9795180559158325,0.9958882331848145,6.828187906648964e-05
545,0816.png#patch0006,36.51155090332031,0.9525339007377625,0.9892556071281433,0.00022327735496219248
546,0816.png#patch0007,31.905149459838867,0.8974090814590454,0.9789292216300964,0.0006448887288570404
547,0816.png#patch0008,31.080005645751953,0.8583849668502808,0.9696127772331238,0.0007798288716003299
548,0816.png#patch0009,30.631994247436523,0.831180214881897,0.9656461477279663,0.0008645709021948278
549,0816.png#patch0010,32.506046295166016,0.8723912835121155,0.9770336747169495,0.0005615588743239641
550,0816.png#patch0011,31.687152862548828,0.8625257611274719,0.9730297327041626,0.0006780857220292091
551,0816.png#patch0012,29.833274841308594,0.7954598665237427,0.960632860660553,0.0010391362011432648
552,0816.png#patch0013,30.858736038208008,0.798017144203186,0.9580396413803101,0.0008205902413465083
553,0816.png#patch0014,31.851076126098633,0.836857795715332,0.9677088856697083,0.0006529685342684388
554,0816.png#patch0015,30.07965660095215,0.8054358959197998,0.9636017680168152,0.0009818249382078648
555,0816.png#patch0016,29.51870346069336,0.776135265827179,0.9568355083465576,0.0011171960504725575
556,0816.png#patch0017,33.07402420043945,0.8594252467155457,0.973986804485321,0.0004927166737616062
557,0816.png#patch0018,31.41933250427246,0.8194844126701355,0.9634845852851868,0.0007212181808426976
558,0816.png#patch0019,32.136810302734375,0.8353489637374878,0.9685847163200378,0.0006113909767009318
559,0816.png#patch0020,31.713857650756836,0.8049502968788147,0.963036835193634,0.0006739290547557175
560,0816.png#patch0021,34.00861740112305,0.8948683142662048,0.9762532114982605,0.00039731766446493566
561,0816.png#patch0022,30.547061920166016,0.8069355487823486,0.9601342082023621,0.0008816447225399315
562,0816.png#patch0023,30.144123077392578,0.7783308029174805,0.9490146636962891,0.0009673585300333798
563,0816.png#patch0024,31.11831283569336,0.8115954995155334,0.9631766080856323,0.0007729806238785386
564,0816.png#patch0025,31.539993286132812,0.8042770028114319,0.9571493864059448,0.00070145633071661
565,0816.png#patch0026,33.09595489501953,0.8466200232505798,0.9722149968147278,0.0004902347573079169
566,0816.png#patch0027,32.25857162475586,0.8109543919563293,0.9634202122688293,0.0005944874137639999
567,0816.png#patch0028,37.44997787475586,0.8990014791488647,0.9775769710540771,0.00017988790932577103
568,0816.png#patch0029,33.54482650756836,0.8605309724807739,0.9714264273643494,0.0004420967889018357
569,0816.png#patch0030,31.27178192138672,0.8058303594589233,0.9580361247062683,0.0007461421191692352
570,0816.png#patch0031,29.970718383789062,0.7882293462753296,0.9532597064971924,0.001006764592602849
571,0816.png#patch0032,30.882110595703125,0.8118860125541687,0.957076907157898,0.0008161854930222034
572,0816.png#patch0033,32.18425750732422,0.8378278017044067,0.9632895588874817,0.0006047476199455559
573,0816.png#patch0034,33.833229064941406,0.8985511660575867,0.9799848198890686,0.0004136918287258595
574,0817.png#patch0000,39.90437698364258,0.9531455636024475,0.9936323165893555,0.0001022261640173383
575,0817.png#patch0001,38.13737869262695,0.9299338459968567,0.990421712398529,0.00015355432697106153
576,0817.png#patch0002,41.41532897949219,0.9594669938087463,0.9930670857429504,7.218834798550233e-05
577,0817.png#patch0003,40.26493835449219,0.9667348861694336,0.9928692579269409,9.408185724169016e-05
578,0817.png#patch0004,36.897953033447266,0.9284050464630127,0.9886084198951721,0.00020426993432920426
579,0817.png#patch0005,35.26357650756836,0.9174543023109436,0.9896100759506226,0.00029760642792098224
580,0817.png#patch0006,33.856239318847656,0.8885994553565979,0.9829862117767334,0.0004115056653972715
581,0817.png#patch0007,41.19272232055664,0.9622167348861694,0.9933468699455261,7.598496449645609e-05
582,0817.png#patch0008,36.433189392089844,0.9261354207992554,0.984481930732727,0.00022734269441571087
583,0817.png#patch0009,35.55643844604492,0.9189065098762512,0.9817216992378235,0.00027819929528050125
584,0817.png#patch0010,30.774822235107422,0.8427184224128723,0.9691430330276489,0.0008365995017811656
585,0817.png#patch0011,30.29608917236328,0.8430862426757812,0.9711241126060486,0.0009340947726741433
586,0817.png#patch0012,31.357086181640625,0.8512055277824402,0.9703606963157654,0.0007316295523196459
587,0817.png#patch0013,30.120269775390625,0.7997322082519531,0.9649463891983032,0.0009726863936521113
588,0817.png#patch0014,38.76005172729492,0.955955982208252,0.9931287169456482,0.00013304382446222007
589,0817.png#patch0015,34.064842224121094,0.8903036713600159,0.982763409614563,0.00039220720645971596
590,0817.png#patch0016,33.52805709838867,0.8756090402603149,0.9792983531951904,0.0004438069590833038
591,0817.png#patch0017,29.503915786743164,0.8017904162406921,0.9621641039848328,0.0011210067896172404
592,0817.png#patch0018,26.20374870300293,0.800126314163208,0.9583073854446411,0.002396762603893876
593,0817.png#patch0019,32.32594680786133,0.8756999969482422,0.9767259955406189,0.0005853358306922019
594,0817.png#patch0020,31.130416870117188,0.7958675622940063,0.9626531004905701,0.0007708294433541596
595,0817.png#patch0021,39.4407844543457,0.9541175365447998,0.9934512376785278,0.00011374217865522951
596,0817.png#patch0022,29.221811294555664,0.7942619323730469,0.9624682068824768,0.0011962410062551498
597,0817.png#patch0023,28.331684112548828,0.7647501230239868,0.9509775638580322,0.0014683568151667714
598,0817.png#patch0024,28.51341438293457,0.785796582698822,0.9578824043273926,0.0014081813860684633
599,0817.png#patch0025,31.191524505615234,0.8484364151954651,0.9713824391365051,0.0007600592216476798
600,0817.png#patch0026,31.629520416259766,0.8452170491218567,0.9731362462043762,0.0006871439982205629
601,0817.png#patch0027,36.272300720214844,0.9410689473152161,0.9908381104469299,0.00023592280922457576
602,0817.png#patch0028,45.48759460449219,0.9705918431282043,0.9955419898033142,2.8264425054658204e-05
603,0817.png#patch0029,37.51430892944336,0.9221362471580505,0.9892625212669373,0.00017724298231769353
604,0817.png#patch0030,33.446502685546875,0.8835676908493042,0.9827251434326172,0.0004522199451457709
605,0817.png#patch0031,40.7850341796875,0.9792025685310364,0.9967924356460571,8.346346294274554e-05
606,0817.png#patch0032,32.095130920410156,0.8851353526115417,0.9761149287223816,0.0006172862485982478
607,0817.png#patch0033,30.667173385620117,0.8123024702072144,0.969085156917572,0.0008575955871492624
608,0817.png#patch0034,34.408042907714844,0.8985708951950073,0.9845030307769775,0.0003624061937443912
609,0817.png#patch0035,45.17222213745117,0.9684821367263794,0.9951218962669373,3.0393293855013326e-05
610,0817.png#patch0036,44.32320022583008,0.9730781316757202,0.9956883788108826,3.695557825267315e-05
611,0817.png#patch0037,47.72544479370117,0.986016571521759,0.9978845715522766,1.688321935944259e-05
612,0817.png#patch0038,50.316558837890625,0.9900018572807312,0.9985411763191223,9.297021279053297e-06
613,0817.png#patch0039,39.84587860107422,0.9453461766242981,0.9903552532196045,0.00010361240128986537
614,0817.png#patch0040,35.86301040649414,0.9122593998908997,0.9831323623657227,0.00025923800421878695
615,0817.png#patch0041,35.49208450317383,0.9189594984054565,0.9873610138893127,0.00028235226636752486
616,0818.png#patch0000,53.41914367675781,0.9952799081802368,0.9990839958190918,4.55077633887413e-06
617,0818.png#patch0001,52.34959411621094,0.9943010807037354,0.9989489912986755,5.8215759963786695e-06
618,0818.png#patch0002,52.387542724609375,0.9941734671592712,0.9988934993743896,5.770925326942233e-06
619,0818.png#patch0003,52.50217056274414,0.9941521883010864,0.9988828301429749,5.620599949907046e-06
620,0818.png#patch0004,38.4250373840332,0.985035240650177,0.9974074959754944,0.00014371296856552362
621,0818.png#patch0005,38.11589050292969,0.9808588624000549,0.9964563846588135,0.0001543160033179447
622,0818.png#patch0006,52.026214599609375,0.9934853911399841,0.998712420463562,6.271598977036774e-06
623,0818.png#patch0007,55.57670593261719,0.9971193075180054,0.9994478821754456,2.7690389288181905e-06
624,0818.png#patch0008,53.57982635498047,0.9953605532646179,0.9991176724433899,4.385480224300409e-06
625,0818.png#patch0009,40.34026336669922,0.9862404465675354,0.9977606534957886,9.246418630937114e-05
626,0818.png#patch0010,38.00444030761719,0.9813086986541748,0.9948614239692688,0.00015832736971788108
627,0818.png#patch0011,32.81269073486328,0.954780638217926,0.9897613525390625,0.0005232757539488375
628,0818.png#patch0012,32.504547119140625,0.9541417360305786,0.9913231134414673,0.0005617527640424669
629,0818.png#patch0013,37.58599853515625,0.9802893400192261,0.9965161085128784,0.00017434125766158104
630,0818.png#patch0014,34.99211120605469,0.9738255143165588,0.9954620003700256,0.0003168026451021433
631,0818.png#patch0015,37.237083435058594,0.973260760307312,0.9948661923408508,0.00018892581283580512
632,0818.png#patch0016,32.075740814208984,0.947678804397583,0.9899881482124329,0.0006200486677698791
633,0818.png#patch0017,28.44034194946289,0.8789450526237488,0.9719874858856201,0.0014320742338895798
634,0818.png#patch0018,26.810243606567383,0.8638217449188232,0.970279335975647,0.002084373962134123
635,0818.png#patch0019,24.927387237548828,0.8209692239761353,0.9625003933906555,0.003215593285858631
636,0818.png#patch0020,28.56946563720703,0.8813565373420715,0.976757824420929,0.001390123157761991
637,0818.png#patch0021,28.74616241455078,0.8861446380615234,0.9777187705039978,0.001334700151346624
638,0818.png#patch0022,29.868122100830078,0.8841613531112671,0.9761295914649963,0.0010308317141607404
639,0818.png#patch0023,26.513629913330078,0.8318051099777222,0.9639817476272583,0.002231706166639924
640,0818.png#patch0024,25.14948844909668,0.8181039690971375,0.9608381986618042,0.0030552807729691267
641,0818.png#patch0025,24.398128509521484,0.7876479029655457,0.9577118158340454,0.003632345236837864
642,0818.png#patch0026,26.90568733215332,0.846116304397583,0.9714537262916565,0.002039065584540367
643,0818.png#patch0027,27.899845123291016,0.9041900038719177,0.9809567928314209,0.0016218670643866062
644,0818.png#patch0028,27.29227638244629,0.8448648452758789,0.9668285250663757,0.001865400467067957
645,0818.png#patch0029,26.050689697265625,0.8008120656013489,0.955538809299469,0.002482739044353366
646,0818.png#patch0030,26.473804473876953,0.805289626121521,0.9597375392913818,0.0022522651124745607
647,0818.png#patch0031,24.956693649291992,0.7687738537788391,0.9532070159912109,0.0031939672771841288
648,0818.png#patch0032,23.642353057861328,0.7483877539634705,0.9484241604804993,0.004322793800383806
649,0818.png#patch0033,27.365276336669922,0.8479802012443542,0.9698352813720703,0.0018343082629144192
650,0818.png#patch0034,28.102815628051758,0.8716634511947632,0.9739720225334167,0.0015478120185434818
651,0818.png#patch0035,35.30535125732422,0.9400237202644348,0.9877182245254517,0.00029475733754225075
652,0818.png#patch0036,30.405986785888672,0.8920160531997681,0.9738764762878418,0.0009107543155550957
653,0818.png#patch0037,31.669328689575195,0.891656219959259,0.9746106266975403,0.0006808743346482515
654,0818.png#patch0038,32.79550552368164,0.9058048725128174,0.9802295565605164,0.000525350624229759
655,0818.png#patch0039,33.2865104675293,0.9116940498352051,0.9830682873725891,0.00046919003943912685
656,0818.png#patch0040,32.745819091796875,0.9196224212646484,0.9844011664390564,0.0005313953151926398
657,0818.png#patch0041,33.56002426147461,0.913275957107544,0.9826638698577881,0.0004405523359309882
658,0819.png#patch0000,40.15578842163086,0.9722109436988831,0.9937670826911926,9.6476411272306e-05
659,0819.png#patch0001,38.86431121826172,0.9568338394165039,0.9877537488937378,0.00012988784874323756
660,0819.png#patch0002,36.60573959350586,0.9483345150947571,0.9880236983299255,0.00021848705364391208
661,0819.png#patch0003,34.95732116699219,0.9307956099510193,0.9837391972541809,0.00031935045262798667
662,0819.png#patch0004,37.30992126464844,0.9513761401176453,0.9891771674156189,0.00018578385061118752
663,0819.png#patch0005,34.708892822265625,0.9381433129310608,0.986276388168335,0.00033815077040344477
664,0819.png#patch0006,37.92599105834961,0.9753597378730774,0.9947156310081482,0.00016121334920171648
665,0819.png#patch0007,35.28854751586914,0.9255602955818176,0.9827925562858582,0.0002959002449642867
666,0819.png#patch0008,30.83777618408203,0.884061336517334,0.9750284552574158,0.0008245600038208067
667,0819.png#patch0009,28.882102966308594,0.8561723232269287,0.9729558825492859,0.001293569221161306
668,0819.png#patch0010,29.896509170532227,0.8793627619743347,0.9753628969192505,0.0010241157142445445
669,0819.png#patch0011,32.676937103271484,0.8990219831466675,0.9780879020690918,0.0005398911889642477
670,0819.png#patch0012,29.365150451660156,0.8487220406532288,0.967953622341156,0.0011574036907404661
671,0819.png#patch0013,35.71934509277344,0.9575302600860596,0.9911627173423767,0.0002679570752661675
672,0819.png#patch0014,32.378353118896484,0.8220338225364685,0.9524996280670166,0.0005783149390481412
673,0819.png#patch0015,28.695531845092773,0.8124069571495056,0.958544135093689,0.0013503507943823934
674,0819.png#patch0016,29.655351638793945,0.8553532958030701,0.9666972160339355,0.0010825920617207885
675,0819.png#patch0017,30.724044799804688,0.857966423034668,0.97197026014328,0.0008464385173283517
676,0819.png#patch0018,30.44625473022461,0.8775429725646973,0.97584068775177,0.0009023488382808864
677,0819.png#patch0019,30.54938507080078,0.8814160823822021,0.9763261079788208,0.0008811736479401588
678,0819.png#patch0020,31.85426902770996,0.9191402792930603,0.9834368228912354,0.0006524885538965464
679,0819.png#patch0021,27.667795181274414,0.6939206123352051,0.9243513941764832,0.0017108829924836755
680,0819.png#patch0022,26.44936180114746,0.7007824182510376,0.9360805749893188,0.002264976967126131
681,0819.png#patch0023,27.380895614624023,0.7453213334083557,0.9454980492591858,0.0018277221824973822
682,0819.png#patch0024,26.80628776550293,0.7049078941345215,0.9371873736381531,0.00208627269603312
683,0819.png#patch0025,29.198637008666992,0.852142333984375,0.9677219390869141,0.0012026414042338729
684,0819.png#patch0026,30.962671279907227,0.8605800867080688,0.9717153310775757,0.0008011847385205328
685,0819.png#patch0027,30.24122428894043,0.8705471754074097,0.9734313488006592,0.0009459700668230653
686,0819.png#patch0028,24.69710922241211,0.5853219032287598,0.8946231007575989,0.003390696831047535
687,0819.png#patch0029,24.701366424560547,0.6332564353942871,0.9236707091331482,0.0033873741049319506
688,0819.png#patch0030,26.43912696838379,0.706929087638855,0.943006157875061,0.0022703204303979874
689,0819.png#patch0031,26.02503204345703,0.6836917996406555,0.9347383975982666,0.0024974490515887737
690,0819.png#patch0032,26.407203674316406,0.6692634224891663,0.9217780828475952,0.0022870709653943777
691,0819.png#patch0033,26.954975128173828,0.7022057771682739,0.9296888709068298,0.0020160546991974115
692,0819.png#patch0034,27.54656410217285,0.7429915070533752,0.9435818791389465,0.0017593145603314042
693,0820.png#patch0000,24.275354385375977,0.8030664324760437,0.9502490758895874,0.003736495738849044
694,0820.png#patch0001,23.7160587310791,0.8350371718406677,0.9591764211654663,0.00425005005672574
695,0820.png#patch0002,23.62652587890625,0.8584393262863159,0.9667667746543884,0.0043385764583945274
696,0820.png#patch0003,22.143285751342773,0.7686905860900879,0.9494861960411072,0.00610479898750782
697,0820.png#patch0004,22.92125701904297,0.8267238736152649,0.9645958542823792,0.005103571340441704
698,0820.png#patch0005,24.363435745239258,0.8876377940177917,0.9769054055213928,0.0036614772398024797
699,0820.png#patch0006,22.770299911499023,0.8511645197868347,0.970950186252594,0.005284087732434273
700,0820.png#patch0007,24.88303565979004,0.7743594646453857,0.9461444020271301,0.003248601220548153
701,0820.png#patch0008,26.676191329956055,0.7840569615364075,0.9528180360794067,0.0021497143898159266
702,0820.png#patch0009,26.175710678100586,0.7820211052894592,0.9525436162948608,0.002412286587059498
703,0820.png#patch0010,24.97905158996582,0.7912457585334778,0.9566345810890198,0.003177566919475794
704,0820.png#patch0011,24.981233596801758,0.8303049802780151,0.9643995761871338,0.003175971331074834
705,0820.png#patch0012,22.812376022338867,0.7762335538864136,0.9475380182266235,0.005233139265328646
706,0820.png#patch0013,22.33858299255371,0.7806776165962219,0.9479176998138428,0.005836353171616793
707,0820.png#patch0014,27.620756149291992,0.8494160175323486,0.9653275012969971,0.0017295152647420764
708,0820.png#patch0015,30.002832412719727,0.8581541180610657,0.9711818695068359,0.0009993478888645768
709,0820.png#patch0016,24.901020050048828,0.7028021216392517,0.929397702217102,0.003235175972804427
710,0820.png#patch0017,26.81960105895996,0.7864626049995422,0.9562823176383972,0.002079887082800269
711,0820.png#patch0018,26.30050277709961,0.8065943717956543,0.9570781588554382,0.002343956381082535
712,0820.png#patch0019,23.880388259887695,0.7364726662635803,0.9250400066375732,0.0040922402404248714
713,0820.png#patch0020,22.652687072753906,0.6428679823875427,0.9010870456695557,0.005429140292108059
714,0820.png#patch0021,28.380741119384766,0.8233932256698608,0.9575438499450684,0.0014518637908622622
715,0820.png#patch0022,27.939037322998047,0.8673127889633179,0.9764489531517029,0.0016072971047833562
716,0820.png#patch0023,29.092273712158203,0.8692711591720581,0.9686921238899231,0.001232459326274693
717,0820.png#patch0024,25.742717742919922,0.768436074256897,0.9398747682571411,0.0026651888620108366
718,0820.png#patch0025,26.853286743164062,0.7802138924598694,0.9529756307601929,0.002063817111775279
719,0820.png#patch0026,24.833662033081055,0.7278522849082947,0.9391242861747742,0.003285745158791542
720,0820.png#patch0027,24.629905700683594,0.6610919237136841,0.9171974658966064,0.003443573135882616
721,0820.png#patch0028,25.392566680908203,0.725782036781311,0.9388304352760315,0.0028889712411910295
722,0820.png#patch0029,25.929367065429688,0.7768595218658447,0.9505718350410461,0.002553073223680258
723,0820.png#patch0030,24.866037368774414,0.739437997341156,0.9407357573509216,0.003261340782046318
724,0820.png#patch0031,23.906909942626953,0.7312408089637756,0.9406977891921997,0.004067325033247471
725,0820.png#patch0032,23.49445915222168,0.6780897974967957,0.9220923185348511,0.004472535569220781
726,0820.png#patch0033,24.039751052856445,0.5909601449966431,0.897118330001831,0.003944797907024622
727,0820.png#patch0034,23.585405349731445,0.6237465143203735,0.8982980847358704,0.0043798526749014854
728,0821.png#patch0000,29.858957290649414,0.9271124601364136,0.9884588718414307,0.0010330090299248695
729,0821.png#patch0001,28.64192771911621,0.9028828144073486,0.9843488931655884,0.0013671212363988161
730,0821.png#patch0002,29.71442222595215,0.8860755562782288,0.9791135191917419,0.001067966572009027
731,0821.png#patch0003,28.5020809173584,0.9199857711791992,0.9857214689254761,0.0014118601102381945
732,0821.png#patch0004,29.76398468017578,0.9140855669975281,0.9829557538032532,0.0010558480862528086
733,0821.png#patch0005,30.523014068603516,0.9273548722267151,0.9865591526031494,0.0008865403360687196
734,0821.png#patch0006,30.77472496032715,0.9060794115066528,0.9810308218002319,0.0008366184192709625
735,0821.png#patch0007,27.303863525390625,0.8339331746101379,0.9705836176872253,0.001860430696979165
736,0821.png#patch0008,27.159801483154297,0.8690391778945923,0.9775698781013489,0.0019231789046898484
737,0821.png#patch0009,29.472042083740234,0.9116813540458679,0.9841224551200867,0.0011292644776403904
738,0821.png#patch0010,28.90300178527832,0.8925451636314392,0.9798588156700134,0.001287359045818448
739,0821.png#patch0011,27.940319061279297,0.858331024646759,0.9715588092803955,0.001606823061592877
740,0821.png#patch0012,30.052627563476562,0.9068548679351807,0.9824610948562622,0.0009879549033939838
741,0821.png#patch0013,29.858078002929688,0.9273679852485657,0.9863630533218384,0.001033218577504158
742,0821.png#patch0014,26.675235748291016,0.847015917301178,0.9704428315162659,0.002150187501683831
743,0821.png#patch0015,26.211210250854492,0.8334583044052124,0.9640451073646545,0.0023926477879285812
744,0821.png#patch0016,28.025714874267578,0.8585904240608215,0.9722427129745483,0.001575535861775279
745,0821.png#patch0017,29.209184646606445,0.8927329182624817,0.9788199067115784,0.001199723919853568
746,0821.png#patch0018,36.25501251220703,0.9626076817512512,0.9935355186462402,0.00023686383792664856
747,0821.png#patch0019,28.009363174438477,0.8711202144622803,0.9754579067230225,0.0015814790967851877
748,0821.png#patch0020,28.991884231567383,0.8894882798194885,0.9776658415794373,0.0012612800346687436
749,0821.png#patch0021,26.9547176361084,0.9006021618843079,0.9847343564033508,0.0020161746069788933
750,0821.png#patch0022,26.027597427368164,0.8676425218582153,0.9767223000526428,0.0024959747679531574
751,0821.png#patch0023,28.95599365234375,0.9027938842773438,0.9827137589454651,0.0012717463541775942
752,0821.png#patch0024,27.630563735961914,0.8676273226737976,0.9751034379005432,0.0017256136052310467
753,0821.png#patch0025,28.877302169799805,0.8903093934059143,0.9784417748451233,0.001294999965466559
754,0821.png#patch0026,27.96664810180664,0.8621560335159302,0.9732635021209717,0.001597110996954143
755,0821.png#patch0027,27.09050941467285,0.8622949123382568,0.9739534854888916,0.001954109640792012
756,0821.png#patch0028,29.764345169067383,0.9003537893295288,0.9846255779266357,0.0010557604255154729
757,0821.png#patch0029,27.943204879760742,0.8942407369613647,0.9838793277740479,0.001605754834599793
758,0821.png#patch0030,27.85365867614746,0.8736603856086731,0.9743856191635132,0.0016392080578953028
759,0821.png#patch0031,27.676807403564453,0.899596095085144,0.9822920560836792,0.001707336399704218
760,0821.png#patch0032,29.476083755493164,0.9025651812553406,0.9830706715583801,0.0011282142950221896
761,0821.png#patch0033,29.095294952392578,0.882398247718811,0.9782278537750244,0.0012316020438447595
762,0821.png#patch0034,27.697595596313477,0.840920627117157,0.9666018486022949,0.0016991840675473213
763,0822.png#patch0000,34.72472381591797,0.938917338848114,0.9864231944084167,0.00033692040597088635
764,0822.png#patch0001,34.686553955078125,0.9367825388908386,0.987319827079773,0.00033989473013207316
765,0822.png#patch0002,35.54011154174805,0.9509232044219971,0.9899561405181885,0.00027924703317694366
766,0822.png#patch0003,35.6035270690918,0.9280741214752197,0.9849092364311218,0.0002751993597485125
767,0822.png#patch0004,34.92218780517578,0.8899906277656555,0.975238025188446,0.00032194468076340854
768,0822.png#patch0005,36.537540435791016,0.9580419659614563,0.9918121695518494,0.00022194517077878118
769,0822.png#patch0006,34.379478454589844,0.9220303893089294,0.98282790184021,0.00036479756818152964
770,0822.png#patch0007,33.70192337036133,0.9224865436553955,0.9826553463935852,0.0004263906448613852
771,0822.png#patch0008,34.368675231933594,0.9274653792381287,0.9849244356155396,0.0003657061024568975
772,0822.png#patch0009,32.53447723388672,0.9006911516189575,0.9786621332168579,0.0005578946438618004
773,0822.png#patch0010,31.132104873657227,0.8619202375411987,0.9699515104293823,0.0007705299649387598
774,0822.png#patch0011,29.994417190551758,0.8285985589027405,0.9620477557182312,0.0010012858547270298
775,0822.png#patch0012,33.24666213989258,0.9161943197250366,0.9826143980026245,0.0004735149850603193
776,0822.png#patch0013,34.236942291259766,0.9247902631759644,0.9837914705276489,0.00037696887739002705
777,0822.png#patch0014,34.58153533935547,0.9289120435714722,0.9842657446861267,0.0003482140600681305
778,0822.png#patch0015,31.627649307250977,0.8580316305160522,0.971996009349823,0.0006874404498375952
779,0822.png#patch0016,31.00465965270996,0.8399628400802612,0.9668234586715698,0.0007934762397781014
780,0822.png#patch0017,29.8210391998291,0.7886171936988831,0.9556075930595398,0.0010420676553621888
781,0822.png#patch0018,30.77984619140625,0.7838788032531738,0.9543880224227905,0.0008356323814950883
782,0822.png#patch0019,28.177568435668945,0.765259861946106,0.9532855153083801,0.0015213986625894904
783,0822.png#patch0020,31.97949981689453,0.8472365736961365,0.9678625464439392,0.0006339427782222629
784,0822.png#patch0021,35.15230178833008,0.9357190132141113,0.9851259589195251,0.00030533000244759023
785,0822.png#patch0022,30.21573257446289,0.8317750692367554,0.9673086404800415,0.0009515388519503176
786,0822.png#patch0023,29.70166015625,0.8269357681274414,0.967592716217041,0.0010711096692830324
787,0822.png#patch0024,28.043209075927734,0.7531904578208923,0.9483418464660645,0.0015692024026066065
788,0822.png#patch0025,28.586416244506836,0.7357367873191833,0.9452359080314636,0.0013847080990672112
789,0822.png#patch0026,24.986717224121094,0.6523448824882507,0.9227828979492188,0.0031719631515443325
790,0822.png#patch0027,27.553668975830078,0.7782213091850281,0.9572619795799255,0.0017564381705597043
791,0822.png#patch0028,30.41769790649414,0.8546715974807739,0.9690650701522827,0.0009083017357625067
792,0822.png#patch0029,33.208778381347656,0.903761625289917,0.9800434112548828,0.0004776634450536221
793,0822.png#patch0030,31.443185806274414,0.8605849146842957,0.9736412167549133,0.0007172678597271442
794,0822.png#patch0031,28.803813934326172,0.8148300051689148,0.9650622010231018,0.0013170987367630005
795,0822.png#patch0032,27.39781379699707,0.78672856092453,0.9613144397735596,0.0018206171225756407
796,0822.png#patch0033,27.43564224243164,0.8053436279296875,0.9653605222702026,0.0018048272468149662
797,0822.png#patch0034,30.83867835998535,0.8769665956497192,0.9764525890350342,0.000824388989713043
798,0822.png#patch0035,30.2394962310791,0.8462833762168884,0.9673470258712769,0.0009463465539738536
799,0822.png#patch0036,31.17977523803711,0.8701790571212769,0.9726626873016357,0.000762118143029511
800,0822.png#patch0037,31.92810821533203,0.875546395778656,0.973853588104248,0.0006414887611754239
801,0822.png#patch0038,31.110218048095703,0.8485032320022583,0.9702443480491638,0.0007744228933006525
802,0822.png#patch0039,29.068586349487305,0.8302346467971802,0.9687367677688599,0.001239199424162507
803,0822.png#patch0040,29.529664993286133,0.8512107133865356,0.971694827079773,0.001114379963837564
804,0822.png#patch0041,32.804527282714844,0.9008902907371521,0.9777747392654419,0.0005242605693638325
805,0823.png#patch0000,37.21882247924805,0.9725354909896851,0.993927538394928,0.00018972188991028816
806,0823.png#patch0001,52.321773529052734,0.9967455267906189,0.9995749592781067,5.858987606188748e-06
807,0823.png#patch0002,55.078941345214844,0.9966087937355042,0.9995587468147278,3.1053127713676076e-06
808,0823.png#patch0003,54.98143768310547,0.9965419769287109,0.9995545744895935,3.1758199838805012e-06
809,0823.png#patch0004,54.83099365234375,0.9964213967323303,0.9995499849319458,3.2877633202588186e-06
810,0823.png#patch0005,54.63198471069336,0.9962477087974548,0.9995264410972595,3.441922217461979e-06
811,0823.png#patch0006,54.451534271240234,0.9960913062095642,0.9995145201683044,3.5879518236470176e-06
812,0823.png#patch0007,24.84600830078125,0.7360693216323853,0.9439844489097595,0.0032764163333922625
813,0823.png#patch0008,25.385234832763672,0.7594442367553711,0.9517331123352051,0.002893851837143302
814,0823.png#patch0009,25.87679672241211,0.7482669353485107,0.9472830295562744,0.0025841642636805773
815,0823.png#patch0010,27.263132095336914,0.8084978461265564,0.9582222104072571,0.0018779616802930832
816,0823.png#patch0011,34.957576751708984,0.9141882658004761,0.9813380837440491,0.0003193317970726639
817,0823.png#patch0012,34.14088439941406,0.9094825983047485,0.9795622825622559,0.0003853997914120555
818,0823.png#patch0013,32.08713150024414,0.8687946200370789,0.9679412245750427,0.0006184245576150715
819,0823.png#patch0014,24.61536407470703,0.7326849102973938,0.9494500756263733,0.0034551238641142845
820,0823.png#patch0015,22.48055648803711,0.6960998177528381,0.9315413236618042,0.005648644641041756
821,0823.png#patch0016,26.07671546936035,0.7685009837150574,0.9518121480941772,0.0024679042398929596
822,0823.png#patch0017,23.714563369750977,0.7060388326644897,0.9367365837097168,0.004251514561474323
823,0823.png#patch0018,25.935081481933594,0.7633994221687317,0.9536234140396118,0.0025497153401374817
824,0823.png#patch0019,36.52507781982422,0.8650515079498291,0.973563551902771,0.00022258301032707095
825,0823.png#patch0020,38.584510803222656,0.8872379660606384,0.9778026342391968,0.00013853152631781995
826,0823.png#patch0021,24.54644203186035,0.7586354613304138,0.9430414438247681,0.003510391106829047
827,0823.png#patch0022,23.425098419189453,0.7266032099723816,0.939971923828125,0.004544541705399752
828,0823.png#patch0023,22.96980094909668,0.6641259789466858,0.933769941329956,0.005046843085438013
829,0823.png#patch0024,23.68935203552246,0.7232073545455933,0.9430641531944275,0.004276264924556017
830,0823.png#patch0025,23.130006790161133,0.6405332684516907,0.9294825196266174,0.00486406497657299
831,0823.png#patch0026,23.999359130859375,0.6350660920143127,0.9228976368904114,0.003981659188866615
832,0823.png#patch0027,29.1879825592041,0.7429907917976379,0.9429994225502014,0.0012055955594405532
833,0823.png#patch0028,24.986106872558594,0.7932862639427185,0.9582738280296326,0.003172408789396286
834,0823.png#patch0029,24.176734924316406,0.7644742131233215,0.957140326499939,0.0038223133888095617
835,0823.png#patch0030,25.86533546447754,0.837682843208313,0.965893566608429,0.0025909936521202326
836,0823.png#patch0031,23.67728614807129,0.7233765125274658,0.944084644317627,0.004288163036108017
837,0823.png#patch0032,24.582609176635742,0.7009445428848267,0.9394500851631165,0.003481280989944935
838,0823.png#patch0033,21.982698440551758,0.6464568376541138,0.9227849841117859,0.006334756501019001
839,0823.png#patch0034,26.71444320678711,0.7224414944648743,0.9378491044044495,0.002130863955244422
840,0824.png#patch0000,44.19763946533203,0.9829469323158264,0.9972593784332275,3.8039615901652724e-05
841,0824.png#patch0001,41.214866638183594,0.9841016530990601,0.9968922734260559,7.559852383565158e-05
842,0824.png#patch0002,29.477664947509766,0.9319775700569153,0.9881052374839783,0.0011278028832748532
843,0824.png#patch0003,27.547725677490234,0.9038453102111816,0.9822077751159668,0.001758843776769936
844,0824.png#patch0004,27.769372940063477,0.8944278359413147,0.9801841974258423,0.0016713314689695835
845,0824.png#patch0005,29.438520431518555,0.8909496665000916,0.9756056070327759,0.0011380144860595465
846,0824.png#patch0006,33.88648986816406,0.9441677927970886,0.9862580895423889,0.0004086492699570954
847,0824.png#patch0007,51.191471099853516,0.99508136510849,0.9989911317825317,7.600681328767678e-06
848,0824.png#patch0008,50.28242111206055,0.9946427345275879,0.9988695979118347,9.370390216645319e-06
849,0824.png#patch0009,36.514373779296875,0.9825934171676636,0.9974561929702759,0.0002231323451269418
850,0824.png#patch0010,26.38846206665039,0.8237829804420471,0.9692327380180359,0.002296961611136794
851,0824.png#patch0011,25.058353424072266,0.8242170214653015,0.9672788977622986,0.0031200714875012636
852,0824.png#patch0012,28.29421615600586,0.9397649765014648,0.984493613243103,0.001481079263612628
853,0824.png#patch0013,29.653139114379883,0.9482136964797974,0.9848888516426086,0.0010831435211002827
854,0824.png#patch0014,29.58078956604004,0.910167396068573,0.9818843603134155,0.001101338886655867
855,0824.png#patch0015,28.528564453125,0.9042660593986511,0.9811320900917053,0.00140327715780586
856,0824.png#patch0016,25.591020584106445,0.8103784322738647,0.9616544842720032,0.0027599292807281017
857,0824.png#patch0017,23.028234481811523,0.724976658821106,0.9486122727394104,0.004979392513632774
858,0824.png#patch0018,22.173582077026367,0.7068254947662354,0.9439591765403748,0.00606235908344388
859,0824.png#patch0019,22.81052589416504,0.7368364930152893,0.9459120035171509,0.005235368385910988
860,0824.png#patch0020,24.458724975585938,0.8439337015151978,0.9695290923118591,0.0035820144694298506
861,0824.png#patch0021,29.273578643798828,0.9006511569023132,0.9853459000587463,0.0011820669751614332
862,0824.png#patch0022,31.244884490966797,0.9272556304931641,0.9898333549499512,0.0007507777772843838
863,0824.png#patch0023,35.214996337890625,0.9419337511062622,0.9923368692398071,0.0003009540669154376
864,0824.png#patch0024,27.399436950683594,0.8392270803451538,0.9701908230781555,0.0018199364421889186
865,0824.png#patch0025,23.084997177124023,0.730212926864624,0.952653169631958,0.004914734046906233
866,0824.png#patch0026,30.721294403076172,0.9397671818733215,0.9917329549789429,0.0008469748427160084
867,0824.png#patch0027,32.14494705200195,0.9433231949806213,0.9912813901901245,0.000610246614087373
868,0824.png#patch0028,45.799407958984375,0.9777796864509583,0.9967714548110962,2.630624658195302e-05
869,0824.png#patch0029,32.499732971191406,0.9062063694000244,0.9846733212471008,0.0005623758188448846
870,0824.png#patch0030,30.962017059326172,0.8541645407676697,0.9692600965499878,0.0008013056358322501
871,0824.png#patch0031,28.5028018951416,0.8207048773765564,0.9653294086456299,0.001411625649780035
872,0824.png#patch0032,26.1505184173584,0.7279499173164368,0.9422258138656616,0.0024263199884444475
873,0824.png#patch0033,26.677165985107422,0.7887037992477417,0.9564172625541687,0.0021492314990609884
874,0824.png#patch0034,29.42788314819336,0.8520477414131165,0.9694288372993469,0.00114080507773906
875,0825.png#patch0000,30.77899742126465,0.8658900260925293,0.972899317741394,0.0008357957121916115
876,0825.png#patch0001,31.114151000976562,0.8675852417945862,0.9657644629478455,0.0007737215491943061
877,0825.png#patch0002,30.359342575073242,0.8656140565872192,0.9636431932449341,0.0009205886162817478
878,0825.png#patch0003,26.711923599243164,0.8198069334030151,0.9608409404754639,0.0021320993546396494
879,0825.png#patch0004,26.180770874023438,0.7971431612968445,0.9520243406295776,0.002409476786851883
880,0825.png#patch0005,27.96982765197754,0.8414825797080994,0.9594623446464539,0.0015959421871230006
881,0825.png#patch0006,30.479063034057617,0.8842415809631348,0.9692738056182861,0.0008955575176514685
882,0825.png#patch0007,29.044891357421875,0.7627726197242737,0.9517812132835388,0.0012459787540137768
883,0825.png#patch0008,27.999298095703125,0.735276460647583,0.9490989446640015,0.0015851492062211037
884,0825.png#patch0009,27.053449630737305,0.6755737662315369,0.9378299117088318,0.0019708562176674604
885,0825.png#patch0010,25.051422119140625,0.6848818063735962,0.9357585310935974,0.0031250554602593184
886,0825.png#patch0011,23.576732635498047,0.7050169706344604,0.9439142942428589,0.004388606641441584
887,0825.png#patch0012,28.018245697021484,0.7795063257217407,0.9560710787773132,0.0015782478731125593
888,0825.png#patch0013,31.948347091674805,0.8485428690910339,0.9690940380096436,0.0006385064334608614
889,0825.png#patch0014,27.862924575805664,0.8012626767158508,0.9576156139373779,0.001635714783333242
890,0825.png#patch0015,26.651775360107422,0.7089419960975647,0.9494584202766418,0.0021618336904793978
891,0825.png#patch0016,25.874404907226562,0.684166431427002,0.9343586564064026,0.0025855875574052334
892,0825.png#patch0017,22.82956314086914,0.739292562007904,0.9460139274597168,0.005212470423430204
893,0825.png#patch0018,22.781017303466797,0.756486177444458,0.9505946636199951,0.005271060857921839
894,0825.png#patch0019,27.949283599853516,0.8043162226676941,0.9643954634666443,0.0016035095322877169
895,0825.png#patch0020,28.48676872253418,0.825903058052063,0.9680641293525696,0.0014168465277180076
896,0825.png#patch0021,28.02273941040039,0.8668169379234314,0.9731208086013794,0.0015766157303005457
897,0825.png#patch0022,26.080615997314453,0.7308661937713623,0.9513386487960815,0.002465689554810524
898,0825.png#patch0023,25.64208984375,0.759653627872467,0.9582851529121399,0.002727664075791836
899,0825.png#patch0024,26.32640266418457,0.7918092608451843,0.9620426297187805,0.002330019138753414
900,0825.png#patch0025,25.527616500854492,0.794292151927948,0.9617800116539001,0.002800517715513706
901,0825.png#patch0026,25.535322189331055,0.8076483011245728,0.9611930251121521,0.002795552834868431
902,0825.png#patch0027,26.850419998168945,0.8505634665489197,0.9721565246582031,0.0020651796367019415
903,0825.png#patch0028,28.133209228515625,0.8240051865577698,0.961508572101593,0.001537018222734332
904,0825.png#patch0029,28.29792022705078,0.8545845746994019,0.9717477560043335,0.0014798162737861276
905,0825.png#patch0030,27.764318466186523,0.8348423838615417,0.9661305546760559,0.001673277816735208
906,0825.png#patch0031,28.870084762573242,0.8547804951667786,0.9721917510032654,0.0012971538817510009
907,0825.png#patch0032,28.315139770507812,0.823464572429657,0.965280294418335,0.00147396104875952
908,0825.png#patch0033,25.35053825378418,0.793306827545166,0.9577933549880981,0.0029170650523155928
909,0825.png#patch0034,30.03291893005371,0.8654371500015259,0.9732375741004944,0.0009924483019858599
910,0826.png#patch0000,49.291229248046875,0.9875174164772034,0.998252809047699,1.1772720426961314e-05
911,0826.png#patch0001,50.409706115722656,0.9901924729347229,0.998645007610321,9.099745511775836e-06
912,0826.png#patch0002,51.21218490600586,0.9918612241744995,0.9988631010055542,7.564521183667239e-06
913,0826.png#patch0003,51.51605987548828,0.9923987984657288,0.998932421207428,7.053321496641729e-06
914,0826.png#patch0004,51.76017761230469,0.992840051651001,0.9989848136901855,6.667793968517799e-06
915,0826.png#patch0005,52.39628219604492,0.9939582943916321,0.9991567134857178,5.7593251767684706e-06
916,0826.png#patch0006,50.6988525390625,0.9908193349838257,0.9986974000930786,8.51362528919708e-06
917,0826.png#patch0007,34.792118072509766,0.9702115058898926,0.9944740533828735,0.0003317325026728213
918,0826.png#patch0008,26.275991439819336,0.8036936521530151,0.956352174282074,0.0023572230711579323
919,0826.png#patch0009,24.8398380279541,0.782009482383728,0.952391505241394,0.0032810745760798454
920,0826.png#patch0010,23.502717971801758,0.7061315774917603,0.9335393309593201,0.004464039579033852
921,0826.png#patch0011,23.263864517211914,0.7027617692947388,0.9373694062232971,0.004716431722044945
922,0826.png#patch0012,25.40781593322754,0.7814010381698608,0.9534022808074951,0.0028788456693291664
923,0826.png#patch0013,25.807580947875977,0.786159336566925,0.9564024806022644,0.0026256809942424297
924,0826.png#patch0014,23.643901824951172,0.7327736020088196,0.9377213716506958,0.00432125199586153
925,0826.png#patch0015,21.034543991088867,0.5906437635421753,0.9051541090011597,0.007880350574851036
926,0826.png#patch0016,19.967235565185547,0.5497227907180786,0.8883557915687561,0.010075726546347141
927,0826.png#patch0017,19.974105834960938,0.558466911315918,0.8894063830375671,0.010059800930321217
928,0826.png#patch0018,20.08342170715332,0.5514568090438843,0.8903350830078125,0.00980974268168211
929,0826.png#patch0019,20.942842483520508,0.5613053441047668,0.893975019454956,0.008048513904213905
930,0826.png#patch0020,21.688793182373047,0.588729977607727,0.9016854166984558,0.006778296548873186
931,0826.png#patch0021,22.124374389648438,0.6334261894226074,0.9068568348884583,0.006131440866738558
932,0826.png#patch0022,19.291383743286133,0.4233870208263397,0.8484132289886475,0.011772305704653263
933,0826.png#patch0023,21.617889404296875,0.5798542499542236,0.8935185670852661,0.006889869924634695
934,0826.png#patch0024,22.097457885742188,0.4394274353981018,0.8323638439178467,0.006169558968394995
935,0826.png#patch0025,21.864910125732422,0.41047415137290955,0.8216772079467773,0.006508921273052692
936,0826.png#patch0026,23.114980697631836,0.6621271371841431,0.9207249283790588,0.004880922380834818
937,0826.png#patch0027,20.550935745239258,0.44327735900878906,0.8572625517845154,0.008808587677776814
938,0826.png#patch0028,32.07353210449219,0.8567835092544556,0.9644303321838379,0.0006203639786690474
939,0826.png#patch0029,28.281782150268555,0.7785398364067078,0.950448215007782,0.0014853260945528746
940,0826.png#patch0030,27.90472412109375,0.7139587998390198,0.9355652928352356,0.0016200462123379111
941,0826.png#patch0031,25.911550521850586,0.6649499535560608,0.9128819108009338,0.0025635682977735996
942,0826.png#patch0032,25.08905029296875,0.6737593412399292,0.923242449760437,0.003098096000030637
943,0826.png#patch0033,26.68831443786621,0.7040085792541504,0.9365501999855042,0.0021437222603708506
944,0826.png#patch0034,29.82080841064453,0.8046296238899231,0.9614997506141663,0.0010421231854707003
945,0826.png#patch0035,31.089675903320312,0.807881236076355,0.9509190320968628,0.0007780943997204304
946,0826.png#patch0036,30.33514404296875,0.8053804039955139,0.9510904550552368,0.00092573236906901
947,0826.png#patch0037,29.415163040161133,0.7686654925346375,0.9414410591125488,0.0011441517854109406
948,0826.png#patch0038,28.994449615478516,0.7713263034820557,0.9457247853279114,0.0012605349766090512
949,0826.png#patch0039,30.04204559326172,0.7786623239517212,0.9365795254707336,0.0009903651662170887
950,0826.png#patch0040,29.42027473449707,0.7706244587898254,0.9350699186325073,0.0011428052093833685
951,0826.png#patch0041,30.835981369018555,0.8174580335617065,0.9562101364135742,0.0008249008096754551
952,0827.png#patch0000,39.122493743896484,0.9565169811248779,0.9913559556007385,0.00012239131319802254
953,0827.png#patch0001,38.22055435180664,0.9314408898353577,0.9849647879600525,0.0001506412954768166
954,0827.png#patch0002,41.49678039550781,0.9458147883415222,0.9875515699386597,7.084705430315807e-05
955,0827.png#patch0003,29.943084716796875,0.8734153509140015,0.9657876491546631,0.0010131910676136613
956,0827.png#patch0004,26.45689582824707,0.8513323664665222,0.9605789184570312,0.0022610509768128395
957,0827.png#patch0005,39.905513763427734,0.9218649864196777,0.9822274446487427,0.00010219941032119095
958,0827.png#patch0006,44.25241470336914,0.9661648273468018,0.9923987984657288,3.756283695111051e-05
959,0827.png#patch0007,44.62876510620117,0.9717332720756531,0.9936636090278625,3.444477988523431e-05
960,0827.png#patch0008,39.47843933105469,0.9270192980766296,0.9840200543403625,0.00011276024451944977
961,0827.png#patch0009,37.87632369995117,0.8948623538017273,0.9759868383407593,0.00016306759789586067
962,0827.png#patch0010,31.597698211669922,0.8463851809501648,0.9492273926734924,0.0006921977619640529
963,0827.png#patch0011,27.66549301147461,0.8501655459403992,0.9529003500938416,0.0017117903335019946
964,0827.png#patch0012,38.24504089355469,0.8973056077957153,0.9773088693618774,0.00014979449042584747
965,0827.png#patch0013,36.502227783203125,0.8595654964447021,0.9680851101875305,0.00022375720436684787
966,0827.png#patch0014,38.06294631958008,0.9049222469329834,0.9744394421577454,0.00015620865451637655
967,0827.png#patch0015,34.69648361206055,0.8272027373313904,0.9540694952011108,0.00033911841455847025
968,0827.png#patch0016,34.474178314208984,0.8074712753295898,0.9511560201644897,0.0003569292603060603
969,0827.png#patch0017,31.446765899658203,0.8548991680145264,0.9649049043655396,0.0007166768191382289
970,0827.png#patch0018,28.195510864257812,0.8544740080833435,0.9625221490859985,0.0015151260886341333
971,0827.png#patch0019,38.82009506225586,0.8989737629890442,0.9781772494316101,0.00013121699157636613
972,0827.png#patch0020,37.98109436035156,0.887487530708313,0.9749495983123779,0.0001591805776115507
973,0827.png#patch0021,38.67271041870117,0.9109008312225342,0.979728102684021,0.0001357465225737542
974,0827.png#patch0022,37.12307357788086,0.8793883323669434,0.9739064574241638,0.00019395124400034547
975,0827.png#patch0023,34.285072326660156,0.8395078182220459,0.9625783562660217,0.00037281453842297196
976,0827.png#patch0024,30.29214859008789,0.8293046355247498,0.9605253338813782,0.0009349429165013134
977,0827.png#patch0025,28.74138832092285,0.8590513467788696,0.9601666331291199,0.0013361676828935742
978,0827.png#patch0026,39.20511245727539,0.9260945916175842,0.9834092259407043,0.00012008490739390254
979,0827.png#patch0027,34.309391021728516,0.9253997802734375,0.9816914200782776,0.0003707325959112495
980,0827.png#patch0028,33.060340881347656,0.9076464176177979,0.9794580936431885,0.0004942719824612141
981,0827.png#patch0029,29.86410140991211,0.8738781213760376,0.9742209315299988,0.0010317863197997212
982,0827.png#patch0030,33.63516616821289,0.8516882061958313,0.9673680067062378,0.00043299529352225363
983,0827.png#patch0031,32.153663635253906,0.8459447026252747,0.9614956378936768,0.0006090226233936846
984,0827.png#patch0032,28.23911476135254,0.8700957298278809,0.9625300765037537,0.0014999897684901953
985,0827.png#patch0033,38.78154754638672,0.9357059001922607,0.9853687286376953,0.00013238693645689636
986,0827.png#patch0034,31.844619750976562,0.8854981064796448,0.9762008786201477,0.0006539397872984409
987,0827.png#patch0035,48.06741714477539,0.9837325215339661,0.997278094291687,1.56048008648213e-05
988,0827.png#patch0036,30.846515655517578,0.8886841535568237,0.9745384454727173,0.0008229022496379912
989,0827.png#patch0037,31.539310455322266,0.8535674810409546,0.9674057364463806,0.0007015662267804146
990,0827.png#patch0038,31.39406967163086,0.8430426716804504,0.9589278697967529,0.0007254256634041667
991,0827.png#patch0039,28.02886199951172,0.8764904141426086,0.9672298431396484,0.0015743952244520187
992,0827.png#patch0040,36.681644439697266,0.9283711314201355,0.9840419292449951,0.0002147016057278961
993,0827.png#patch0041,38.296669006347656,0.9369180798530579,0.9861024022102356,0.00014802430814597756
994,0828.png#patch0000,22.91424560546875,0.860737144947052,0.9717292189598083,0.005111818201839924
995,0828.png#patch0001,17.6296443939209,0.685481607913971,0.9144182801246643,0.017259791493415833
996,0828.png#patch0002,16.95508575439453,0.6938297748565674,0.894477903842926,0.020160039886832237
997,0828.png#patch0003,15.739871978759766,0.6362220644950867,0.8801599144935608,0.026669366285204887
998,0828.png#patch0004,17.352054595947266,0.7362412810325623,0.9289537668228149,0.018399005755782127
999,0828.png#patch0005,17.9449462890625,0.7263081073760986,0.9205502271652222,0.016051121056079865
1000,0828.png#patch0006,20.769756317138672,0.8114669919013977,0.9387271404266357,0.008375761099159718
1001,0828.png#patch0007,21.3724308013916,0.8545478582382202,0.9654731750488281,0.007290491834282875
1002,0828.png#patch0008,15.963677406311035,0.6161016225814819,0.9046584963798523,0.025329826399683952
1003,0828.png#patch0009,14.757414817810059,0.5345925688743591,0.8517353534698486,0.03343939781188965
1004,0828.png#patch0010,15.01116943359375,0.5594779849052429,0.8672524690628052,0.03154154494404793
1005,0828.png#patch0011,15.858906745910645,0.6413461565971375,0.8985482454299927,0.02594832144677639
1006,0828.png#patch0012,17.445777893066406,0.7304890155792236,0.910791277885437,0.018006207421422005
1007,0828.png#patch0013,18.45945930480957,0.7441518306732178,0.9083544015884399,0.01425784919410944
1008,0828.png#patch0014,23.922639846801758,0.8999401926994324,0.964974582195282,0.0040526194497942924
1009,0828.png#patch0015,18.50130271911621,0.7764526009559631,0.9351873993873596,0.014121133834123611
1010,0828.png#patch0016,18.120512008666992,0.7675477862358093,0.9407750368118286,0.015415179543197155
1011,0828.png#patch0017,15.962210655212402,0.6205876469612122,0.899152934551239,0.02533837780356407
1012,0828.png#patch0018,14.426227569580078,0.4631267488002777,0.8296372890472412,0.03608918935060501
1013,0828.png#patch0019,14.897318840026855,0.5375964045524597,0.8334510922431946,0.03237934038043022
1014,0828.png#patch0020,16.589269638061523,0.6179059743881226,0.8736752271652222,0.021931730210781097
1015,0828.png#patch0021,30.892101287841797,0.980570912361145,0.9947192668914795,0.0008143099257722497
1016,0828.png#patch0022,36.90724563598633,0.9918168187141418,0.9985162615776062,0.00020383337687235326
1017,0828.png#patch0023,47.5335807800293,0.9869089126586914,0.9972658157348633,1.764581429597456e-05
1018,0828.png#patch0024,33.894309997558594,0.9891795516014099,0.9984325766563416,0.00040791407809592783
1019,0828.png#patch0025,16.467247009277344,0.6955063939094543,0.908141553401947,0.02255668118596077
1020,0828.png#patch0026,14.889294624328613,0.5436058044433594,0.8557562232017517,0.032439224421978
1021,0828.png#patch0027,17.054513931274414,0.6330021619796753,0.877329409122467,0.019703734666109085
1022,0828.png#patch0028,23.932146072387695,0.867160975933075,0.9637110829353333,0.004043759312480688
1023,0828.png#patch0029,24.923080444335938,0.9258849620819092,0.977196991443634,0.003218784462660551
1024,0828.png#patch0030,23.469179153442383,0.9213669300079346,0.9780365824699402,0.004498648922890425
1025,0828.png#patch0031,19.3907470703125,0.8371224999427795,0.9422975182533264,0.011506021954119205
1026,0828.png#patch0032,17.8663272857666,0.7372834086418152,0.9250820279121399,0.016344334930181503
1027,0828.png#patch0033,16.60042381286621,0.614840030670166,0.8912667036056519,0.021875472739338875
1028,0828.png#patch0034,18.2950382232666,0.6981542706489563,0.9207949638366699,0.014807991683483124
1029,0829.png#patch0000,30.438825607299805,0.5208877325057983,0.9247024655342102,0.0009038936696015298
1030,0829.png#patch0001,29.857362747192383,0.4896748661994934,0.917335569858551,0.0010333881946280599
1031,0829.png#patch0002,30.98192596435547,0.5518178343772888,0.9347708225250244,0.0007976407068781555
1032,0829.png#patch0003,29.954242706298828,0.5378483533859253,0.9293860793113708,0.0010105915134772658
1033,0829.png#patch0004,29.93611717224121,0.5275279879570007,0.9319071769714355,0.0010148179717361927
1034,0829.png#patch0005,32.025489807128906,0.6126460433006287,0.9470828175544739,0.000627264438662678
1035,0829.png#patch0006,31.238826751708984,0.5710066556930542,0.937186598777771,0.0007518255733884871
1036,0829.png#patch0007,31.27922821044922,0.5806500315666199,0.9417540431022644,0.000744864228181541
1037,0829.png#patch0008,30.68297576904297,0.5962876081466675,0.9438895583152771,0.0008544806041754782
1038,0829.png#patch0009,30.8410701751709,0.6245201826095581,0.9480772018432617,0.0008239350281655788
1039,0829.png#patch0010,30.164087295532227,0.5895829796791077,0.941474199295044,0.0009629220003262162
1040,0829.png#patch0011,29.54660415649414,0.6093758344650269,0.945949375629425,0.0011100424453616142
1041,0829.png#patch0012,31.531570434570312,0.6351701021194458,0.9518305659294128,0.0007028178661130369
1042,0829.png#patch0013,30.882431030273438,0.5727846622467041,0.9380162954330444,0.000816125248093158
1043,0829.png#patch0014,29.23002052307129,0.6074972748756409,0.9399757981300354,0.0011939823161810637
1044,0829.png#patch0015,29.790603637695312,0.6777053475379944,0.9487030506134033,0.0010493959998711944
1045,0829.png#patch0016,29.452472686767578,0.6922131776809692,0.955981969833374,0.001134364167228341
1046,0829.png#patch0017,24.028907775878906,0.5396595597267151,0.909534752368927,0.003954658750444651
1047,0829.png#patch0018,24.24042510986328,0.6093665957450867,0.9291941523551941,0.0037666677962988615
1048,0829.png#patch0019,30.784664154052734,0.7803247570991516,0.9696935415267944,0.0008347058901563287
1049,0829.png#patch0020,32.18691635131836,0.7842355370521545,0.9723617434501648,0.0006043773610144854
1050,0829.png#patch0021,28.43793487548828,0.5670405626296997,0.9228255748748779,0.001432869234122336
1051,0829.png#patch0022,25.531702041625977,0.5137723684310913,0.8950172662734985,0.00279788370244205
1052,0829.png#patch0023,24.18553924560547,0.4808672368526459,0.8965391516685486,0.0038145731668919325
1053,0829.png#patch0024,25.02668571472168,0.5971941351890564,0.9207146763801575,0.0031429051887243986
1054,0829.png#patch0025,25.49253273010254,0.6170315742492676,0.9214632511138916,0.002823231741786003
1055,0829.png#patch0026,25.996170043945312,0.6147252917289734,0.9326822757720947,0.0025141017977148294
1056,0829.png#patch0027,27.155841827392578,0.5495108366012573,0.9158450961112976,0.0019249331671744585
1057,0829.png#patch0028,29.000057220458984,0.5660479068756104,0.9305391907691956,0.0012589083053171635
1058,0829.png#patch0029,28.08344268798828,0.5597213506698608,0.91719651222229,0.0015547322109341621
1059,0829.png#patch0030,26.18918800354004,0.5535310506820679,0.9147045016288757,0.0024048122577369213
1060,0829.png#patch0031,26.56329345703125,0.6405029892921448,0.9416336417198181,0.0022063301876187325
1061,0829.png#patch0032,26.517375946044922,0.6299806237220764,0.9404765367507935,0.002229781821370125
1062,0829.png#patch0033,24.771032333374023,0.5064911842346191,0.8967735767364502,0.0033334707841277122
1063,0829.png#patch0034,26.062406539916992,0.462312787771225,0.875974714756012,0.0024760491214692593
1064,0830.png#patch0000,52.08636474609375,0.9939866662025452,0.9988406300544739,6.185338406794472e-06
1065,0830.png#patch0001,33.756683349609375,0.9696505665779114,0.9941573143005371,0.0004210480547044426
1066,0830.png#patch0002,50.351741790771484,0.9931676983833313,0.9986193776130676,9.22200797504047e-06
1067,0830.png#patch0003,26.88236427307129,0.8622926473617554,0.969427227973938,0.00205004564486444
1068,0830.png#patch0004,26.368982315063477,0.8655868172645569,0.9704793691635132,0.0023072869516909122
1069,0830.png#patch0005,51.008792877197266,0.9931910037994385,0.9987271428108215,7.92721584730316e-06
1070,0830.png#patch0006,34.000179290771484,0.9671617746353149,0.9921650886535645,0.0003980906039942056
1071,0830.png#patch0007,33.26728439331055,0.906578779220581,0.985066831111908,0.0004712717782240361
1072,0830.png#patch0008,27.45968246459961,0.8374851942062378,0.9721584320068359,0.0017948644235730171
1073,0830.png#patch0009,23.084667205810547,0.6916102766990662,0.9386761784553528,0.004915109369903803
1074,0830.png#patch0010,21.883983612060547,0.6193261742591858,0.9239135384559631,0.006480396259576082
1075,0830.png#patch0011,23.899293899536133,0.6737603545188904,0.9358214139938354,0.004074464552104473
1076,0830.png#patch0012,25.088144302368164,0.7645089030265808,0.9569621682167053,0.003098741639405489
1077,0830.png#patch0013,24.99659538269043,0.8013125061988831,0.9647078514099121,0.003164757275953889
1078,0830.png#patch0014,24.84786605834961,0.607755720615387,0.9024909138679504,0.00327501492574811
1079,0830.png#patch0015,24.638124465942383,0.5857403874397278,0.8942169547080994,0.0034370622597634792
1080,0830.png#patch0016,24.578556060791016,0.5855312347412109,0.8963992595672607,0.003484530607238412
1081,0830.png#patch0017,23.288259506225586,0.5512031316757202,0.8831655979156494,0.0046900128945708275
1082,0830.png#patch0018,23.100561141967773,0.5359741449356079,0.8735465407371521,0.004897154867649078
1083,0830.png#patch0019,23.322765350341797,0.5113801956176758,0.8650027513504028,0.004652896896004677
1084,0830.png#patch0020,23.591073989868164,0.4982684254646301,0.861006498336792,0.004374138545244932
1085,0831.png#patch0000,25.00699234008789,0.8430739641189575,0.9693778157234192,0.0031571907456964254
1086,0831.png#patch0001,27.545629501342773,0.8855767250061035,0.9782673716545105,0.0017596923280507326
1087,0831.png#patch0002,27.31049919128418,0.8943744897842407,0.979426920413971,0.0018575906287878752
1088,0831.png#patch0003,29.36821174621582,0.8975858688354492,0.9817707538604736,0.0011565883178263903
1089,0831.png#patch0004,34.59663009643555,0.9273124933242798,0.98314368724823,0.0003470060182735324
1090,0831.png#patch0005,32.23963928222656,0.9217185974121094,0.9837044477462769,0.0005970844067633152
1091,0831.png#patch0006,27.979793548583984,0.9082133173942566,0.9834390878677368,0.0015922836028039455
1092,0831.png#patch0007,30.92719841003418,0.8914414048194885,0.9769651293754578,0.0008077556849457324
1093,0831.png#patch0008,33.257728576660156,0.892255961894989,0.9760739803314209,0.0004723098245449364
1094,0831.png#patch0009,33.67677688598633,0.8751802444458008,0.9721508026123047,0.0004288667696528137
1095,0831.png#patch0010,28.245878219604492,0.7533949017524719,0.9129951000213623,0.001497655757702887
1096,0831.png#patch0011,26.200252532958984,0.6861194372177124,0.8645256161689758,0.0023986927699297667
1097,0831.png#patch0012,29.201953887939453,0.7879995703697205,0.9261958003044128,0.0012017234694212675
1098,0831.png#patch0013,28.165687561035156,0.7569583654403687,0.8892170190811157,0.0015255664475262165
1099,0831.png#patch0014,30.183202743530273,0.8334994316101074,0.9599466323852539,0.0009586928063072264
1100,0831.png#patch0015,29.518659591674805,0.8123797178268433,0.9562546610832214,0.001117207808420062
1101,0831.png#patch0016,30.130674362182617,0.8157392740249634,0.9577069282531738,0.0009703590767458081
1102,0831.png#patch0017,27.621248245239258,0.7719950675964355,0.9341797828674316,0.001729318406432867
1103,0831.png#patch0018,29.478742599487305,0.8703773021697998,0.9694375991821289,0.0011275237193331122
1104,0831.png#patch0019,32.41705322265625,0.9037154316902161,0.9747351408004761,0.0005731844576075673
1105,0831.png#patch0020,35.787235260009766,0.9308159947395325,0.9846605062484741,0.0002638011355884373
1106,0831.png#patch0021,28.937602996826172,0.8320004343986511,0.9662154912948608,0.00127714267000556
1107,0831.png#patch0022,26.68239402770996,0.8054019808769226,0.9593245983123779,0.002146646613255143
1108,0831.png#patch0023,26.105073928833008,0.7683210968971252,0.9522541761398315,0.0024518414866179228
1109,0831.png#patch0024,28.259647369384766,0.8228237628936768,0.9663514494895935,0.0014929152093827724
1110,0831.png#patch0025,28.689804077148438,0.8574549555778503,0.9706301689147949,0.0013521331129595637
1111,0831.png#patch0026,29.195098876953125,0.8627968430519104,0.9708813428878784,0.0012036218540742993
1112,0831.png#patch0027,32.37443161010742,0.883277177810669,0.9764792919158936,0.0005788377020508051
1113,0831.png#patch0028,29.99442481994629,0.8775880336761475,0.9745301604270935,0.0010012842249125242
1114,0831.png#patch0029,27.57967185974121,0.8038987517356873,0.9561718106269836,0.0017459538066759706
1115,0831.png#patch0030,29.8470401763916,0.8418375253677368,0.9657139182090759,0.0010358475847169757
1116,0831.png#patch0031,31.34267234802246,0.8798006176948547,0.9742686152458191,0.0007340617012232542
1117,0831.png#patch0032,29.083484649658203,0.8454083800315857,0.9683362245559692,0.001234955620020628
1118,0831.png#patch0033,36.52512741088867,0.9434247016906738,0.9865688681602478,0.00022258040553424507
1119,0831.png#patch0034,33.23897171020508,0.9123307466506958,0.9806281328201294,0.00047435384476557374
1120,0832.png#patch0000,28.712295532226562,0.8631565570831299,0.9713847637176514,0.0013451483100652695
1121,0832.png#patch0001,28.95900535583496,0.8888766765594482,0.974902868270874,0.0012708642752841115
1122,0832.png#patch0002,28.55173683166504,0.8766573667526245,0.9727929830551147,0.0013958096969872713
1123,0832.png#patch0003,30.459001541137695,0.8579756021499634,0.9648503065109253,0.0008997042314149439
1124,0832.png#patch0004,26.211315155029297,0.8547931909561157,0.9679686427116394,0.002392590744420886
1125,0832.png#patch0005,30.941152572631836,0.9372487664222717,0.986242413520813,0.0008051643962971866
1126,0832.png#patch0006,31.698917388916016,0.9318574070930481,0.984153687953949,0.0006762513075955212
1127,0832.png#patch0007,29.864105224609375,0.8654613494873047,0.969021201133728,0.0010317850392311811
1128,0832.png#patch0008,27.827707290649414,0.8794702291488647,0.9744208455085754,0.0016490324633195996
1129,0832.png#patch0009,30.74485206604004,0.8660052418708801,0.9659872055053711,0.0008423926774412394
1130,0832.png#patch0010,31.348108291625977,0.886674165725708,0.9764808416366577,0.0007331433007493615
1131,0832.png#patch0011,28.06046485900879,0.8496713042259216,0.966012179851532,0.001562979887239635
1132,0832.png#patch0012,26.48849105834961,0.8376270532608032,0.967384397983551,0.0022446608636528254
1133,0832.png#patch0013,27.193758010864258,0.8547186851501465,0.9716460704803467,0.001908200909383595
1134,0832.png#patch0014,32.474082946777344,0.8880102634429932,0.9744828343391418,0.0005657067522406578
1135,0832.png#patch0015,32.153560638427734,0.9085785150527954,0.9810592532157898,0.0006090372917242348
1136,0832.png#patch0016,36.07587432861328,0.9383630156517029,0.98567795753479,0.0002468383754603565
1137,0832.png#patch0017,32.733280181884766,0.9210106730461121,0.9843345880508423,0.000532932230271399
1138,0832.png#patch0018,34.177642822265625,0.9680382609367371,0.9941907525062561,0.0003821516002062708
1139,0832.png#patch0019,33.80923080444336,0.9395660758018494,0.9880068898200989,0.0004159841628279537
1140,0832.png#patch0020,29.42630386352539,0.8900327682495117,0.9784255623817444,0.0011412204476073384
1141,0832.png#patch0021,34.2813835144043,0.9376118779182434,0.985823392868042,0.00037313124630600214
1142,0832.png#patch0022,32.69783020019531,0.9301586747169495,0.9852721691131592,0.000537299900315702
1143,0832.png#patch0023,37.09734344482422,0.9587939977645874,0.9903239607810974,0.0001951036392711103
1144,0832.png#patch0024,34.896114349365234,0.9511625170707703,0.9888702630996704,0.00032388331601396203
1145,0832.png#patch0025,32.079681396484375,0.9348345398902893,0.9851095080375671,0.0006194864981807768
1146,0832.png#patch0026,36.87422561645508,0.9621053338050842,0.9912461638450623,0.00020538902026601136
1147,0832.png#patch0027,32.801151275634766,0.921566903591156,0.9821955561637878,0.0005246681976132095
1148,0832.png#patch0028,32.838871002197266,0.8466913104057312,0.9665424823760986,0.0005201309686526656
1149,0832.png#patch0029,31.83095359802246,0.8203750848770142,0.9589937329292297,0.0006560009787790477
1150,0832.png#patch0030,31.19603157043457,0.7909950613975525,0.9518790245056152,0.0007592705660499632
1151,0832.png#patch0031,33.96836471557617,0.8843072056770325,0.9789579510688782,0.0004010175180155784
1152,0832.png#patch0032,33.486846923828125,0.8840793967247009,0.9777783751487732,0.00044803827768191695
1153,0832.png#patch0033,32.48744201660156,0.8740940093994141,0.9747102856636047,0.0005639695446006954
1154,0832.png#patch0034,32.661521911621094,0.8478728532791138,0.9680976271629333,0.0005418109358288348
1155,0833.png#patch0000,42.487213134765625,0.9443634748458862,0.9890990257263184,5.6399923778371885e-05
1156,0833.png#patch0001,42.5827522277832,0.9452225565910339,0.9893221855163574,5.517277168110013e-05
1157,0833.png#patch0002,42.7512321472168,0.9471389055252075,0.98976069688797,5.307336323312484e-05
1158,0833.png#patch0003,42.730628967285156,0.9470586180686951,0.9897887110710144,5.332575528882444e-05
1159,0833.png#patch0004,42.67203140258789,0.9458152055740356,0.9894779920578003,5.405011688708328e-05
1160,0833.png#patch0005,42.73598861694336,0.9471392035484314,0.989708662033081,5.32599697180558e-05
1161,0833.png#patch0006,42.78101348876953,0.9478265643119812,0.9896442294120789,5.271066402201541e-05
1162,0833.png#patch0007,32.706451416015625,0.9081101417541504,0.9840487241744995,0.0005362344672903419
1163,0833.png#patch0008,32.01032257080078,0.9175370931625366,0.9849519729614258,0.0006294593913480639
1164,0833.png#patch0009,36.4174919128418,0.9032977819442749,0.9819387197494507,0.00022816573618911207
1165,0833.png#patch0010,31.809696197509766,0.8454238772392273,0.9698943495750427,0.0006592198042199016
1166,0833.png#patch0011,38.414878845214844,0.9278786182403564,0.9868263006210327,0.0001440496271243319
1167,0833.png#patch0012,28.089595794677734,0.8296979665756226,0.9669274687767029,0.0015525307971984148
1168,0833.png#patch0013,28.672653198242188,0.8453693985939026,0.9683673977851868,0.001357483328320086
1169,0833.png#patch0014,31.13437843322754,0.8614755272865295,0.9670248031616211,0.0007701265858486295
1170,0833.png#patch0015,27.46367835998535,0.8343738317489624,0.967421293258667,0.0017932140035554767
1171,0833.png#patch0016,31.229188919067383,0.8832520246505737,0.9776059985160828,0.00075349590042606
1172,0833.png#patch0017,25.659090042114258,0.7914537787437439,0.9554430246353149,0.002717008115723729
1173,0833.png#patch0018,30.56236457824707,0.8941977620124817,0.9807689785957336,0.0008785440004430711
1174,0833.png#patch0019,26.62133026123047,0.8545645475387573,0.9701234698295593,0.0021770421881228685
1175,0833.png#patch0020,29.908191680908203,0.8835596442222595,0.9743281602859497,0.0010213643545284867
1176,0833.png#patch0021,42.42184829711914,0.945699155330658,0.9894425868988037,5.725523078581318e-05
1177,0833.png#patch0022,42.374874114990234,0.9459103345870972,0.9894576072692871,5.787784903077409e-05
1178,0833.png#patch0023,42.37600326538086,0.9457576274871826,0.9895018339157104,5.786278052255511e-05
1179,0833.png#patch0024,42.36034393310547,0.9466964602470398,0.9895294904708862,5.807180787087418e-05
1180,0833.png#patch0025,42.75766372680664,0.9483069777488708,0.9899338483810425,5.29948556504678e-05
1181,0833.png#patch0026,42.79118347167969,0.9489730000495911,0.9898173809051514,5.2587340178433806e-05
1182,0833.png#patch0027,42.764923095703125,0.9477432370185852,0.9898571372032166,5.290631816023961e-05
1183,0833.png#patch0028,32.556522369384766,0.9102938175201416,0.9825804233551025,0.0005550694768317044
1184,0833.png#patch0029,33.89176559448242,0.9200946688652039,0.9841523766517639,0.00040815339889377356
1185,0833.png#patch0030,32.31032180786133,0.8986181020736694,0.980732798576355,0.0005874457419849932
1186,0833.png#patch0031,35.41469192504883,0.9280428886413574,0.986855685710907,0.00028742922586388886
1187,0833.png#patch0032,39.0339469909668,0.9385059475898743,0.9879325032234192,0.00012491224333643913
1188,0833.png#patch0033,38.93569564819336,0.936887264251709,0.9874107837677002,0.0001277703995583579
1189,0833.png#patch0034,38.83432388305664,0.9406281113624573,0.9890286326408386,0.0001307879138039425
1190,0833.png#patch0035,35.50631332397461,0.914515495300293,0.9842500686645508,0.00028142862720414996
1191,0833.png#patch0036,32.992027282714844,0.9155213832855225,0.9855421781539917,0.0005021082470193505
1192,0833.png#patch0037,32.50848388671875,0.9077081084251404,0.9828997254371643,0.0005612437380477786
1193,0833.png#patch0038,31.875730514526367,0.8997682332992554,0.9809851050376892,0.00064927211496979
1194,0833.png#patch0039,39.84271240234375,0.9422274827957153,0.9900012016296387,0.00010368802031734958
1195,0833.png#patch0040,28.21800994873047,0.831853985786438,0.965828001499176,0.0015072975074872375
1196,0833.png#patch0041,32.15616226196289,0.8659718632698059,0.9747243523597717,0.0006086726789362729
1197,0834.png#patch0000,58.914283752441406,0.9987025260925293,0.9997224807739258,1.2840192766816472e-06
1198,0834.png#patch0001,57.54518127441406,0.998185396194458,0.9996305108070374,1.759875203788397e-06
1199,0834.png#patch0002,33.821998596191406,0.9733703136444092,0.9960139989852905,0.00041476282058283687
1200,0834.png#patch0003,27.477306365966797,0.811164379119873,0.9610300064086914,0.001787595683708787
1201,0834.png#patch0004,40.751461029052734,0.9930686950683594,0.9991025924682617,8.411119051743299e-05
1202,0834.png#patch0005,54.74039077758789,0.9965340495109558,0.9993711113929749,3.3570706818863982e-06
1203,0834.png#patch0006,53.11875534057617,0.995250940322876,0.9990136027336121,4.876679668086581e-06
1204,0834.png#patch0007,62.0041389465332,0.99937504529953,0.9998657703399658,6.303557142928184e-07
1205,0834.png#patch0008,35.014163970947266,0.980952799320221,0.9973405599594116,0.00031519823824055493
1206,0834.png#patch0009,22.7664852142334,0.493272602558136,0.8681827187538147,0.005288729909807444
1207,0834.png#patch0010,23.390836715698242,0.6069902777671814,0.9022133946418762,0.004580534994602203
1208,0834.png#patch0011,27.904706954956055,0.8852860331535339,0.975283145904541,0.0016200534300878644
1209,0834.png#patch0012,53.31155014038086,0.9955242276191711,0.9989542365074158,4.664927473641001e-06
1210,0834.png#patch0013,54.947113037109375,0.9969269633293152,0.9993359446525574,3.2010223094403045e-06
1211,0834.png#patch0014,70.18671417236328,0.999923050403595,0.9999613165855408,9.57917194455149e-08
1212,0834.png#patch0015,27.248624801635742,0.8340231776237488,0.9666237235069275,0.0018842447316274047
1213,0834.png#patch0016,24.49723243713379,0.763808012008667,0.9512497186660767,0.0035503944382071495
1214,0834.png#patch0017,27.523731231689453,0.7635418772697449,0.9527006149291992,0.001768588786944747
1215,0834.png#patch0018,31.256805419921875,0.8203158974647522,0.9638016819953918,0.0007487195543944836
1216,0834.png#patch0019,30.28478240966797,0.9068522453308105,0.9839112758636475,0.0009365297737531364
1217,0834.png#patch0020,30.547090530395508,0.9440978169441223,0.9870473742485046,0.0008816391928121448
1218,0834.png#patch0021,25.729188919067383,0.6741583347320557,0.9327624440193176,0.002673505339771509
1219,0834.png#patch0022,25.1740665435791,0.7343539595603943,0.9464302062988281,0.003038038033992052
1220,0834.png#patch0023,25.610502243041992,0.7468159198760986,0.9481200575828552,0.002747575519606471
1221,0834.png#patch0024,30.140830993652344,0.8045046329498291,0.9600252509117126,0.0009680923540145159
1222,0834.png#patch0025,31.046361923217773,0.8028191924095154,0.9606364965438843,0.0007858933531679213
1223,0834.png#patch0026,28.239349365234375,0.8003841638565063,0.9612118601799011,0.0014999087434262037
1224,0834.png#patch0027,21.232694625854492,0.5094384551048279,0.8800011277198792,0.007528879679739475
1225,0834.png#patch0028,22.305667877197266,0.5019547939300537,0.8774795532226562,0.005880755838006735
1226,0834.png#patch0029,24.152000427246094,0.7497054934501648,0.9355065822601318,0.0038441461510956287
1227,0834.png#patch0030,25.033262252807617,0.7236883044242859,0.9298180937767029,0.0031381500884890556
1228,0834.png#patch0031,25.14429473876953,0.6357877850532532,0.9069375395774841,0.0030589362140744925
1229,0834.png#patch0032,26.94242286682129,0.6765382885932922,0.9219276905059814,0.002021890366449952
1230,0834.png#patch0033,26.99703025817871,0.6818593740463257,0.9327173829078674,0.0019966268446296453
1231,0834.png#patch0034,23.400243759155273,0.5600537061691284,0.9012938141822815,0.0045706238597631454
1232,0835.png#patch0000,29.31388282775879,0.7632797956466675,0.9451368451118469,0.0011711475672200322
1233,0835.png#patch0001,25.334186553955078,0.6126037836074829,0.9042163491249084,0.002928068395704031
1234,0835.png#patch0002,23.65500831604004,0.6871665716171265,0.9274964928627014,0.004310215823352337
1235,0835.png#patch0003,20.11375617980957,0.5591410398483276,0.9013301134109497,0.009741464629769325
1236,0835.png#patch0004,21.970346450805664,0.5626399517059326,0.9014467000961304,0.006352800410240889
1237,0835.png#patch0005,26.160188674926758,0.6470062136650085,0.9150517582893372,0.0024209236726164818
1238,0835.png#patch0006,23.711978912353516,0.5776781439781189,0.9021245241165161,0.004254044499248266
1239,0835.png#patch0007,21.909757614135742,0.4364018440246582,0.8584761619567871,0.006442050449550152
1240,0835.png#patch0008,26.191787719726562,0.5844245553016663,0.9076651334762573,0.0024033719673752785
1241,0835.png#patch0009,22.917261123657227,0.5638654232025146,0.900717556476593,0.005108269862830639
1242,0835.png#patch0010,20.939390182495117,0.4997881352901459,0.882790207862854,0.008054913952946663
1243,0835.png#patch0011,22.586301803588867,0.5983043909072876,0.9072535037994385,0.0055127679370343685
1244,0835.png#patch0012,25.404212951660156,0.5892500877380371,0.9097774028778076,0.0028812349773943424
1245,0835.png#patch0013,21.126766204833984,0.4425412118434906,0.8665578365325928,0.007714776322245598
1246,0835.png#patch0014,23.567033767700195,0.5845363140106201,0.9157229661941528,0.004398419056087732
1247,0835.png#patch0015,23.197437286376953,0.5505190491676331,0.9026678204536438,0.004789125174283981
1248,0835.png#patch0016,21.394384384155273,0.5486908555030823,0.9077660441398621,0.007253729272633791
1249,0835.png#patch0017,23.452329635620117,0.5530551075935364,0.9076752066612244,0.004516135435551405
1250,0835.png#patch0018,29.534032821655273,0.7508190274238586,0.946941077709198,0.0011132600484415889
1251,0835.png#patch0019,21.89948081970215,0.4878822863101959,0.8866214156150818,0.006457312032580376
1252,0835.png#patch0020,24.313270568847656,0.5801025032997131,0.9142550826072693,0.003704015864059329
1253,0835.png#patch0021,26.953598022460938,0.7229756116867065,0.9481249451637268,0.002016694750636816
1254,0835.png#patch0022,23.234907150268555,0.5497180223464966,0.9053571224212646,0.00474798446521163
1255,0835.png#patch0023,23.012773513793945,0.5660642981529236,0.9114022254943848,0.004997150972485542
1256,0835.png#patch0024,27.755931854248047,0.6792681813240051,0.9340744018554688,0.0016765119507908821
1257,0835.png#patch0025,24.45273780822754,0.6525748372077942,0.9347185492515564,0.0035869567655026913
1258,0835.png#patch0026,28.2989559173584,0.685106098651886,0.9377416372299194,0.0014794637681916356
1259,0835.png#patch0027,23.345436096191406,0.6116691827774048,0.9220141768455505,0.004628670401871204
1260,0835.png#patch0028,20.621850967407227,0.46747902035713196,0.87886643409729,0.00866592489182949
1261,0835.png#patch0029,21.53998374938965,0.5056536197662354,0.8926894068717957,0.007014577277004719
1262,0835.png#patch0030,27.020076751708984,0.6526846885681152,0.9261313676834106,0.001986059593036771
1263,0835.png#patch0031,24.958072662353516,0.5602211356163025,0.8939969539642334,0.00319295353256166
1264,0835.png#patch0032,26.171981811523438,0.5894179344177246,0.8926868438720703,0.0024143578484654427
1265,0835.png#patch0033,23.087800979614258,0.46374890208244324,0.8690841794013977,0.004911562893539667
1266,0835.png#patch0034,22.13131332397461,0.4586228132247925,0.8591771125793457,0.006121652666479349
1267,0835.png#patch0035,22.692138671875,0.48589256405830383,0.874115526676178,0.005380048416554928
1268,0835.png#patch0036,30.337146759033203,0.7772644758224487,0.9481568336486816,0.0009253057069145143
1269,0835.png#patch0037,25.52018165588379,0.6472933888435364,0.9083842635154724,0.002805315190926194
1270,0835.png#patch0038,32.66615295410156,0.7977699637413025,0.9540513753890991,0.0005412331665866077
1271,0835.png#patch0039,27.588253021240234,0.7302173972129822,0.9375306367874146,0.0017425068654119968
1272,0835.png#patch0040,24.07150650024414,0.5935975909233093,0.9032382965087891,0.0039160605520009995
1273,0835.png#patch0041,25.32645034790039,0.6386522650718689,0.9128811359405518,0.002933288225904107
1274,0836.png#patch0000,55.399658203125,0.9969366788864136,0.9994965195655823,2.8842566734965658e-06
1275,0836.png#patch0001,29.159908294677734,0.8987012505531311,0.977767288684845,0.001213414128869772
1276,0836.png#patch0002,29.74390411376953,0.8901643753051758,0.9703829288482666,0.0010607411386445165
1277,0836.png#patch0003,31.597253799438477,0.9541230797767639,0.9918186068534851,0.0006922681932337582
1278,0836.png#patch0004,39.08620834350586,0.9932605624198914,0.9989114999771118,0.00012341815454419702
1279,0836.png#patch0005,58.106258392333984,0.9982922077178955,0.9997244477272034,1.5465856222363072e-06
1280,0836.png#patch0006,59.90959930419922,0.9988908171653748,0.9998192191123962,1.0210328582616057e-06
1281,0836.png#patch0007,25.836641311645508,0.8494862914085388,0.9688820838928223,0.0026081695687025785
1282,0836.png#patch0008,26.53240966796875,0.880264401435852,0.9676026105880737,0.002222075592726469
1283,0836.png#patch0009,24.616243362426758,0.7106281518936157,0.9033811688423157,0.0034544228110462427
1284,0836.png#patch0010,23.529918670654297,0.6416429281234741,0.8839126229286194,0.004436167888343334
1285,0836.png#patch0011,24.438919067382812,0.6770274639129639,0.9062520861625671,0.0035983885172754526
1286,0836.png#patch0012,23.96367645263672,0.6839808225631714,0.9115894436836243,0.0040145074017345905
1287,0836.png#patch0013,24.239700317382812,0.7589114308357239,0.9361633062362671,0.0037672962062060833
1288,0836.png#patch0014,25.565690994262695,0.7640588283538818,0.9455507397651672,0.002776072360575199
1289,0836.png#patch0015,24.366771697998047,0.7345303893089294,0.9319193363189697,0.003658665344119072
1290,0836.png#patch0016,23.478364944458008,0.6484564542770386,0.8974230289459229,0.0044891429133713245
1291,0836.png#patch0017,23.65509605407715,0.6265299320220947,0.8869076371192932,0.004310129210352898
1292,0836.png#patch0018,23.37375831604004,0.6147491931915283,0.9047916531562805,0.004598583560436964
1293,0836.png#patch0019,22.67936897277832,0.5769751071929932,0.9001458287239075,0.0053958892822265625
1294,0836.png#patch0020,22.648269653320312,0.6147108674049377,0.9063217043876648,0.00543466629460454
1295,0836.png#patch0021,23.982900619506836,0.7559870481491089,0.9509173631668091,0.003996775485575199
1296,0836.png#patch0022,24.745370864868164,0.8233839273452759,0.9636543989181519,0.0033532255329191685
1297,0836.png#patch0023,25.86391830444336,0.7378965616226196,0.9366756677627563,0.0025918392930179834
1298,0836.png#patch0024,23.36949920654297,0.6920017004013062,0.9312970042228699,0.004603095352649689
1299,0836.png#patch0025,25.744592666625977,0.7510594725608826,0.9488659501075745,0.002664039144292474
1300,0836.png#patch0026,25.533905029296875,0.7375544309616089,0.9387295246124268,0.0027964641340076923
1301,0836.png#patch0027,23.180103302001953,0.6889548897743225,0.9278285503387451,0.004808277823030949
1302,0836.png#patch0028,24.328807830810547,0.7908837795257568,0.9539229869842529,0.003690787125378847
1303,0836.png#patch0029,24.28300666809082,0.796073317527771,0.9583398103713989,0.0037299178075045347
1304,0836.png#patch0030,26.42431640625,0.7365944981575012,0.9427924156188965,0.0022780760191380978
1305,0836.png#patch0031,24.04961585998535,0.704566240310669,0.9309620261192322,0.00393584743142128
1306,0836.png#patch0032,28.136180877685547,0.7559963464736938,0.9496191143989563,0.0015359667595475912
1307,0836.png#patch0033,23.086950302124023,0.5908278226852417,0.8987399339675903,0.004912524949759245
1308,0836.png#patch0034,23.515790939331055,0.5771578550338745,0.8985875844955444,0.004450623877346516
1309,0836.png#patch0035,31.386701583862305,0.9274933934211731,0.9827190637588501,0.0007266572210937738
1310,0836.png#patch0036,24.691383361816406,0.7381154298782349,0.9361613988876343,0.0033951697405427694
1311,0836.png#patch0037,26.002716064453125,0.7402383685112,0.947743833065033,0.0025103152729570866
1312,0836.png#patch0038,24.481773376464844,0.7407350540161133,0.9459424018859863,0.0035630546044558287
1313,0836.png#patch0039,23.863353729248047,0.7183380126953125,0.9358136653900146,0.004108321852982044
1314,0836.png#patch0040,27.599660873413086,0.7285029888153076,0.9410945177078247,0.0017379354685544968
1315,0836.png#patch0041,29.83893394470215,0.8178074955940247,0.960204005241394,0.0010377825237810612
1316,0837.png#patch0000,23.665557861328125,0.7671762108802795,0.9534701704978943,0.00429975800216198
1317,0837.png#patch0001,23.073514938354492,0.7400438189506531,0.9442910552024841,0.004927747417241335
1318,0837.png#patch0002,26.714862823486328,0.8616600036621094,0.9725512862205505,0.0021306569688022137
1319,0837.png#patch0003,26.289709091186523,0.8423006534576416,0.9640539884567261,0.0023497892543673515
1320,0837.png#patch0004,26.399900436401367,0.8375484943389893,0.9658527970314026,0.0022909194231033325
1321,0837.png#patch0005,27.031742095947266,0.8639553189277649,0.9706428647041321,0.0019807317294180393
1322,0837.png#patch0006,29.967710494995117,0.9158613085746765,0.9816009402275085,0.0010074622696265578
1323,0837.png#patch0007,23.832090377807617,0.7198729515075684,0.9413928985595703,0.004138004966080189
1324,0837.png#patch0008,25.287961959838867,0.7543245553970337,0.9463823437690735,0.0029593997169286013
1325,0837.png#patch0009,25.775056838989258,0.7824030518531799,0.9555909633636475,0.0026454173494130373
1326,0837.png#patch0010,26.108369827270508,0.7675992250442505,0.9543648958206177,0.0024499825667589903
1327,0837.png#patch0011,25.206377029418945,0.7159724235534668,0.9390636682510376,0.003015519818291068
1328,0837.png#patch0012,27.380064010620117,0.7933029532432556,0.9504345655441284,0.0018280731746926904
1329,0837.png#patch0013,30.209436416625977,0.8705111742019653,0.9718717932701111,0.0009529192466288805
1330,0837.png#patch0014,29.052629470825195,0.8696301579475403,0.9728994369506836,0.0012437612749636173
1331,0837.png#patch0015,26.129362106323242,0.8082872629165649,0.9589880108833313,0.0024381689727306366
1332,0837.png#patch0016,24.379257202148438,0.7487335801124573,0.9502594470977783,0.0036481621209532022
1333,0837.png#patch0017,26.145221710205078,0.8252293467521667,0.9650928378105164,0.0024292808957397938
1334,0837.png#patch0018,24.587888717651367,0.7290943264961243,0.9400501847267151,0.0034770509228110313
1335,0837.png#patch0019,26.07275390625,0.7875335812568665,0.9528573155403137,0.0024701564107090235
1336,0837.png#patch0020,33.019283294677734,0.91548752784729,0.9812256097793579,0.0004989668377675116
1337,0837.png#patch0021,23.070898056030273,0.683595597743988,0.9352568984031677,0.004930718336254358
1338,0837.png#patch0022,26.321184158325195,0.7839629650115967,0.9560709595680237,0.0023328212555497885
1339,0837.png#patch0023,26.890792846679688,0.7920573353767395,0.9588073492050171,0.002046070760115981
1340,0837.png#patch0024,29.308176040649414,0.8662710785865784,0.9710381031036377,0.001172687392681837
1341,0837.png#patch0025,27.794748306274414,0.8007777333259583,0.9557331800460815,0.0016615947242826223
1342,0837.png#patch0026,26.347789764404297,0.777330219745636,0.9481576085090637,0.0023185734171420336
1343,0837.png#patch0027,28.298080444335938,0.8518137335777283,0.9690746665000916,0.0014797624899074435
1344,0837.png#patch0028,25.132427215576172,0.756506621837616,0.9487823247909546,0.00306730717420578
1345,0837.png#patch0029,25.996013641357422,0.7190761566162109,0.938797116279602,0.002514192136004567
1346,0837.png#patch0030,27.93256187438965,0.8055705428123474,0.9593883752822876,0.0016096954932436347
1347,0837.png#patch0031,28.616342544555664,0.8521737456321716,0.9670485854148865,0.0013751990627497435
1348,0837.png#patch0032,23.797515869140625,0.7446795105934143,0.9397493004798889,0.004171078093349934
1349,0837.png#patch0033,24.45140266418457,0.7409120798110962,0.9446389675140381,0.0035880606155842543
1350,0837.png#patch0034,22.51753044128418,0.6382665038108826,0.915214478969574,0.0056007602252066135
1351,0838.png#patch0000,35.120906829833984,0.9095414280891418,0.9832106828689575,0.0003075453278142959
1352,0838.png#patch0001,35.786991119384766,0.9105556607246399,0.98203444480896,0.00026381592033430934
1353,0838.png#patch0002,38.665653228759766,0.9274381995201111,0.9870164394378662,0.00013596728967968374
1354,0838.png#patch0003,37.646644592285156,0.9111740589141846,0.9837578535079956,0.00017192350060213357
1355,0838.png#patch0004,36.319664001464844,0.8944333791732788,0.9803227782249451,0.00023336379672400653
1356,0838.png#patch0005,40.012176513671875,0.9274172186851501,0.9878950119018555,9.971997496904805e-05
1357,0838.png#patch0006,37.02138900756836,0.8988870978355408,0.9810919761657715,0.00019854579295497388
1358,0838.png#patch0007,40.382259368896484,0.9396045804023743,0.9908329844474792,9.157442400464788e-05
1359,0838.png#patch0008,40.811378479003906,0.9404996037483215,0.9892017245292664,8.295875886688009e-05
1360,0838.png#patch0009,39.19999694824219,0.920266330242157,0.9843214750289917,0.00012022639566566795
1361,0838.png#patch0010,38.61288070678711,0.9144124388694763,0.9860725998878479,0.00013762962771579623
1362,0838.png#patch0011,39.29714584350586,0.9233655333518982,0.987763524055481,0.00011756693857023492
1363,0838.png#patch0012,43.26992416381836,0.9591562151908875,0.9942067861557007,4.7098550567170605e-05
1364,0838.png#patch0013,38.46562957763672,0.9186790585517883,0.9841718673706055,0.0001423760550096631
1365,0838.png#patch0014,43.0881462097168,0.9507203102111816,0.9920405745506287,4.911173527943902e-05
1366,0838.png#patch0015,37.12847900390625,0.8957443833351135,0.9808618426322937,0.000193709900486283
1367,0838.png#patch0016,35.64666748046875,0.85377037525177,0.9692202806472778,0.00027247905381955206
1368,0838.png#patch0017,38.29744338989258,0.9062442183494568,0.9829012155532837,0.00014799792552366853
1369,0838.png#patch0018,41.007347106933594,0.9397077560424805,0.9912404417991638,7.929849380161613e-05
1370,0838.png#patch0019,42.72500228881836,0.9504010081291199,0.9926563501358032,5.339486233424395e-05
1371,0838.png#patch0020,40.51127243041992,0.9260665774345398,0.9882279634475708,8.889398304745555e-05
1372,0838.png#patch0021,43.275550842285156,0.952073335647583,0.9923028945922852,4.703754893853329e-05
1373,0838.png#patch0022,40.59439468383789,0.9381710290908813,0.9899315237998962,8.720882760826498e-05
1374,0838.png#patch0023,37.3549690246582,0.9278819561004639,0.9878461956977844,0.00018386650481261313
1375,0838.png#patch0024,40.73273468017578,0.93796306848526,0.9911322593688965,8.447464642813429e-05
1376,0838.png#patch0025,42.1596565246582,0.9460281729698181,0.9921777248382568,6.081833998905495e-05
1377,0838.png#patch0026,43.55598831176758,0.9571049213409424,0.9933225512504578,4.409619214129634e-05
1378,0838.png#patch0027,41.892433166503906,0.9356569051742554,0.9897505640983582,6.467798084486276e-05
1379,0838.png#patch0028,43.22606658935547,0.951405942440033,0.9921618103981018,4.7576595534337685e-05
1380,0838.png#patch0029,40.79054641723633,0.9598040580749512,0.9920480251312256,8.335759775945917e-05
1381,0838.png#patch0030,40.74858474731445,0.9695994853973389,0.9942939281463623,8.41669098008424e-05
1382,0838.png#patch0031,39.95689010620117,0.9496235251426697,0.9926059246063232,0.0001009975530905649
1383,0838.png#patch0032,42.185516357421875,0.9524310827255249,0.9924575686454773,6.045720510883257e-05
1384,0838.png#patch0033,44.33974075317383,0.9632916450500488,0.994196891784668,3.681508678710088e-05
1385,0838.png#patch0034,42.02639389038086,0.937832236289978,0.9901204705238342,6.271343590924516e-05
1386,0839.png#patch0000,97.97486877441406,1.0,1.0000008344650269,1.59409069278027e-10
1387,0839.png#patch0001,37.420448303222656,0.9846365451812744,0.9981170296669006,0.00018111529061570764
1388,0839.png#patch0002,30.630842208862305,0.8823084235191345,0.977065920829773,0.0008648000657558441
1389,0839.png#patch0003,30.63203239440918,0.8996063470840454,0.9808473587036133,0.0008645629277452826
1390,0839.png#patch0004,38.61811065673828,0.9927868247032166,0.9992451071739197,0.00013746388140134513
1391,0839.png#patch0005,77.445068359375,0.9999829530715942,0.9999982714653015,1.8009158608833786e-08
1392,0839.png#patch0006,91.76557159423828,0.9999997615814209,1.0000008344650269,6.659512941098455e-10
1393,0839.png#patch0007,40.688880920410156,0.9962266087532043,0.9995984435081482,8.533197978977114e-05
1394,0839.png#patch0008,28.49142074584961,0.7308121919631958,0.9427775740623474,0.0014153303345665336
1395,0839.png#patch0009,28.086721420288086,0.7089787125587463,0.9427847862243652,0.0015535588609054685
1396,0839.png#patch0010,28.287357330322266,0.7371463775634766,0.9475829005241394,0.001483420142903924
1397,0839.png#patch0011,26.79644203186035,0.6652292609214783,0.9279649257659912,0.0020910075400024652
1398,0839.png#patch0012,33.41437911987305,0.9418953657150269,0.9908405542373657,0.0004555770137812942
1399,0839.png#patch0013,82.58988952636719,0.9999937415122986,0.999999463558197,5.508215661365057e-09
1400,0839.png#patch0014,25.85189437866211,0.697571873664856,0.9422978758811951,0.002599024213850498
1401,0839.png#patch0015,29.390195846557617,0.8364527225494385,0.9721216559410095,0.0011507478775456548
1402,0839.png#patch0016,33.293052673339844,0.7854145169258118,0.9610053300857544,0.00046848360216245055
1403,0839.png#patch0017,32.25955581665039,0.8059205412864685,0.967446506023407,0.0005943527794443071
1404,0839.png#patch0018,35.68300247192383,0.8751404881477356,0.982810378074646,0.0002702089841477573
1405,0839.png#patch0019,29.910470962524414,0.7796674966812134,0.9570087790489197,0.0010208284948021173
1406,0839.png#patch0020,81.8599624633789,0.9999944567680359,0.9999992847442627,6.516339468021215e-09
1407,0839.png#patch0021,24.633255004882812,0.6477324366569519,0.9315751791000366,0.003440919565036893
1408,0839.png#patch0022,26.826162338256836,0.6960337162017822,0.9481123089790344,0.002076747128739953
1409,0839.png#patch0023,32.222660064697266,0.7700906991958618,0.9597874283790588,0.0005994236562401056
1410,0839.png#patch0024,32.81393814086914,0.8694436550140381,0.979299008846283,0.0005231256363913417
1411,0839.png#patch0025,32.04616165161133,0.8399521112442017,0.9751765131950378,0.0006242860690690577
1412,0839.png#patch0026,34.60306167602539,0.9334280490875244,0.9893391728401184,0.0003464925102889538
1413,0839.png#patch0027,55.359657287597656,0.9980008006095886,0.9997914433479309,2.9109444312780397e-06
1414,0839.png#patch0028,29.984647750854492,0.7599568963050842,0.9566614031791687,0.0010035408195108175
1415,0839.png#patch0029,29.087100982666016,0.7559266686439514,0.9567487239837646,0.0012339282548055053
1416,0839.png#patch0030,28.382322311401367,0.7130670547485352,0.9480552077293396,0.0014513350324705243
1417,0839.png#patch0031,29.11622428894043,0.7369996905326843,0.9507428407669067,0.001225680811330676
1418,0839.png#patch0032,29.268983840942383,0.7406543493270874,0.9521011114120483,0.0011833179742097855
1419,0839.png#patch0033,27.27960777282715,0.6954229474067688,0.9438661932945251,0.001870851032435894
1420,0839.png#patch0034,27.47849464416504,0.7154566049575806,0.9510468244552612,0.0017871062736958265
1421,0840.png#patch0000,28.922130584716797,0.7582840323448181,0.9528344869613647,0.0012817016104236245
1422,0840.png#patch0001,28.372940063476562,0.7978945970535278,0.9562360048294067,0.0014544740552082658
1423,0840.png#patch0002,31.51641845703125,0.9031497836112976,0.9819837808609009,0.0007052745204418898
1424,0840.png#patch0003,39.660400390625,0.9677802920341492,0.995045006275177,0.00010813341941684484
1425,0840.png#patch0004,38.08424377441406,0.9479207992553711,0.9899935722351074,0.00015544462075922638
1426,0840.png#patch0005,38.60295867919922,0.9651373624801636,0.994280993938446,0.00013794434198644012
1427,0840.png#patch0006,45.06918716430664,0.9818949699401855,0.9974242448806763,3.1122959626372904e-05
1428,0840.png#patch0007,30.51555061340332,0.8212792873382568,0.9677306413650513,0.0008880653767846525
1429,0840.png#patch0008,30.536094665527344,0.8538591861724854,0.9706593751907349,0.0008838737849146128
1430,0840.png#patch0009,29.242795944213867,0.7719031572341919,0.9571843147277832,0.0011904751881957054
1431,0840.png#patch0010,33.07084274291992,0.8827502727508545,0.9788260459899902,0.0004930779105052352
1432,0840.png#patch0011,35.98501205444336,0.9441988468170166,0.9889271259307861,0.00025205701240338385
1433,0840.png#patch0012,33.420692443847656,0.9117006063461304,0.9817277789115906,0.00045491548371501267
1434,0840.png#patch0013,30.926176071166992,0.8735645413398743,0.9766544103622437,0.0008079458493739367
1435,0840.png#patch0014,29.58574104309082,0.780384361743927,0.9593592286109924,0.0011000840459018946
1436,0840.png#patch0015,33.50688552856445,0.885473906993866,0.9767540693283081,0.0004459755728021264
1437,0840.png#patch0016,34.25303268432617,0.8896654844284058,0.97700434923172,0.00037557483301497996
1438,0840.png#patch0017,30.318723678588867,0.8330572247505188,0.9655281901359558,0.000929239031393081
1439,0840.png#patch0018,28.385986328125,0.8024104833602905,0.9594322443008423,0.0014501112746074796
1440,0840.png#patch0019,28.581872940063477,0.8400393724441528,0.9693031907081604,0.0013861575862392783
1441,0840.png#patch0020,29.985260009765625,0.8093796372413635,0.9585465788841248,0.0010033991420641541
1442,0840.png#patch0021,26.83395767211914,0.7492235898971558,0.9529348015785217,0.002073023235425353
1443,0840.png#patch0022,30.653223037719727,0.8166583776473999,0.9601491689682007,0.0008603548048995435
1444,0840.png#patch0023,30.113513946533203,0.8047295212745667,0.9618722200393677,0.0009742006659507751
1445,0840.png#patch0024,27.80731773376465,0.7837716937065125,0.95664381980896,0.0016567931743338704
1446,0840.png#patch0025,27.80622673034668,0.7573577761650085,0.9522122740745544,0.0016572086606174707
1447,0840.png#patch0026,25.84953498840332,0.6919792890548706,0.933127760887146,0.002600437495857477
1448,0840.png#patch0027,27.722963333129883,0.7636810541152954,0.9495740532875061,0.0016892872517928481
1449,0840.png#patch0028,30.843881607055664,0.9043552279472351,0.9852740168571472,0.000823401496745646
1450,0840.png#patch0029,28.791601181030273,0.7837138175964355,0.9587311744689941,0.001320808194577694
1451,0840.png#patch0030,27.778398513793945,0.6997546553611755,0.9346398115158081,0.001667861477471888
1452,0840.png#patch0031,27.332111358642578,0.7170056700706482,0.9405059814453125,0.0018483699532225728
1453,0840.png#patch0032,27.138179779052734,0.7519292235374451,0.9495552778244019,0.0019327779300510883
1454,0840.png#patch0033,26.38949966430664,0.7737629413604736,0.9562174081802368,0.0022964130621403456
1455,0840.png#patch0034,29.318479537963867,0.831083357334137,0.9662848114967346,0.0011699087917804718
1456,0841.png#patch0000,32.3761100769043,0.9027419686317444,0.9803096055984497,0.0005786140100099146
1457,0841.png#patch0001,27.213224411010742,0.821674644947052,0.9640129208564758,0.0018996675498783588
1458,0841.png#patch0002,27.63869285583496,0.8040679693222046,0.9630330204963684,0.0017223863396793604
1459,0841.png#patch0003,30.0684871673584,0.8398909568786621,0.9659776091575623,0.0009843535954132676
1460,0841.png#patch0004,32.936004638671875,0.8590161204338074,0.9703899025917053,0.0005086270393803716
1461,0841.png#patch0005,30.43593978881836,0.8174278140068054,0.9621320962905884,0.0009044943726621568
1462,0841.png#patch0006,27.36281394958496,0.8127517700195312,0.9612225890159607,0.0018353485502302647
1463,0841.png#patch0007,36.835975646972656,0.9204612970352173,0.9810531735420227,0.00020720592874567956
1464,0841.png#patch0008,24.318994522094727,0.7845155596733093,0.9578417539596558,0.0036991366650909185
1465,0841.png#patch0009,23.94034194946289,0.7252681851387024,0.940581202507019,0.004036134108901024
1466,0841.png#patch0010,26.793407440185547,0.7642027139663696,0.9520203471183777,0.0020924697164446115
1467,0841.png#patch0011,28.869470596313477,0.7778685688972473,0.952619194984436,0.0012973371194675565
1468,0841.png#patch0012,25.106903076171875,0.7332364320755005,0.9433963894844055,0.003085387172177434
1469,0841.png#patch0013,24.004169464111328,0.7784667015075684,0.9536665678024292,0.00397725123912096
1470,0841.png#patch0014,35.266483306884766,0.8933433294296265,0.9771930575370789,0.0002974072704091668
1471,0841.png#patch0015,31.144628524780273,0.8237140774726868,0.9591650366783142,0.0007683107396587729
1472,0841.png#patch0016,25.241247177124023,0.7444789409637451,0.9441896080970764,0.0029914050828665495
1473,0841.png#patch0017,23.648929595947266,0.6616567373275757,0.9251683950424194,0.004316254518926144
1474,0841.png#patch0018,22.99296760559082,0.6471115350723267,0.9219664931297302,0.0050199939869344234
1475,0841.png#patch0019,26.123796463012695,0.7671414613723755,0.9515122771263123,0.00244129472412169
1476,0841.png#patch0020,24.74552345275879,0.8072087168693542,0.9492562413215637,0.0033531086519360542
1477,0841.png#patch0021,40.996761322021484,0.9582298994064331,0.9896018505096436,7.949206337798387e-05
1478,0841.png#patch0022,33.80137634277344,0.8837145566940308,0.9719439148902893,0.0004167371371295303
1479,0841.png#patch0023,34.45903778076172,0.9078857898712158,0.9809116125106812,0.00035817563184536994
1480,0841.png#patch0024,34.83699035644531,0.8744315505027771,0.9739389419555664,0.0003283226687926799
1481,0841.png#patch0025,34.577392578125,0.8956472873687744,0.9775898456573486,0.0003485463676042855
1482,0841.png#patch0026,39.300514221191406,0.9445697069168091,0.9868898391723633,0.00011747582902899012
1483,0841.png#patch0027,28.21756362915039,0.8801138997077942,0.9680346250534058,0.0015074522234499454
1484,0841.png#patch0028,53.77519607543945,0.995704174041748,0.9993479251861572,4.192566393612651e-06
1485,0841.png#patch0029,49.32147216796875,0.9898682832717896,0.9982398748397827,1.1691020517901052e-05
1486,0841.png#patch0030,42.24190902709961,0.9712909460067749,0.994671642780304,5.967722609057091e-05
1487,0841.png#patch0031,37.17375183105469,0.9006777405738831,0.9786345362663269,0.00019170106679666787
1488,0841.png#patch0032,37.51301574707031,0.896955132484436,0.9770078659057617,0.00017729571845848113
1489,0841.png#patch0033,38.83063507080078,0.9134588837623596,0.9844564199447632,0.0001308989740209654
1490,0841.png#patch0034,32.67839813232422,0.8790940642356873,0.9749634861946106,0.000539709348231554
1491,0842.png#patch0000,58.2806282043457,0.998428225517273,0.999799907207489,1.4857199630569085e-06
1492,0842.png#patch0001,53.022117614746094,0.9968676567077637,0.9995981454849243,4.986408839613432e-06
1493,0842.png#patch0002,56.693397521972656,0.9978572726249695,0.99970942735672,2.141212007700233e-06
1494,0842.png#patch0003,29.84897804260254,0.8998977541923523,0.9778864979743958,0.0010353855323046446
1495,0842.png#patch0004,27.979473114013672,0.9098665118217468,0.9805656671524048,0.001592401647940278
1496,0842.png#patch0005,56.03038024902344,0.9972720146179199,0.9996568560600281,2.494375621608924e-06
1497,0842.png#patch0006,55.25074768066406,0.9967735409736633,0.9996016621589661,2.984867023769766e-06
1498,0842.png#patch0007,52.80685043334961,0.9955886602401733,0.9993960857391357,5.239801339484984e-06
1499,0842.png#patch0008,41.03898239135742,0.9865030646324158,0.9983727335929871,7.872300921007991e-05
1500,0842.png#patch0009,28.453453063964844,0.7889233827590942,0.9606850147247314,0.0014277580194175243
1501,0842.png#patch0010,28.06001853942871,0.7926875948905945,0.9596357345581055,0.0015631405403837562
1502,0842.png#patch0011,25.948896408081055,0.6545400023460388,0.9228578209877014,0.0025416172575205564
1503,0842.png#patch0012,42.8982048034668,0.9917975068092346,0.9988917112350464,5.130735371494666e-05
1504,0842.png#patch0013,56.395729064941406,0.9975440502166748,0.9996903538703918,2.2931214971322333e-06
1505,0842.png#patch0014,48.6007080078125,0.9887717962265015,0.9982072710990906,1.3801580280414782e-05
1506,0842.png#patch0015,31.218332290649414,0.8018152117729187,0.9589841961860657,0.0007553820614703
1507,0842.png#patch0016,34.90924835205078,0.9241183400154114,0.9887938499450684,0.00032290516537614167
1508,0842.png#patch0017,35.42897415161133,0.8587517142295837,0.9753528833389282,0.00028648533043451607
1509,0842.png#patch0018,34.13256072998047,0.9398314952850342,0.9912276268005371,0.0003861393197439611
1510,0842.png#patch0019,34.624874114990234,0.9729967713356018,0.9965675473213196,0.000344756554113701
1511,0842.png#patch0020,46.425479888916016,0.9931812286376953,0.99906325340271,2.2774649551138282e-05
1512,0842.png#patch0021,42.316864013671875,0.9855297207832336,0.9979172348976135,5.8656147302826867e-05
1513,0842.png#patch0022,29.62472915649414,0.7034624814987183,0.9324033260345459,0.0010902524227276444
1514,0842.png#patch0023,32.94346618652344,0.8346889019012451,0.9669870138168335,0.0005077539244666696
1515,0842.png#patch0024,29.28558921813965,0.6476282477378845,0.91490638256073,0.0011788023402914405
1516,0842.png#patch0025,27.613964080810547,0.6644557118415833,0.9289107322692871,0.0017322218045592308
1517,0842.png#patch0026,27.656442642211914,0.8381603360176086,0.966419517993927,0.0017153607914224267
1518,0842.png#patch0027,29.603464126586914,0.8393933773040771,0.9649659395217896,0.0010956040350720286
1519,0842.png#patch0028,24.708810806274414,0.6775966882705688,0.9334856867790222,0.0033815738279372454
1520,0842.png#patch0029,28.121355056762695,0.7052223682403564,0.9338155388832092,0.0015412194188684225
1521,0842.png#patch0030,28.386981964111328,0.7078172564506531,0.9326215386390686,0.0014497785596176982
1522,0842.png#patch0031,29.332183837890625,0.7056527137756348,0.9243144989013672,0.0011662227334454656
1523,0842.png#patch0032,27.12392807006836,0.7149093747138977,0.9389398097991943,0.0019391314126551151
1524,0842.png#patch0033,31.96603775024414,0.8886798024177551,0.9781194925308228,0.0006359107210300863
1525,0842.png#patch0034,31.979543685913086,0.9229469895362854,0.9842337965965271,0.000633935967925936
1526,0843.png#patch0000,86.07312774658203,1.000001311302185,1.0000019073486328,2.4699440270836703e-09
1527,0843.png#patch0001,86.0771713256836,1.0000011920928955,1.0000016689300537,2.4676429788428322e-09
1528,0843.png#patch0002,83.12798309326172,0.9999991655349731,1.0000011920928955,4.8663286733585664e-09
1529,0843.png#patch0003,75.4496841430664,0.9999741911888123,0.9999973177909851,2.8512225469512487e-08
1530,0843.png#patch0004,75.55561828613281,0.9999805092811584,0.9999979734420776,2.7825150183957703e-08
1531,0843.png#patch0005,84.49626922607422,0.9999998807907104,1.0000009536743164,3.5511813489819133e-09
1532,0843.png#patch0006,86.05110168457031,1.000001072883606,1.0000016689300537,2.4825024258490203e-09
1533,0843.png#patch0007,86.07312774658203,1.000001311302185,1.0000019073486328,2.4699440270836703e-09
1534,0843.png#patch0008,85.69295501708984,1.0000004768371582,1.000001072883606,2.695899725679851e-09
1535,0843.png#patch0009,43.23161697387695,0.9825407266616821,0.9978275299072266,4.751584128825925e-05
1536,0843.png#patch0010,35.733734130859375,0.9153406023979187,0.9882065057754517,0.00026707080542109907
1537,0843.png#patch0011,36.47386932373047,0.9323540925979614,0.991069495677948,0.0002252230915473774
1538,0843.png#patch0012,42.72066116333008,0.9904391765594482,0.9988325834274292,5.3448286053026095e-05
1539,0843.png#patch0013,86.00418853759766,1.0000009536743164,1.0000016689300537,2.5094628597344126e-09
1540,0843.png#patch0014,86.07312774658203,1.000001311302185,1.0000019073486328,2.4699440270836703e-09
1541,0843.png#patch0015,85.95726776123047,1.0000005960464478,1.0000009536743164,2.536725496327108e-09
1542,0843.png#patch0016,35.830413818359375,0.9339691996574402,0.9901959896087646,0.000261191074969247
1543,0843.png#patch0017,28.774158477783203,0.8923588395118713,0.982589066028595,0.0013261237181723118
1544,0843.png#patch0018,32.50801467895508,0.9066540002822876,0.9867479205131531,0.0005613044486381114
1545,0843.png#patch0019,34.86895751953125,0.9385601282119751,0.9917957782745361,0.0003259147342760116
1546,0843.png#patch0020,84.71544647216797,0.9999995827674866,1.0000008344650269,3.376410928623841e-09
1547,0843.png#patch0021,86.06598663330078,1.0000011920928955,1.0000017881393433,2.4740067772199836e-09
1548,0843.png#patch0022,83.709716796875,0.999998927116394,1.000001311302185,4.256261565416253e-09
1549,0843.png#patch0023,41.53092956542969,0.9902492165565491,0.9988161325454712,7.029218977550045e-05
1550,0843.png#patch0024,32.87828826904297,0.9399496912956238,0.9919647574424744,0.0005154315149411559
1551,0843.png#patch0025,33.383934020996094,0.9220754504203796,0.989474892616272,0.000458782073110342
1552,0843.png#patch0026,39.05350875854492,0.9549863934516907,0.9930807948112488,0.00012435087410267442
1553,0843.png#patch0027,86.14146423339844,1.000001072883606,1.0000014305114746,2.4313806523679204e-09
1554,0843.png#patch0028,86.07312774658203,1.000001311302185,1.0000019073486328,2.4699440270836703e-09
1555,0843.png#patch0029,86.29618072509766,1.0000011920928955,1.0000016689300537,2.346290939314599e-09
1556,0843.png#patch0030,86.29618072509766,1.0000011920928955,1.0000016689300537,2.346290939314599e-09
1557,0843.png#patch0031,41.65485763549805,0.9756082892417908,0.9964285492897034,6.831470091128722e-05
1558,0843.png#patch0032,50.06838607788086,0.9937398433685303,0.9991179704666138,9.84376220003469e-06
1559,0843.png#patch0033,77.68659210205078,0.9999831914901733,0.9999984502792358,1.7034937016546792e-08
1560,0843.png#patch0034,86.09980010986328,1.0000007152557373,1.0000015497207642,2.454818792685387e-09
1561,0844.png#patch0000,57.07697677612305,0.9978806376457214,0.999643087387085,1.960208692253218e-06
1562,0844.png#patch0001,58.413734436035156,0.9984467029571533,0.9997335076332092,1.4408747119887266e-06
1563,0844.png#patch0002,59.83436584472656,0.9988651275634766,0.9998096227645874,1.0388752116341493e-06
1564,0844.png#patch0003,57.52819061279297,0.9982746839523315,0.999711811542511,1.7667734937276691e-06
1565,0844.png#patch0004,52.766075134277344,0.9951196908950806,0.9990537762641907,5.289227829052834e-06
1566,0844.png#patch0005,58.48643112182617,0.9984915256500244,0.9997377991676331,1.4169563655741513e-06
1567,0844.png#patch0006,60.98258972167969,0.9991304278373718,0.9998579025268555,7.975186235853471e-07
1568,0844.png#patch0007,60.752601623535156,0.999095618724823,0.9998422265052795,8.408911753576831e-07
1569,0844.png#patch0008,54.60627746582031,0.9967426657676697,0.9994015693664551,3.462357199168764e-06
1570,0844.png#patch0009,53.246673583984375,0.9957298040390015,0.9991036653518677,4.735135462397011e-06
1571,0844.png#patch0010,59.735599517822266,0.9988533854484558,0.9997963309288025,1.062771389115369e-06
1572,0844.png#patch0011,60.982154846191406,0.999146580696106,0.9998640418052673,7.975987728059408e-07
1573,0844.png#patch0012,58.19952392578125,0.9984450340270996,0.9997296333312988,1.5137262607822777e-06
1574,0844.png#patch0013,52.77180862426758,0.9955828189849854,0.999114990234375,5.282248366711428e-06
1575,0844.png#patch0014,51.935359954833984,0.9947583079338074,0.9987296462059021,6.4041814766824245e-06
1576,0844.png#patch0015,61.22126770019531,0.9991938471794128,0.9998558759689331,7.548711664639995e-07
1577,0844.png#patch0016,58.74819564819336,0.998589277267456,0.9997674822807312,1.3340758187041502e-06
1578,0844.png#patch0017,56.65784454345703,0.9977678060531616,0.9995932579040527,2.158812776542618e-06
1579,0844.png#patch0018,53.81636428833008,0.9963961839675903,0.9991894364356995,4.153013833274599e-06
1580,0844.png#patch0019,49.0787467956543,0.9911498427391052,0.9977673292160034,1.2363037967588753e-05
1581,0844.png#patch0020,58.20966339111328,0.9983701705932617,0.9997069239616394,1.510196511844697e-06
1582,0844.png#patch0021,55.004215240478516,0.9975908994674683,0.9995688199996948,3.159209200020996e-06
1583,0844.png#patch0022,30.58714485168457,0.9468472003936768,0.9898986220359802,0.0008735450683161616
1584,0844.png#patch0023,34.260711669921875,0.9632003903388977,0.9926995635032654,0.00037491144030354917
1585,0844.png#patch0024,38.14426803588867,0.9681138396263123,0.9931952953338623,0.0001533109025331214
1586,0844.png#patch0025,56.5592155456543,0.9976294636726379,0.9995861053466797,2.2084018382884096e-06
1587,0844.png#patch0026,39.0171012878418,0.9856670498847961,0.9971028566360474,0.000125397666124627
1588,0844.png#patch0027,43.158546447753906,0.9811822175979614,0.9956462979316711,4.83220283058472e-05
1589,0844.png#patch0028,36.81389617919922,0.9645870923995972,0.9926648139953613,0.00020826207764912397
1590,0844.png#patch0029,33.18612289428711,0.9363991022109985,0.986362099647522,0.00048016186337918043
1591,0844.png#patch0030,42.98478698730469,0.993497908115387,0.9988997578620911,5.0294591346755624e-05
1592,0844.png#patch0031,42.16288375854492,0.9859183430671692,0.9971801042556763,6.077311627450399e-05
1593,0844.png#patch0032,52.30887222290039,0.9942740201950073,0.9990836381912231,5.876418526895577e-06
1594,0844.png#patch0033,44.77214431762695,0.9896361827850342,0.9979180693626404,3.3326170523650944e-05
1595,0844.png#patch0034,40.30857467651367,0.9674686193466187,0.9926730990409851,9.314128692494705e-05
1596,0845.png#patch0000,25.635635375976562,0.642604649066925,0.9220173954963684,0.0027317204512655735
1597,0845.png#patch0001,20.632211685180664,0.5073410272598267,0.8969994783401489,0.008645275607705116
1598,0845.png#patch0002,21.329906463623047,0.6686972379684448,0.9338062405586243,0.007362229283899069
1599,0845.png#patch0003,20.98830223083496,0.5779200196266174,0.9092980623245239,0.007964703254401684
1600,0845.png#patch0004,21.076398849487305,0.5763382911682129,0.9075798392295837,0.007804769556969404
1601,0845.png#patch0005,22.850191116333008,0.7192215323448181,0.9470275640487671,0.005187769886106253
1602,0845.png#patch0006,20.35621452331543,0.6460133790969849,0.9325853586196899,0.00921251717954874
1603,0845.png#patch0007,19.930845260620117,0.6020382642745972,0.8969358801841736,0.010160510428249836
1604,0845.png#patch0008,20.345243453979492,0.4831943213939667,0.8762708902359009,0.009235821664333344
1605,0845.png#patch0009,27.18446159362793,0.8472287654876709,0.9766377210617065,0.0019122897647321224
1606,0845.png#patch0010,19.340675354003906,0.42175158858299255,0.8282986879348755,0.011639445088803768
1607,0845.png#patch0011,20.094867706298828,0.4578161835670471,0.8458240032196045,0.00978392269462347
1608,0845.png#patch0012,32.41476058959961,0.8724992275238037,0.9819239377975464,0.000573487370274961
1609,0845.png#patch0013,21.37530517578125,0.709306001663208,0.9434202313423157,0.007285670377314091
1610,0845.png#patch0014,38.6777458190918,0.8735620975494385,0.9821552634239197,0.00013558915816247463
1611,0845.png#patch0015,39.20079803466797,0.8860573172569275,0.9841265678405762,0.0001202043131343089
1612,0845.png#patch0016,40.61082077026367,0.914575457572937,0.98835688829422,8.687959052622318e-05
1613,0845.png#patch0017,41.38920211791992,0.9274869561195374,0.9901935458183289,7.262391591211781e-05
1614,0845.png#patch0018,40.93721389770508,0.9202045202255249,0.9889481067657471,8.058944513322785e-05
1615,0845.png#patch0019,39.62139129638672,0.8954657316207886,0.9854460954666138,0.00010910897981375456
1616,0845.png#patch0020,38.85429763793945,0.8781134486198425,0.982928991317749,0.00013018770550843328
1617,0845.png#patch0021,29.88494873046875,0.7647635340690613,0.9548327326774597,0.0010268449550494552
1618,0845.png#patch0022,23.791715621948242,0.66336590051651,0.9251375794410706,0.004176652990281582
1619,0845.png#patch0023,24.739612579345703,0.8093269467353821,0.9674516916275024,0.0033576746936887503
1620,0845.png#patch0024,22.278879165649414,0.6080654263496399,0.8957750797271729,0.005917140282690525
1621,0845.png#patch0025,22.259069442749023,0.6189714074134827,0.9183192253112793,0.0059441919438540936
1622,0845.png#patch0026,23.66735076904297,0.7680836915969849,0.9597029089927673,0.004297983832657337
1623,0845.png#patch0027,22.428455352783203,0.6558452844619751,0.9217862486839294,0.005716817919164896
1624,0845.png#patch0028,36.67410659790039,0.8953837752342224,0.9817886352539062,0.00021507451310753822
1625,0845.png#patch0029,27.1618595123291,0.774884045124054,0.9587522149085999,0.0019222680712118745
1626,0845.png#patch0030,21.60875129699707,0.6967043280601501,0.9396409392356873,0.006904379464685917
1627,0845.png#patch0031,21.041955947875977,0.6343448758125305,0.9048352241516113,0.007866915315389633
1628,0845.png#patch0032,20.30301284790039,0.6175137758255005,0.9040519595146179,0.009326069615781307
1629,0845.png#patch0033,21.823301315307617,0.7052643299102783,0.943240761756897,0.006571581121534109
1630,0845.png#patch0034,26.56476593017578,0.7862476110458374,0.9615996479988098,0.0022055828012526035
1631,0846.png#patch0000,32.84033203125,0.9810760021209717,0.996971607208252,0.0005199560546316206
1632,0846.png#patch0001,61.09091567993164,0.9991719722747803,0.9998586773872375,7.778721169415803e-07
1633,0846.png#patch0002,61.76026916503906,0.9992815852165222,0.9998639822006226,6.667650040981243e-07
1634,0846.png#patch0003,25.769798278808594,0.893898606300354,0.9686489701271057,0.0026486224960535765
1635,0846.png#patch0004,24.747272491455078,0.8671330213546753,0.9626683592796326,0.0033517584670335054
1636,0846.png#patch0005,87.57135009765625,1.0000008344650269,1.0000065565109253,1.7493028137138822e-09
1637,0846.png#patch0006,87.57135009765625,1.0000008344650269,1.0000065565109253,1.7493028137138822e-09
1638,0846.png#patch0007,20.793907165527344,0.7411576509475708,0.9319291114807129,0.00832931138575077
1639,0846.png#patch0008,25.36153793334961,0.9080721735954285,0.9814189672470093,0.0029096861835569143
1640,0846.png#patch0009,24.62883949279785,0.869000256061554,0.9708024263381958,0.003444419242441654
1641,0846.png#patch0010,19.023271560668945,0.6208493709564209,0.8777710795402527,0.012521973811089993
1642,0846.png#patch0011,18.60711669921875,0.6022578477859497,0.8663715124130249,0.013781240209937096
1643,0846.png#patch0012,23.70671272277832,0.8521808385848999,0.9624862670898438,0.004259205423295498
1644,0846.png#patch0013,32.27296447753906,0.965506374835968,0.9943263530731201,0.0005925207515247166
1645,0846.png#patch0014,25.554174423217773,0.725125789642334,0.9451749920845032,0.0027834433130919933
1646,0846.png#patch0015,24.358156204223633,0.6707838177680969,0.9375612139701843,0.00366593012586236
1647,0846.png#patch0016,22.396013259887695,0.702329158782959,0.9457761645317078,0.005759683437645435
1648,0846.png#patch0017,19.20952606201172,0.6041398644447327,0.8975107073783875,0.011996295303106308
1649,0846.png#patch0018,19.140625,0.5939143300056458,0.8800771236419678,0.012188141234219074
1650,0846.png#patch0019,23.812023162841797,0.6867215633392334,0.9406314492225647,0.004157169256359339
1651,0846.png#patch0020,21.132728576660156,0.63267982006073,0.9327247142791748,0.007704191841185093
1652,0846.png#patch0021,31.47995948791504,0.7442522644996643,0.9521855711936951,0.0007112199673429132
1653,0846.png#patch0022,29.183197021484375,0.6537667512893677,0.9345966577529907,0.0012069247895851731
1654,0846.png#patch0023,24.64002799987793,0.6993906497955322,0.9452312588691711,0.0034355572424829006
1655,0846.png#patch0024,21.514144897460938,0.5809512138366699,0.8940187692642212,0.007056437898427248
1656,0846.png#patch0025,21.739971160888672,0.6088125705718994,0.9142776131629944,0.006698888726532459
1657,0846.png#patch0026,31.393381118774414,0.8197250962257385,0.9658781290054321,0.0007255406235344708
1658,0846.png#patch0027,23.896085739135742,0.5745944380760193,0.9247102737426758,0.004077475052326918
1659,0846.png#patch0028,32.98897933959961,0.7832974791526794,0.9564733505249023,0.000502460403367877
1660,0846.png#patch0029,30.088376998901367,0.685553789138794,0.9412654042243958,0.0009798557730391622
1661,0846.png#patch0030,30.642528533935547,0.8010451793670654,0.9644126296043396,0.0008624762413091958
1662,0846.png#patch0031,26.29334259033203,0.6557206511497498,0.9261327385902405,0.0023478246293962
1663,0846.png#patch0032,27.104740142822266,0.6951560974121094,0.9346870183944702,0.001947716809809208
1664,0846.png#patch0033,36.55657958984375,0.9048334956169128,0.9821118116378784,0.0002209741942351684
1665,0846.png#patch0034,29.69713592529297,0.7258943319320679,0.9405766725540161,0.0010722262086346745
1666,0847.png#patch0000,75.20332336425781,0.9999436140060425,0.9999867081642151,3.017640182179093e-08
1667,0847.png#patch0001,31.381792068481445,0.912354588508606,0.9822630882263184,0.0007274792296811938
1668,0847.png#patch0002,30.991130828857422,0.8930941224098206,0.9772875905036926,0.0007959516951814294
1669,0847.png#patch0003,32.91643142700195,0.8708318471908569,0.9688869714736938,0.0005109247285872698
1670,0847.png#patch0004,29.796680450439453,0.8703737258911133,0.9746419191360474,0.0010479289339855313
1671,0847.png#patch0005,65.82543182373047,0.9996945858001709,0.9999423027038574,2.6149083964810416e-07
1672,0847.png#patch0006,32.94783020019531,0.9290871024131775,0.9854615330696106,0.0005072440835647285
1673,0847.png#patch0007,32.027557373046875,0.9115514755249023,0.981090247631073,0.0006269662990234792
1674,0847.png#patch0008,29.014965057373047,0.8939210772514343,0.9785517454147339,0.0012545945355668664
1675,0847.png#patch0009,29.166362762451172,0.9007445573806763,0.9790670871734619,0.0012116121361032128
1676,0847.png#patch0010,32.69037628173828,0.9227555990219116,0.9810317754745483,0.0005382230738177896
1677,0847.png#patch0011,30.722492218017578,0.8945109248161316,0.9775959849357605,0.0008467410807497799
1678,0847.png#patch0012,29.34549903869629,0.871418297290802,0.9724975228309631,0.0011626528576016426
1679,0847.png#patch0013,30.757976531982422,0.903177797794342,0.9804051518440247,0.0008398506906814873
1680,0847.png#patch0014,34.769283294677734,0.9327075481414795,0.9847775101661682,0.0003334816137794405
1681,0847.png#patch0015,30.961877822875977,0.9121405482292175,0.9813368320465088,0.000801331305410713
1682,0847.png#patch0016,24.66470718383789,0.7811765074729919,0.950038731098175,0.003416090039536357
1683,0847.png#patch0017,27.405717849731445,0.8197605013847351,0.9621775150299072,0.001817306037992239
1684,0847.png#patch0018,29.746225357055664,0.8525847792625427,0.9669412970542908,0.0010601741960272193
1685,0847.png#patch0019,32.212284088134766,0.9241353273391724,0.9854236245155334,0.0006008573691360652
1686,0847.png#patch0020,26.692493438720703,0.842867910861969,0.9671079516410828,0.002141660312190652
1687,0847.png#patch0021,24.924240112304688,0.7640600204467773,0.9435610771179199,0.0032179260160773993
1688,0847.png#patch0022,24.146947860717773,0.7628771662712097,0.9502549171447754,0.003848620690405369
1689,0847.png#patch0023,24.791433334350586,0.7513293623924255,0.9369975924491882,0.0033178485464304686
1690,0847.png#patch0024,25.29580307006836,0.8150300979614258,0.9610577821731567,0.002954063005745411
1691,0847.png#patch0025,31.31167984008789,0.9094579815864563,0.9832330346107483,0.0007393188425339758
1692,0847.png#patch0026,26.008371353149414,0.8049815893173218,0.9588046073913574,0.0025070488918572664
1693,0847.png#patch0027,24.252099990844727,0.6893910765647888,0.924342930316925,0.003756555262953043
1694,0847.png#patch0028,22.367034912109375,0.5346902012825012,0.8411874175071716,0.005798242520540953
1695,0847.png#patch0029,24.66708755493164,0.8045184016227722,0.9601113200187683,0.0034142169170081615
1696,0847.png#patch0030,33.21337890625,0.7863608598709106,0.9531568884849548,0.0004771578242070973
1697,0847.png#patch0031,25.613452911376953,0.7258184552192688,0.9293214678764343,0.0027457100804895163
1698,0847.png#patch0032,25.116743087768555,0.7597112655639648,0.947858452796936,0.003078402718529105
1699,0847.png#patch0033,25.77376365661621,0.7623015642166138,0.9529364109039307,0.0026462054811418056
1700,0847.png#patch0034,25.13149070739746,0.7615233063697815,0.9437598586082458,0.0030679686460644007
1701,0848.png#patch0000,32.06759262084961,0.7583014369010925,0.9556460380554199,0.0006212132866494358
1702,0848.png#patch0001,28.265501022338867,0.7638394236564636,0.9552239179611206,0.0014909044839441776
1703,0848.png#patch0002,23.659269332885742,0.6798799633979797,0.9255804419517517,0.004305989947170019
1704,0848.png#patch0003,30.64521598815918,0.8136494755744934,0.9724794626235962,0.0008619422442279756
1705,0848.png#patch0004,25.7019100189209,0.7974604368209839,0.9601387977600098,0.0026903506368398666
1706,0848.png#patch0005,31.920841217041016,0.851701557636261,0.9776690006256104,0.0006425629835575819
1707,0848.png#patch0006,33.43678665161133,0.8354897499084473,0.9746593832969666,0.0004532327002380043
1708,0848.png#patch0007,31.571022033691406,0.7532647848129272,0.957440197467804,0.0006964622298255563
1709,0848.png#patch0008,29.85659408569336,0.7903363108634949,0.9669027924537659,0.0010335709666833282
1710,0848.png#patch0009,28.165664672851562,0.7747386693954468,0.9661030769348145,0.0015255744801834226
1711,0848.png#patch0010,23.70408058166504,0.6815299987792969,0.9378163814544678,0.004261787980794907
1712,0848.png#patch0011,23.4348201751709,0.7061623930931091,0.9406312108039856,0.004534379579126835
1713,0848.png#patch0012,27.776674270629883,0.7639352679252625,0.9642955660820007,0.001668524113483727
1714,0848.png#patch0013,23.869394302368164,0.7114889025688171,0.9407570362091064,0.004102611914277077
1715,0848.png#patch0014,32.196067810058594,0.7838588953018188,0.9659977555274963,0.0006031050579622388
1716,0848.png#patch0015,24.683900833129883,0.7318742871284485,0.9488967657089233,0.0034010247327387333
1717,0848.png#patch0016,26.989587783813477,0.7429546117782593,0.960391640663147,0.002000051084905863
1718,0848.png#patch0017,23.233736038208008,0.65809166431427,0.9282516241073608,0.0047492641024291515
1719,0848.png#patch0018,22.921899795532227,0.6961316466331482,0.9414328932762146,0.005102817434817553
1720,0848.png#patch0019,27.604717254638672,0.7347837090492249,0.9572309255599976,0.0017359141493216157
1721,0848.png#patch0020,27.060901641845703,0.7296037077903748,0.9556189775466919,0.0019674766808748245
1722,0848.png#patch0021,33.392677307128906,0.7843860983848572,0.9681090712547302,0.0004578593943733722
1723,0848.png#patch0022,30.378768920898438,0.7795752286911011,0.9649338722229004,0.0009164800285361707
1724,0848.png#patch0023,23.993715286254883,0.7252805233001709,0.9510529041290283,0.003986835479736328
1725,0848.png#patch0024,23.08870506286621,0.6702995300292969,0.9364079236984253,0.004910542629659176
1726,0848.png#patch0025,23.99523162841797,0.6601160764694214,0.936669647693634,0.003985443618148565
1727,0848.png#patch0026,28.98329734802246,0.7672814130783081,0.9611154794692993,0.001263776095584035
1728,0848.png#patch0027,29.344301223754883,0.7008298635482788,0.9388424754142761,0.001162973465397954
1729,0848.png#patch0028,31.84343910217285,0.7929702997207642,0.9708682298660278,0.0006541179609484971
1730,0848.png#patch0029,30.169883728027344,0.710946798324585,0.9503281116485596,0.0009616376482881606
1731,0848.png#patch0030,23.556596755981445,0.6347876191139221,0.9209108352661133,0.004409001674503088
1732,0848.png#patch0031,28.893436431884766,0.7382692098617554,0.9559221267700195,0.0012901976006105542
1733,0848.png#patch0032,23.536664962768555,0.6962529420852661,0.95113205909729,0.004429284017533064
1734,0848.png#patch0033,27.762569427490234,0.7692019939422607,0.9657912850379944,0.001673951861448586
1735,0848.png#patch0034,31.647178649902344,0.735230565071106,0.9486631751060486,0.0006843559094704688
1736,0848.png#patch0035,29.016021728515625,0.7841971516609192,0.9650983214378357,0.0012542890617623925
1737,0848.png#patch0036,32.769630432128906,0.7573387622833252,0.9602884650230408,0.0005284902290441096
1738,0848.png#patch0037,30.163726806640625,0.7512779831886292,0.951064944267273,0.0009630018612369895
1739,0848.png#patch0038,29.334630966186523,0.7256492972373962,0.945824146270752,0.0011655658017843962
1740,0848.png#patch0039,29.1691837310791,0.7425950169563293,0.9577717781066895,0.0012108254013583064
1741,0848.png#patch0040,27.799551010131836,0.6979361176490784,0.9375582337379456,0.0016597580397501588
1742,0848.png#patch0041,31.19019317626953,0.8180122375488281,0.969243049621582,0.0007602924597449601
1743,0849.png#patch0000,23.422924041748047,0.7685673236846924,0.9536247253417969,0.004546818323433399
1744,0849.png#patch0001,22.636966705322266,0.7122602462768555,0.9372554421424866,0.0054488275200128555
1745,0849.png#patch0002,21.421737670898438,0.6574768424034119,0.9281411170959473,0.007208189927041531
1746,0849.png#patch0003,21.227888107299805,0.6642252802848816,0.9302623271942139,0.007537216879427433
1747,0849.png#patch0004,22.397077560424805,0.7113606333732605,0.94283527135849,0.005758272018283606
1748,0849.png#patch0005,22.05307960510254,0.7100839018821716,0.9435898661613464,0.006232926156371832
1749,0849.png#patch0006,23.611949920654297,0.6937590837478638,0.932427167892456,0.004353163298219442
1750,0849.png#patch0007,20.0302791595459,0.6874279379844666,0.9333739280700684,0.009930519387125969
1751,0849.png#patch0008,24.640649795532227,0.7400737404823303,0.938421905040741,0.0034350657369941473
1752,0849.png#patch0009,22.780899047851562,0.7272990345954895,0.9435706734657288,0.0052712056785821915
1753,0849.png#patch0010,21.172563552856445,0.6773606538772583,0.9343077540397644,0.0076338499784469604
1754,0849.png#patch0011,21.603622436523438,0.6762391328811646,0.933506190776825,0.006912539713084698
1755,0849.png#patch0012,22.253990173339844,0.7161079049110413,0.9451247453689575,0.005951150320470333
1756,0849.png#patch0013,23.751380920410156,0.7552322745323181,0.9541493058204651,0.004215622320771217
1757,0849.png#patch0014,20.523103713989258,0.7017813920974731,0.9348049163818359,0.008865220472216606
1758,0849.png#patch0015,22.77043914794922,0.7485969066619873,0.9463524222373962,0.005283917300403118
1759,0849.png#patch0016,22.17573356628418,0.6934087872505188,0.9333672523498535,0.00605935649946332
1760,0849.png#patch0017,21.302715301513672,0.7151408195495605,0.9409540891647339,0.007408465724438429
1761,0849.png#patch0018,21.9638729095459,0.7110080718994141,0.9418215751647949,0.006362279411405325
1762,0849.png#patch0019,22.48478889465332,0.7456165552139282,0.9457634091377258,0.005643142852932215
1763,0849.png#patch0020,21.662841796875,0.7015984058380127,0.9389973282814026,0.00681892316788435
1764,0849.png#patch0021,23.901714324951172,0.7593410015106201,0.9466971755027771,0.004072193987667561
1765,0849.png#patch0022,20.650211334228516,0.7170571684837341,0.940557599067688,0.008609515614807606
1766,0849.png#patch0023,20.616777420043945,0.675057590007782,0.9308651685714722,0.008676053956151009
1767,0849.png#patch0024,20.83725929260254,0.6395399570465088,0.924933671951294,0.008246580138802528
1768,0849.png#patch0025,22.918685913085938,0.7359732389450073,0.944983959197998,0.005106593482196331
1769,0849.png#patch0026,21.23773193359375,0.7018935680389404,0.94075608253479,0.00752015458419919
1770,0849.png#patch0027,23.38926887512207,0.7203928828239441,0.9426603317260742,0.004582187160849571
1771,0849.png#patch0028,20.5749454498291,0.7067925333976746,0.9409202933311462,0.008760027587413788
1772,0849.png#patch0029,22.09969139099121,0.7650959491729736,0.9532024264335632,0.006166386418044567
1773,0849.png#patch0030,22.462543487548828,0.7582635283470154,0.9495833516120911,0.005672120489180088
1774,0849.png#patch0031,21.661348342895508,0.7361772656440735,0.9434641003608704,0.006821265909820795
1775,0849.png#patch0032,22.112722396850586,0.703414261341095,0.9390283226966858,0.0061479113064706326
1776,0849.png#patch0033,21.34369468688965,0.7038700580596924,0.9360222220420837,0.007338890340179205
1777,0849.png#patch0034,22.145776748657227,0.6707755327224731,0.9304443001747131,0.0061012981459498405
1778,0850.png#patch0000,34.921974182128906,0.9506703615188599,0.9893094301223755,0.0003219603677280247
1779,0850.png#patch0001,33.947418212890625,0.9473699331283569,0.9903097748756409,0.0004029565316159278
1780,0850.png#patch0002,36.831478118896484,0.9719499945640564,0.9949368238449097,0.0002074206422548741
1781,0850.png#patch0003,37.30864334106445,0.9584252238273621,0.9917668700218201,0.0001858383184298873
1782,0850.png#patch0004,31.374696731567383,0.9048937559127808,0.9802877902984619,0.0007286688196472824
1783,0850.png#patch0005,30.853315353393555,0.891584575176239,0.9778123497962952,0.0008216152200475335
1784,0850.png#patch0006,29.396705627441406,0.8642995357513428,0.9733350276947021,0.001149025047197938
1785,0850.png#patch0007,28.249813079833984,0.7691096067428589,0.9489768147468567,0.001496299635618925
1786,0850.png#patch0008,28.308000564575195,0.7107732892036438,0.9361898303031921,0.0014763857470825315
1787,0850.png#patch0009,26.795896530151367,0.7365772128105164,0.9469990730285645,0.0020912704057991505
1788,0850.png#patch0010,25.275699615478516,0.6833733320236206,0.927646279335022,0.0029677669517695904
1789,0850.png#patch0011,25.410003662109375,0.7456480264663696,0.9477928280830383,0.0028773953672498465
1790,0850.png#patch0012,25.474750518798828,0.7510324716567993,0.9492605328559875,0.0028348152991384268
1791,0850.png#patch0013,24.663890838623047,0.7182292342185974,0.9429270625114441,0.003416731022298336
1792,0850.png#patch0014,31.926525115966797,0.8922826647758484,0.9769369959831238,0.0006417225231416523
1793,0850.png#patch0015,29.305124282836914,0.8486870527267456,0.9681110382080078,0.0011735117295756936
1794,0850.png#patch0016,27.611223220825195,0.8188475370407104,0.9513134956359863,0.001733315410092473
1795,0850.png#patch0017,27.26702880859375,0.8214560747146606,0.9479206204414368,0.001876276801340282
1796,0850.png#patch0018,25.347606658935547,0.7475130558013916,0.9484022259712219,0.0029190341010689735
1797,0850.png#patch0019,28.69132423400879,0.7886942028999329,0.9596506953239441,0.0013516598846763372
1798,0850.png#patch0020,31.054340362548828,0.8332977890968323,0.966357946395874,0.0007844507927075028
1799,0850.png#patch0021,34.428680419921875,0.9208673238754272,0.981134295463562,0.0003606879326980561
1800,0850.png#patch0022,30.47761344909668,0.881934642791748,0.9763264060020447,0.0008958564721979201
1801,0850.png#patch0023,27.052705764770508,0.8202865123748779,0.9668735265731812,0.0019711933564394712
1802,0850.png#patch0024,29.413206100463867,0.8327089548110962,0.9622888565063477,0.0011446671560406685
1803,0850.png#patch0025,28.336679458618164,0.7502158284187317,0.9480176568031311,0.0014666687930002809
1804,0850.png#patch0026,32.84974670410156,0.8065623044967651,0.9605054259300232,0.0005188300856389105
1805,0850.png#patch0027,28.11609649658203,0.6919280290603638,0.9352593421936035,0.0015430859057232738
1806,0850.png#patch0028,36.14045715332031,0.9447764754295349,0.9876416325569153,0.00024319469230249524
1807,0850.png#patch0029,33.13434982299805,0.8834905028343201,0.9757596850395203,0.0004859202599618584
1808,0850.png#patch0030,28.220853805541992,0.7999307513237,0.9581125378608704,0.0015063105383887887
1809,0850.png#patch0031,29.293397903442383,0.8320598602294922,0.9645431637763977,0.001176685094833374
1810,0850.png#patch0032,28.153961181640625,0.8306686878204346,0.9652314782142639,0.0015296910423785448
1811,0850.png#patch0033,34.3007926940918,0.8502764105796814,0.9708267450332642,0.00037146732211112976
1812,0850.png#patch0034,35.03601837158203,0.8720840215682983,0.9742109775543213,0.0003136157465633005
1813,0851.png#patch0000,45.024749755859375,0.9669157266616821,0.9951310753822327,3.144304355373606e-05
1814,0851.png#patch0001,44.95798873901367,0.9664908051490784,0.9950435757637024,3.193014345015399e-05
1815,0851.png#patch0002,45.1390495300293,0.9677843451499939,0.9952475428581238,3.0626324587501585e-05
1816,0851.png#patch0003,39.3814582824707,0.9644599556922913,0.9944221377372742,0.00011530662595760077
1817,0851.png#patch0004,37.56784439086914,0.9631773233413696,0.9935045838356018,0.0001750715309754014
1818,0851.png#patch0005,45.75979995727539,0.9719391465187073,0.9958142042160034,2.6547257220954634e-05
1819,0851.png#patch0006,46.123558044433594,0.9742829203605652,0.9961471557617188,2.4414292056462727e-05
1820,0851.png#patch0007,27.3466796875,0.8638482093811035,0.9746943712234497,0.0018421794520691037
1821,0851.png#patch0008,25.077484130859375,0.8126001358032227,0.9617754817008972,0.0031063570640981197
1822,0851.png#patch0009,32.498722076416016,0.9299102425575256,0.9880936145782471,0.0005625065532512963
1823,0851.png#patch0010,27.473731994628906,0.8256943821907043,0.9623181819915771,0.0017890672897920012
1824,0851.png#patch0011,26.9549503326416,0.8272818922996521,0.9631717801094055,0.002016067039221525
1825,0851.png#patch0012,30.80893325805664,0.9215199947357178,0.9857062101364136,0.0008300542249344289
1826,0851.png#patch0013,24.462244033813477,0.7932515144348145,0.9588231444358826,0.0035791152622550726
1827,0851.png#patch0014,26.996553421020508,0.876318633556366,0.9786595106124878,0.0019968452397733927
1828,0851.png#patch0015,24.121732711791992,0.7827682495117188,0.9582169055938721,0.003871029941365123
1829,0851.png#patch0016,30.14892578125,0.8904358148574829,0.9829439520835876,0.0009662893717177212
1830,0851.png#patch0017,24.06503677368164,0.7565261721611023,0.9465273022651672,0.003921897150576115
1831,0851.png#patch0018,25.258508682250977,0.7645354270935059,0.9472965002059937,0.00297953886911273
1832,0851.png#patch0019,30.042499542236328,0.8824111223220825,0.9806833267211914,0.000990261440165341
1833,0851.png#patch0020,24.34132194519043,0.7970939874649048,0.9631346464157104,0.0036801679525524378
1834,0851.png#patch0021,44.859317779541016,0.9655292630195618,0.9951607584953308,3.2663916499586776e-05
1835,0851.png#patch0022,41.774330139160156,0.941669225692749,0.9910405278205872,6.646096153417602e-05
1836,0851.png#patch0023,38.761844635009766,0.9591723680496216,0.9939135909080505,0.00013298880367074162
1837,0851.png#patch0024,29.108802795410156,0.8454300165176392,0.9696826338768005,0.0012277771020308137
1838,0851.png#patch0025,27.68982696533203,0.7909444570541382,0.9535824060440063,0.0017022256506606936
1839,0851.png#patch0026,40.096641540527344,0.9527193903923035,0.993179440498352,9.779928222997114e-05
1840,0851.png#patch0027,40.685768127441406,0.9405944347381592,0.991931140422821,8.53931051096879e-05
1841,0851.png#patch0028,39.493797302246094,0.9028710126876831,0.9849298596382141,0.00011236214049858972
1842,0851.png#patch0029,35.84217834472656,0.8824577927589417,0.9808657169342041,0.00026048452127724886
1843,0851.png#patch0030,36.738304138183594,0.9229273200035095,0.9884768128395081,0.00021191881387494504
1844,0851.png#patch0031,25.41926383972168,0.7861214876174927,0.9564220905303955,0.002871267031878233
1845,0851.png#patch0032,25.31562042236328,0.7275911569595337,0.9351680874824524,0.0029406121466308832
1846,0851.png#patch0033,36.25456619262695,0.9229261875152588,0.9881367087364197,0.00023688829969614744
1847,0851.png#patch0034,33.59812545776367,0.9227192401885986,0.987842857837677,0.00043670437298715115
1848,0852.png#patch0000,61.58274459838867,0.9993210434913635,0.9998345971107483,6.945845143491169e-07
1849,0852.png#patch0001,47.57072830200195,0.9863324761390686,0.9966839551925659,1.74955293914536e-05
1850,0852.png#patch0002,28.97934913635254,0.7421117424964905,0.9372245073318481,0.0012649254640564322
1851,0852.png#patch0003,28.38762092590332,0.6959753632545471,0.929312527179718,0.0014495657524093986
1852,0852.png#patch0004,26.632549285888672,0.6198882460594177,0.9044985175132751,0.00217142584733665
1853,0852.png#patch0005,36.646812438964844,0.8996398448944092,0.9775097370147705,0.00021643046056851745
1854,0852.png#patch0006,37.29502868652344,0.9180070757865906,0.9808405637741089,0.00018642193754203618
1855,0852.png#patch0007,50.10540008544922,0.9919760227203369,0.9980377554893494,9.760225111676846e-06
1856,0852.png#patch0008,35.15915298461914,0.9138060212135315,0.9796966314315796,0.0003048489452339709
1857,0852.png#patch0009,24.176340103149414,0.5662704110145569,0.8939566612243652,0.0038226612377911806
1858,0852.png#patch0010,24.342086791992188,0.6615880131721497,0.9208866953849792,0.003679519984871149
1859,0852.png#patch0011,33.35615539550781,0.8872249722480774,0.9761154651641846,0.00046172598376870155
1860,0852.png#patch0012,33.708740234375,0.8459270000457764,0.9671838879585266,0.00042572172242216766
1861,0852.png#patch0013,31.94098663330078,0.7936801314353943,0.9557332396507263,0.0006395893287844956
1862,0852.png#patch0014,33.70895767211914,0.8432813286781311,0.9609695672988892,0.0004257003893144429
1863,0852.png#patch0015,30.05098533630371,0.7293710112571716,0.9317141175270081,0.000988328130915761
1864,0852.png#patch0016,26.41341781616211,0.6503326296806335,0.9145194292068481,0.0022838006261736155
1865,0852.png#patch0017,26.36781120300293,0.7755300402641296,0.9457687139511108,0.002307909308001399
1866,0852.png#patch0018,32.71185302734375,0.8881338834762573,0.974632203578949,0.0005355678149498999
1867,0852.png#patch0019,31.435701370239258,0.8061891794204712,0.9608638882637024,0.0007185048307292163
1868,0852.png#patch0020,32.47882843017578,0.8188329339027405,0.9629634618759155,0.0005650894599966705
1869,0852.png#patch0021,31.745885848999023,0.7977991104125977,0.9492273330688477,0.0006689771544188261
1870,0852.png#patch0022,36.1335334777832,0.8928658962249756,0.9734036922454834,0.00024358260270673782
1871,0852.png#patch0023,28.616073608398438,0.8431338667869568,0.9594413042068481,0.0013752845115959644
1872,0852.png#patch0024,36.14259338378906,0.9560099840164185,0.9914789199829102,0.00024307510466314852
1873,0852.png#patch0025,29.842153549194336,0.7775216102600098,0.9539118409156799,0.0010370140662416816
1874,0852.png#patch0026,33.1695442199707,0.8608258962631226,0.9715049862861633,0.00048199822776950896
1875,0852.png#patch0027,33.86283493041992,0.8566163182258606,0.9650366306304932,0.0004108813009224832
1876,0853.png#patch0000,46.944358825683594,0.9790320992469788,0.9958977103233337,2.020989268203266e-05
1877,0853.png#patch0001,48.513145446777344,0.9851431846618652,0.9969587326049805,1.408268235536525e-05
1878,0853.png#patch0002,49.239349365234375,0.9874930381774902,0.9974071383476257,1.1914193237316795e-05
1879,0853.png#patch0003,48.59024429321289,0.9854598641395569,0.9970960021018982,1.3834885066899005e-05
1880,0853.png#patch0004,47.84184265136719,0.9827602505683899,0.9964908957481384,1.6436735677416436e-05
1881,0853.png#patch0005,47.97096252441406,0.9832056760787964,0.9966437220573425,1.5955252820276655e-05
1882,0853.png#patch0006,49.68235778808594,0.9886525273323059,0.9976823329925537,1.0758806638477836e-05
1883,0853.png#patch0007,47.70970153808594,0.9824351668357849,0.9964582920074463,1.6944542949204333e-05
1884,0853.png#patch0008,48.26615524291992,0.9843426942825317,0.9968911409378052,1.4906803698977455e-05
1885,0853.png#patch0009,44.31850814819336,0.9821085333824158,0.9963642358779907,3.699552689795382e-05
1886,0853.png#patch0010,42.657596588134766,0.9797738194465637,0.9957905411720276,5.4230062232818455e-05
1887,0853.png#patch0011,36.74220657348633,0.9737324714660645,0.9951916337013245,0.0002117284166160971
1888,0853.png#patch0012,39.653358459472656,0.9694555401802063,0.9942808747291565,0.00010830882820300758
1889,0853.png#patch0013,48.44664001464844,0.984998881816864,0.9969562292098999,1.4299997019406874e-05
1890,0853.png#patch0014,37.2841796875,0.9680397510528564,0.9940133690834045,0.00018688812269829214
1891,0853.png#patch0015,35.91653823852539,0.9655210375785828,0.9930921196937561,0.0002560623688623309
1892,0853.png#patch0016,30.34015464782715,0.8954209685325623,0.9766666889190674,0.0009246650151908398
1893,0853.png#patch0017,28.539743423461914,0.873370349407196,0.969543993473053,0.0013996697962284088
1894,0853.png#patch0018,28.850135803222656,0.9123899936676025,0.9823808670043945,0.0013031256385147572
1895,0853.png#patch0019,24.869558334350586,0.793952465057373,0.9457167983055115,0.0032586981542408466
1896,0853.png#patch0020,44.642059326171875,0.9783905744552612,0.9958756566047668,3.433947131270543e-05
1897,0853.png#patch0021,36.209739685058594,0.9521170258522034,0.9905038475990295,0.00023934603086672723
1898,0853.png#patch0022,36.70143127441406,0.9490447044372559,0.9904304146766663,0.00021372573974076658
1899,0853.png#patch0023,34.89917755126953,0.9369164705276489,0.9872378706932068,0.00032365458901040256
1900,0853.png#patch0024,34.10844039916992,0.9249842762947083,0.9847895503044128,0.00038828974356874824
1901,0853.png#patch0025,33.77119827270508,0.9197757840156555,0.9810091853141785,0.0004196430672891438
1902,0853.png#patch0026,26.488290786743164,0.738214910030365,0.9329769015312195,0.002244764706119895
1903,0853.png#patch0027,30.940481185913086,0.8867911696434021,0.9688742160797119,0.0008052887278608978
1904,0853.png#patch0028,42.54557800292969,0.9631714224815369,0.9933415651321411,5.564704042626545e-05
1905,0853.png#patch0029,36.519989013671875,0.9166145920753479,0.9774250984191895,0.0002228439989266917
1906,0853.png#patch0030,38.36714553833008,0.9442412853240967,0.9881899356842041,0.00014564157754648477
1907,0853.png#patch0031,35.74561309814453,0.9302736520767212,0.9847552180290222,0.0002663413470145315
1908,0853.png#patch0032,38.64278030395508,0.9534450769424438,0.9908024072647095,0.00013668538304045796
1909,0853.png#patch0033,40.58086395263672,0.9618729948997498,0.9929035305976868,8.748099207878113e-05
1910,0853.png#patch0034,39.67394256591797,0.9554651975631714,0.9919229745864868,0.00010779670265037566
1911,0854.png#patch0000,31.744136810302734,0.8976588845252991,0.9801364541053772,0.0006692464812658727
1912,0854.png#patch0001,27.834074020385742,0.8336257338523865,0.9647347331047058,0.0016466164961457253
1913,0854.png#patch0002,30.15673828125,0.9368107318878174,0.9862380623817444,0.0009645532700233161
1914,0854.png#patch0003,41.51025390625,0.9925512671470642,0.9990471005439758,7.06276114215143e-05
1915,0854.png#patch0004,54.227542877197266,0.9958804249763489,0.9994684457778931,3.7778577279823367e-06
1916,0854.png#patch0005,54.45915222167969,0.9961054921150208,0.999499499797821,3.581663349905284e-06
1917,0854.png#patch0006,54.988868713378906,0.9965328574180603,0.9995557069778442,3.1703925742476713e-06
1918,0854.png#patch0007,23.74009895324707,0.6165498495101929,0.9292172193527222,0.004226588644087315
1919,0854.png#patch0008,23.858062744140625,0.6211256384849548,0.9265230298042297,0.004113330971449614
1920,0854.png#patch0009,25.438899993896484,0.6390601992607117,0.931973934173584,0.0028583139646798372
1921,0854.png#patch0010,25.003538131713867,0.6752535104751587,0.9373268485069275,0.0031597018241882324
1922,0854.png#patch0011,24.826217651367188,0.6755372881889343,0.9292781949043274,0.0032913803588598967
1923,0854.png#patch0012,26.012876510620117,0.7677990794181824,0.9563907384872437,0.0025044488720595837
1924,0854.png#patch0013,27.11374855041504,0.8148952126502991,0.9632202982902527,0.0019436810398474336
1925,0854.png#patch0014,26.892602920532227,0.6523875594139099,0.9269374012947083,0.0020452181342989206
1926,0854.png#patch0015,22.58574104309082,0.5835177898406982,0.9129372835159302,0.005513481795787811
1927,0854.png#patch0016,22.985082626342773,0.5786393284797668,0.9095942974090576,0.005029115825891495
1928,0854.png#patch0017,23.397010803222656,0.6186496615409851,0.9214415550231934,0.004574027378112078
1929,0854.png#patch0018,21.898826599121094,0.6044335961341858,0.9215930700302124,0.006458285730332136
1930,0854.png#patch0019,22.300745010375977,0.6106830835342407,0.9208630323410034,0.005887425038963556
1931,0854.png#patch0020,24.243555068969727,0.6868054270744324,0.9412065744400024,0.003763956017792225
1932,0854.png#patch0021,30.35360336303711,0.7861648201942444,0.9586196541786194,0.0009218062041327357
1933,0854.png#patch0022,24.73131561279297,0.6620234847068787,0.928848385810852,0.0033640945330262184
1934,0854.png#patch0023,23.468406677246094,0.497614324092865,0.8899773955345154,0.004499448463320732
1935,0854.png#patch0024,23.03167724609375,0.5887849926948547,0.9098606705665588,0.004975448362529278
1936,0854.png#patch0025,24.52869415283203,0.6888861656188965,0.9382031559944153,0.00352476816624403
1937,0854.png#patch0026,26.6663761138916,0.7119340896606445,0.9445027709007263,0.0021545784547924995
1938,0854.png#patch0027,24.567956924438477,0.7010272145271301,0.9422640800476074,0.0034930449910461903
1939,0855.png#patch0000,37.84757995605469,0.8515403866767883,0.9810543656349182,0.00016415036225225776
1940,0855.png#patch0001,37.862972259521484,0.8529676198959351,0.9812706112861633,0.00016356958076357841
1941,0855.png#patch0002,37.61126708984375,0.8433122634887695,0.9797290563583374,0.00017332969582639635
1942,0855.png#patch0003,37.547218322753906,0.8425027132034302,0.979290783405304,0.00017590491916052997
1943,0855.png#patch0004,37.59292984008789,0.8443467617034912,0.9795109629631042,0.00017406306869816035
1944,0855.png#patch0005,37.71590042114258,0.8467535972595215,0.9797996878623962,0.00016920363123062998
1945,0855.png#patch0006,37.71567916870117,0.8462498784065247,0.9797176122665405,0.00016921224596444517
1946,0855.png#patch0007,38.232749938964844,0.862375020980835,0.9820791482925415,0.00015021898434497416
1947,0855.png#patch0008,31.2780818939209,0.7970301508903503,0.9645070433616638,0.0007450607954524457
1948,0855.png#patch0009,28.5030517578125,0.6967633366584778,0.9268873929977417,0.0014115452067926526
1949,0855.png#patch0010,32.220542907714844,0.766767144203186,0.9480599164962769,0.0005997159169055521
1950,0855.png#patch0011,30.97052764892578,0.7234522700309753,0.936479389667511,0.0007997367647476494
1951,0855.png#patch0012,25.310434341430664,0.4868469536304474,0.8445910811424255,0.00294412556104362
1952,0855.png#patch0013,35.149044036865234,0.8235421776771545,0.9737780690193176,0.0003055594570469111
1953,0855.png#patch0014,38.16878890991211,0.8620927333831787,0.9825302958488464,0.00015244772657752037
1954,0855.png#patch0015,31.1884822845459,0.7748161554336548,0.9604736566543579,0.0007605917635373771
1955,0855.png#patch0016,26.27492904663086,0.6430901885032654,0.899891197681427,0.002357799792662263
1956,0855.png#patch0017,27.337451934814453,0.6113422513008118,0.924212634563446,0.0018460983410477638
1957,0855.png#patch0018,29.50067138671875,0.6510490775108337,0.9382379055023193,0.001121844514273107
1958,0855.png#patch0019,26.74951171875,0.6082228422164917,0.9097958207130432,0.0021137255243957043
1959,0855.png#patch0020,36.5266227722168,0.8492004871368408,0.9805627465248108,0.00022250371694099158
1960,0855.png#patch0021,37.60625076293945,0.8480779528617859,0.9799399375915527,0.00017353000293951482
1961,0855.png#patch0022,30.730222702026367,0.7463700175285339,0.9531459212303162,0.0008452350739389658
1962,0855.png#patch0023,28.385072708129883,0.7104381322860718,0.9295732975006104,0.0014504158170893788
1963,0855.png#patch0024,28.069578170776367,0.6518687605857849,0.9315749406814575,0.0015597034944221377
1964,0855.png#patch0025,31.066791534423828,0.7147501111030579,0.9517622590065002,0.0007822054321877658
1965,0855.png#patch0026,30.16073226928711,0.678347110748291,0.9353945851325989,0.000963666127063334
1966,0855.png#patch0027,30.838863372802734,0.7228084206581116,0.9460833072662354,0.0008243535412475467
1967,0855.png#patch0028,35.363040924072266,0.8307534456253052,0.9741164445877075,0.0002908679307438433
1968,0855.png#patch0029,30.59025001525879,0.7556384801864624,0.9531387090682983,0.000872920558322221
1969,0855.png#patch0030,32.227561950683594,0.764507532119751,0.9580621123313904,0.0005987475160509348
1970,0855.png#patch0031,32.82298278808594,0.7734653353691101,0.9641394019126892,0.0005220371531322598
1971,0855.png#patch0032,33.31852340698242,0.7749572396278381,0.965134859085083,0.0004657443496398628
1972,0855.png#patch0033,31.085176467895508,0.7022037506103516,0.9431915283203125,0.0007789009832777083
1973,0855.png#patch0034,30.94076156616211,0.7354899644851685,0.9477609992027283,0.0008052370394580066
1974,0855.png#patch0035,32.73107147216797,0.791365921497345,0.964371919631958,0.0005332031869329512
1975,0855.png#patch0036,29.97232437133789,0.7901030778884888,0.9593791365623474,0.0010063925292342901
1976,0855.png#patch0037,30.99599838256836,0.8651310801506042,0.9770876169204712,0.0007950602448545396
1977,0855.png#patch0038,23.677324295043945,0.7422816753387451,0.9503651261329651,0.004288125783205032
1978,0855.png#patch0039,24.10482406616211,0.7462164759635925,0.9528167247772217,0.003886131104081869
1979,0855.png#patch0040,27.92357635498047,0.7594658136367798,0.9427111744880676,0.00161302974447608
1980,0855.png#patch0041,32.348106384277344,0.7748630046844482,0.9551336169242859,0.0005823569372296333
1981,0855.png#patch0042,32.2861442565918,0.8036991953849792,0.9694510102272034,0.000590725161600858
1982,0855.png#patch0043,30.544496536254883,0.8260505199432373,0.9690929055213928,0.0008821657975204289
1983,0855.png#patch0044,29.555004119873047,0.8024303913116455,0.9590274095535278,0.0011078970273956656
1984,0855.png#patch0045,27.296649932861328,0.8128496408462524,0.9637423753738403,0.0018635228043422103
1985,0855.png#patch0046,27.582033157348633,0.8059837818145752,0.9559627771377563,0.0017450049053877592
1986,0855.png#patch0047,29.93645477294922,0.8182758092880249,0.9636013507843018,0.0010147392749786377
1987,0855.png#patch0048,34.270843505859375,0.8085758686065674,0.9612435102462769,0.0003740379470400512
1988,0856.png#patch0000,30.83245849609375,0.7827645540237427,0.9479370713233948,0.0008255700231529772
1989,0856.png#patch0001,28.276832580566406,0.7222153544425964,0.9372004866600037,0.0014870194718241692
1990,0856.png#patch0002,25.97870635986328,0.6149556636810303,0.9072921276092529,0.002524231793358922
1991,0856.png#patch0003,24.624902725219727,0.5207679271697998,0.8739834427833557,0.0034475428983569145
1992,0856.png#patch0004,24.330028533935547,0.562869668006897,0.8952054977416992,0.0036897517275065184
1993,0856.png#patch0005,25.240907669067383,0.589291512966156,0.9041679501533508,0.0029916390776634216
1994,0856.png#patch0006,24.53810691833496,0.606561005115509,0.9023033380508423,0.0035171364434063435
1995,0856.png#patch0007,27.370620727539062,0.7541562914848328,0.9420458078384399,0.0018320524832233787
1996,0856.png#patch0008,28.98556900024414,0.7463311553001404,0.9426644444465637,0.001263114856556058
1997,0856.png#patch0009,26.012121200561523,0.6296248435974121,0.9097756147384644,0.0025048856623470783
1998,0856.png#patch0010,24.714820861816406,0.5325021743774414,0.8810021281242371,0.0033768964931368828
1999,0856.png#patch0011,24.28045082092285,0.578113317489624,0.902425229549408,0.0037321127019822598
2000,0856.png#patch0012,25.508472442626953,0.5953798890113831,0.9069088697433472,0.0028128894045948982
2001,0856.png#patch0013,27.253578186035156,0.6484351754188538,0.9128811359405518,0.001882096636109054
2002,0856.png#patch0014,24.725492477416992,0.7023455500602722,0.9277665019035339,0.0033686081878840923
2003,0856.png#patch0015,25.97014045715332,0.7043964266777039,0.9324562549591064,0.002529215533286333
2004,0856.png#patch0016,25.824024200439453,0.6567685604095459,0.9222659468650818,0.002615756820887327
2005,0856.png#patch0017,25.429964065551758,0.6131003499031067,0.9109740853309631,0.0028642010875046253
2006,0856.png#patch0018,24.294158935546875,0.5583316683769226,0.8886995911598206,0.0037203519605100155
2007,0856.png#patch0019,25.062549591064453,0.57859867811203,0.8995860815048218,0.003117058426141739
2008,0856.png#patch0020,25.453062057495117,0.5550247430801392,0.8919979333877563,0.002849008422344923
2009,0856.png#patch0021,26.512388229370117,0.7750113606452942,0.9487727880477905,0.0022323429584503174
2010,0856.png#patch0022,27.033206939697266,0.7693839073181152,0.9468069672584534,0.00198006397113204
2011,0856.png#patch0023,34.71131896972656,0.8744094371795654,0.9739712476730347,0.00033796197385527194
2012,0856.png#patch0024,34.48722457885742,0.8298062086105347,0.9632259607315063,0.000355858588591218
2013,0856.png#patch0025,32.60061264038086,0.8050281405448914,0.9583316445350647,0.0005494632059708238
2014,0856.png#patch0026,29.581024169921875,0.7972826957702637,0.9576666951179504,0.0011012792820110917
2015,0856.png#patch0027,30.41868019104004,0.836452066898346,0.9621154069900513,0.0009080962627194822
2016,0856.png#patch0028,32.3576545715332,0.8863921761512756,0.9722632765769958,0.000581077765673399
2017,0856.png#patch0029,40.732784271240234,0.9440894722938538,0.9888810515403748,8.447369327768683e-05
2018,0856.png#patch0030,39.528255462646484,0.9162522554397583,0.9824798107147217,0.00011147412442369387
2019,0856.png#patch0031,37.24618911743164,0.8734118342399597,0.9719377756118774,0.00018853027722798288
2020,0856.png#patch0032,36.92815399169922,0.871229350566864,0.9723168611526489,0.00020285438222344965
2021,0856.png#patch0033,35.74361038208008,0.9056870341300964,0.9787737131118774,0.00026646419428288937
2022,0856.png#patch0034,34.52674865722656,0.9089035987854004,0.9789782762527466,0.00035263466998003423
2023,0857.png#patch0000,35.392120361328125,0.770585834980011,0.9745234847068787,0.00028892685077153146
2024,0857.png#patch0001,36.05437088012695,0.8066577911376953,0.9791996479034424,0.00024806338478811085
2025,0857.png#patch0002,34.8388557434082,0.813737690448761,0.9794577360153198,0.0003281818062532693
2026,0857.png#patch0003,35.44844055175781,0.8346047401428223,0.9828708171844482,0.0002852038887795061
2027,0857.png#patch0004,37.903350830078125,0.8558701276779175,0.9850834608078003,0.00016205577412620187
2028,0857.png#patch0005,36.697261810302734,0.8297462463378906,0.9820531606674194,0.0002139311545761302
2029,0857.png#patch0006,36.7387580871582,0.8476399779319763,0.9834707975387573,0.00021189669496379793
2030,0857.png#patch0007,34.735626220703125,0.8001670837402344,0.9764043688774109,0.0003360758419148624
2031,0857.png#patch0008,36.323524475097656,0.8120986223220825,0.9798027873039246,0.00023315634462051094
2032,0857.png#patch0009,33.86416244506836,0.7986676096916199,0.9766463041305542,0.0004107558343093842
2033,0857.png#patch0010,35.648468017578125,0.7813593149185181,0.9760007262229919,0.0002723659563343972
2034,0857.png#patch0011,36.9164924621582,0.827447235584259,0.9812105298042297,0.00020339984621386975
2035,0857.png#patch0012,36.075836181640625,0.8399271965026855,0.9831700921058655,0.00024684035452082753
2036,0857.png#patch0013,37.2022590637207,0.8455280661582947,0.9830769300460815,0.0001904468226712197
2037,0857.png#patch0014,36.01959991455078,0.8178882598876953,0.9798375368118286,0.00025005763745866716
2038,0857.png#patch0015,36.455936431884766,0.8078183531761169,0.9789144396781921,0.0002261550835100934
2039,0857.png#patch0016,35.470821380615234,0.7969160676002502,0.9771567583084106,0.0002837381907738745
2040,0857.png#patch0017,37.67002868652344,0.8891276121139526,0.9883697628974915,0.00017100025434046984
2041,0857.png#patch0018,33.861045837402344,0.8622299432754517,0.9853441715240479,0.0004110505396965891
2042,0857.png#patch0019,38.264686584472656,0.8679343461990356,0.9862483143806458,0.00014911842299625278
2043,0857.png#patch0020,33.346397399902344,0.8552082180976868,0.9825316071510315,0.0004627648158930242
2044,0857.png#patch0021,35.43662643432617,0.7820044159889221,0.9759320020675659,0.00028598110657185316
2045,0857.png#patch0022,34.325843811035156,0.7992575168609619,0.9758828282356262,0.00036933072260580957
2046,0857.png#patch0023,37.65604782104492,0.8538311123847961,0.9851046800613403,0.00017155165551230311
2047,0857.png#patch0024,37.78293228149414,0.8867855668067932,0.9890710711479187,0.00016661209519952536
2048,0857.png#patch0025,35.53860092163086,0.8510360717773438,0.9838477969169617,0.00027934423997066915
2049,0857.png#patch0026,36.93268966674805,0.8730028867721558,0.9873775839805603,0.0002026426518568769
2050,0857.png#patch0027,36.30220031738281,0.8124002814292908,0.978717029094696,0.000234304039622657
2051,0857.png#patch0028,35.65657043457031,0.7846623659133911,0.9755804538726807,0.0002718585601542145
2052,0857.png#patch0029,35.313316345214844,0.8027981519699097,0.9775241017341614,0.00029421731596812606
2053,0857.png#patch0030,35.16923522949219,0.8579118251800537,0.983406662940979,0.000304141896776855
2054,0857.png#patch0031,37.09217071533203,0.8520114421844482,0.9850462079048157,0.0001953361788764596
2055,0857.png#patch0032,37.30406188964844,0.8541544675827026,0.985817551612854,0.0001860346965258941
2056,0857.png#patch0033,39.34236145019531,0.8958487510681152,0.9895502328872681,0.0001163492415798828
2057,0857.png#patch0034,34.032615661621094,0.8560339212417603,0.9829201102256775,0.0003951285616494715
2058,0858.png#patch0000,31.949161529541016,0.8850732445716858,0.9783284068107605,0.0006383868167176843
2059,0858.png#patch0001,34.20705032348633,0.8854496479034424,0.9750866889953613,0.0003795726806856692
2060,0858.png#patch0002,33.32319259643555,0.8851208686828613,0.9757176637649536,0.0004652438510674983
2061,0858.png#patch0003,33.82335662841797,0.8856320381164551,0.9770104289054871,0.0004146331048104912
2062,0858.png#patch0004,32.292747497558594,0.8683483600616455,0.9738514423370361,0.0005898276576772332
2063,0858.png#patch0005,30.252418518066406,0.7458005547523499,0.9375981092453003,0.0009435351239517331
2064,0858.png#patch0006,28.93547248840332,0.6780089139938354,0.9192447066307068,0.0012777697993442416
2065,0858.png#patch0007,33.1457633972168,0.8998557925224304,0.9814642667770386,0.0004846448719035834
2066,0858.png#patch0008,27.044662475585938,0.800653338432312,0.9613952040672302,0.0019748483318835497
2067,0858.png#patch0009,27.931264877319336,0.7443005442619324,0.9459784626960754,0.0016101758228614926
2068,0858.png#patch0010,27.750011444091797,0.7483432292938232,0.9459046721458435,0.0016787989297881722
2069,0858.png#patch0011,27.410991668701172,0.7371870279312134,0.9452692270278931,0.0018151007825508714
2070,0858.png#patch0012,27.13873863220215,0.6886381506919861,0.9284841418266296,0.0019325289176777005
2071,0858.png#patch0013,30.33283233642578,0.7323479056358337,0.9334079027175903,0.0009262252133339643
2072,0858.png#patch0014,27.384634017944336,0.7844525575637817,0.9541246294975281,0.0018261504592373967
2073,0858.png#patch0015,26.89426612854004,0.7093561887741089,0.9392097592353821,0.0020444346591830254
2074,0858.png#patch0016,27.071044921875,0.6884630918502808,0.9316855072975159,0.0019628875888884068
2075,0858.png#patch0017,26.84614372253418,0.7081722617149353,0.9370130896568298,0.0020672138780355453
2076,0858.png#patch0018,26.19854736328125,0.6972684860229492,0.938723087310791,0.002399635035544634
2077,0858.png#patch0019,26.85367202758789,0.7172921299934387,0.9417567253112793,0.002063634106889367
2078,0858.png#patch0020,29.771223068237305,0.8272640705108643,0.9625911712646484,0.0010540897492319345
2079,0858.png#patch0021,29.50438690185547,0.7821319103240967,0.9525350332260132,0.001120885368436575
2080,0858.png#patch0022,28.297266006469727,0.8297106027603149,0.9667648077011108,0.0014800397912040353
2081,0858.png#patch0023,28.683792114257812,0.794130802154541,0.9586660861968994,0.0013540058862417936
2082,0858.png#patch0024,27.66402816772461,0.7941952347755432,0.9565186500549316,0.0017123675206676126
2083,0858.png#patch0025,27.206836700439453,0.7388848066329956,0.942681610584259,0.0019024631474167109
2084,0858.png#patch0026,34.983802795410156,0.8902456164360046,0.977478563785553,0.00031740913982503116
2085,0858.png#patch0027,34.912540435791016,0.8672938942909241,0.9703179597854614,0.000322660431265831
2086,0858.png#patch0028,28.10455322265625,0.7686765193939209,0.9514495134353638,0.0015471926890313625
2087,0858.png#patch0029,28.631582260131836,0.8024738430976868,0.9596322178840637,0.0013703820295631886
2088,0858.png#patch0030,28.154891967773438,0.7221368551254272,0.9350762367248535,0.0015293629840016365
2089,0858.png#patch0031,30.246097564697266,0.8194297552108765,0.9624162912368774,0.0009449092322029173
2090,0858.png#patch0032,36.563018798828125,0.9209314584732056,0.9845260977745056,0.00022064702352508903
2091,0858.png#patch0033,44.31220245361328,0.9704647660255432,0.9932378530502319,3.7049248930998147e-05
2092,0858.png#patch0034,38.5242805480957,0.9259791970252991,0.9829573035240173,0.00014046626165509224
2093,0859.png#patch0000,38.905662536621094,0.9657716751098633,0.9910652041435242,0.00012865703320130706
2094,0859.png#patch0001,39.02110290527344,0.9455143809318542,0.984956681728363,0.00012528222578112036
2095,0859.png#patch0002,31.29915428161621,0.8874282240867615,0.9743666052818298,0.0007414545398205519
2096,0859.png#patch0003,28.94859504699707,0.8162264227867126,0.9626548290252686,0.001273914473131299
2097,0859.png#patch0004,29.276090621948242,0.8391058444976807,0.9665903449058533,0.0011813832679763436
2098,0859.png#patch0005,29.095014572143555,0.8143608570098877,0.957442045211792,0.0012316814390942454
2099,0859.png#patch0006,27.117773056030273,0.7283934950828552,0.9390860199928284,0.001941881375387311
2100,0859.png#patch0007,28.82478904724121,0.7582940459251404,0.9434369802474976,0.0013107532868161798
2101,0859.png#patch0008,27.381629943847656,0.7125159502029419,0.9396477341651917,0.0018274137983098626
2102,0859.png#patch0009,25.632150650024414,0.6433118581771851,0.9189392924308777,0.0027339139487594366
2103,0859.png#patch0010,25.110816955566406,0.6372206211090088,0.9205162525177002,0.003082606475800276
2104,0859.png#patch0011,24.8510799407959,0.6430296897888184,0.9251738786697388,0.0032725934870541096
2105,0859.png#patch0012,25.010358810424805,0.6657934188842773,0.9302652478218079,0.0031547429971396923
2106,0859.png#patch0013,28.58466339111328,0.7789153456687927,0.9571942687034607,0.0013852670090273023
2107,0859.png#patch0014,26.72723388671875,0.6566928029060364,0.922573983669281,0.0021245963871479034
2108,0859.png#patch0015,24.317176818847656,0.6577450037002563,0.9273659586906433,0.0037006859201937914
2109,0859.png#patch0016,24.974281311035156,0.6970881819725037,0.9369272589683533,0.003181059379130602
2110,0859.png#patch0017,23.40672492980957,0.6558405160903931,0.9200929999351501,0.004563807975500822
2111,0859.png#patch0018,25.458141326904297,0.7156214714050293,0.9366762042045593,0.002845678012818098
2112,0859.png#patch0019,25.101425170898438,0.6875938773155212,0.9315996766090393,0.003089280566200614
2113,0859.png#patch0020,26.77589225769043,0.7046675086021423,0.9382935166358948,0.002100925659760833
2114,0859.png#patch0021,25.34431266784668,0.6424704790115356,0.9221429228782654,0.00292124948464334
2115,0859.png#patch0022,26.11348533630371,0.7287765741348267,0.9462640285491943,0.002447097795084119
2116,0859.png#patch0023,28.278085708618164,0.6841481924057007,0.9313486814498901,0.001486590364947915
2117,0859.png#patch0024,25.593358993530273,0.6003754138946533,0.9109697937965393,0.00275844382122159
2118,0859.png#patch0025,24.7592716217041,0.6282405257225037,0.9231753349304199,0.0033425099682062864
2119,0859.png#patch0026,25.244956970214844,0.6356432437896729,0.9218711256980896,0.00298885116353631
2120,0859.png#patch0027,23.024816513061523,0.5800025463104248,0.9076777696609497,0.004983315244317055
2121,0859.png#patch0028,27.35665512084961,0.6576852202415466,0.9243928790092468,0.001837952877394855
2122,0859.png#patch0029,28.749610900878906,0.7393537759780884,0.9479894042015076,0.0013336400734260678
2123,0859.png#patch0030,27.22181510925293,0.6856970191001892,0.9372968077659607,0.001895912573672831
2124,0859.png#patch0031,30.375871658325195,0.6922776699066162,0.9355193972587585,0.0009170916164293885
2125,0859.png#patch0032,24.26236915588379,0.6051270961761475,0.912714958190918,0.0037476858124136925
2126,0859.png#patch0033,26.350845336914062,0.6523053646087646,0.9246543645858765,0.002316943136975169
2127,0859.png#patch0034,27.646987915039062,0.6681714057922363,0.9324448108673096,0.0017191004008054733
2128,0860.png#patch0000,22.65753173828125,0.6225497722625732,0.9014514088630676,0.005423090420663357
2129,0860.png#patch0001,20.748851776123047,0.5576363205909729,0.8777868747711182,0.008416175842285156
2130,0860.png#patch0002,20.758840560913086,0.5522529482841492,0.8883188366889954,0.008396836929023266
2131,0860.png#patch0003,21.474491119384766,0.5253368616104126,0.8805412650108337,0.007121160160750151
2132,0860.png#patch0004,23.80203628540039,0.6680648922920227,0.9255920052528381,0.0041667381301522255
2133,0860.png#patch0005,24.03728675842285,0.7675073146820068,0.9422900080680847,0.003947037737816572
2134,0860.png#patch0006,25.9479923248291,0.8033162951469421,0.9545251727104187,0.002542146947234869
2135,0860.png#patch0007,21.11819076538086,0.5976690649986267,0.9114662408828735,0.007730026263743639
2136,0860.png#patch0008,19.431018829345703,0.5182991027832031,0.8672492504119873,0.01139981858432293
2137,0860.png#patch0009,18.520748138427734,0.4496600925922394,0.8594935536384583,0.014058050699532032
2138,0860.png#patch0010,21.58142852783203,0.5280015468597412,0.8831735253334045,0.006947954185307026
2139,0860.png#patch0011,24.47958755493164,0.7028083205223083,0.9351809620857239,0.003564849030226469
2140,0860.png#patch0012,24.882583618164062,0.7469235062599182,0.9378367066383362,0.003248938824981451
2141,0860.png#patch0013,26.127870559692383,0.803365170955658,0.9513051509857178,0.0024390059988945723
2142,0860.png#patch0014,20.554079055786133,0.4877029359340668,0.8813827633857727,0.008802216500043869
2143,0860.png#patch0015,21.20076560974121,0.5703999400138855,0.8999553918838501,0.007584436796605587
2144,0860.png#patch0016,19.73833656311035,0.4906802475452423,0.8702743053436279,0.01062102522701025
2145,0860.png#patch0017,21.4555606842041,0.5522746443748474,0.8961215019226074,0.007152268197387457
2146,0860.png#patch0018,22.85921287536621,0.7150846123695374,0.9393550157546997,0.005177005659788847
2147,0860.png#patch0019,24.187179565429688,0.7321246266365051,0.933970034122467,0.0038131342735141516
2148,0860.png#patch0020,25.01339340209961,0.7618389129638672,0.9450432658195496,0.0031525399535894394
2149,0860.png#patch0021,20.423017501831055,0.5053555965423584,0.8811566829681396,0.009071897715330124
2150,0860.png#patch0022,18.264652252197266,0.3498300313949585,0.8063748478889465,0.014911960810422897
2151,0860.png#patch0023,18.882949829101562,0.3712957501411438,0.817757248878479,0.012933166697621346
2152,0860.png#patch0024,21.576292037963867,0.4725148677825928,0.8618366122245789,0.00695617962628603
2153,0860.png#patch0025,22.149383544921875,0.7428857684135437,0.9492398500442505,0.006096232682466507
2154,0860.png#patch0026,24.80177879333496,0.6866568922996521,0.9261351227760315,0.003309954423457384
2155,0860.png#patch0027,25.967124938964844,0.7294581532478333,0.9396794438362122,0.002530972007662058
2156,0860.png#patch0028,18.945703506469727,0.4945136606693268,0.8758498430252075,0.012747631408274174
2157,0860.png#patch0029,18.722951889038086,0.41218122839927673,0.8447161912918091,0.013418521732091904
2158,0860.png#patch0030,19.74445152282715,0.3578004240989685,0.8172091245651245,0.010606078431010246
2159,0860.png#patch0031,20.365161895751953,0.38252201676368713,0.8227378726005554,0.009193559177219868
2160,0860.png#patch0032,23.97104835510254,0.7980160713195801,0.9608653783798218,0.004007698502391577
2161,0860.png#patch0033,23.821252822875977,0.7398996353149414,0.9392519593238831,0.004148341715335846
2162,0860.png#patch0034,26.527677536010742,0.831095278263092,0.970302402973175,0.0022244981955736876
2163,0860.png#patch0035,19.735525131225586,0.48002544045448303,0.8640317916870117,0.010627897456288338
2164,0860.png#patch0036,18.895431518554688,0.42769521474838257,0.8447367548942566,0.012896053493022919
2165,0860.png#patch0037,18.41104507446289,0.41598474979400635,0.8402560353279114,0.014417683705687523
2166,0860.png#patch0038,19.68279457092285,0.3761691749095917,0.813108503818512,0.010757727548480034
2167,0860.png#patch0039,22.705087661743164,0.7432770133018494,0.9433629512786865,0.005364030133932829
2168,0860.png#patch0040,23.60808563232422,0.7046017646789551,0.9329420924186707,0.004357038531452417
2169,0860.png#patch0041,29.083091735839844,0.8874551057815552,0.9806296825408936,0.0012350678443908691
2170,0861.png#patch0000,21.281091690063477,0.6069099307060242,0.8945288062095642,0.007445447612553835
2171,0861.png#patch0001,21.26492691040039,0.6342289447784424,0.9067220687866211,0.007473210338503122
2172,0861.png#patch0002,19.297718048095703,0.6261849999427795,0.9119124412536621,0.011755147948861122
2173,0861.png#patch0003,40.05476379394531,0.9913780689239502,0.9988795518875122,9.874690294964239e-05
2174,0861.png#patch0004,26.870437622070312,0.9248003363609314,0.9877011775970459,0.0020556829404085875
2175,0861.png#patch0005,20.24390411376953,0.6065855622291565,0.9122111201286316,0.009453871287405491
2176,0861.png#patch0006,21.81817054748535,0.676136314868927,0.9122846126556396,0.0065793502144515514
2177,0861.png#patch0007,25.13667106628418,0.7168446183204651,0.9204477071762085,0.003064310410991311
2178,0861.png#patch0008,20.683868408203125,0.5594078302383423,0.8806853890419006,0.008543050847947598
2179,0861.png#patch0009,19.581279754638672,0.6118159294128418,0.9105761051177979,0.011012145318090916
2180,0861.png#patch0010,25.46508026123047,0.772733211517334,0.9495528936386108,0.002841135486960411
2181,0861.png#patch0011,23.249725341796875,0.701770007610321,0.9405041933059692,0.00473181065171957
2182,0861.png#patch0012,20.11612319946289,0.5675556063652039,0.8885663747787476,0.009736154228448868
2183,0861.png#patch0013,23.556753158569336,0.6831716299057007,0.9122737050056458,0.004408842418342829
2184,0861.png#patch0014,27.900054931640625,0.7961611747741699,0.9390554428100586,0.0016217888332903385
2185,0861.png#patch0015,24.38237762451172,0.6697016954421997,0.9037420749664307,0.0036455418448895216
2186,0861.png#patch0016,20.327442169189453,0.5722829103469849,0.8963668346405029,0.009273756295442581
2187,0861.png#patch0017,22.788467407226562,0.6946952939033508,0.9404007196426392,0.005262028891593218
2188,0861.png#patch0018,20.714101791381836,0.5692158937454224,0.8985790014266968,0.008483786135911942
2189,0861.png#patch0019,25.27555274963379,0.7027520537376404,0.9099529385566711,0.00296786823309958
2190,0861.png#patch0020,28.408767700195312,0.8111340403556824,0.9397421479225159,0.0014425241388380527
2191,0861.png#patch0021,26.15117835998535,0.7930756211280823,0.9476838111877441,0.0024259507190436125
2192,0861.png#patch0022,26.814653396606445,0.7736889123916626,0.9325904846191406,0.0020822579972445965
2193,0861.png#patch0023,22.096237182617188,0.5894899368286133,0.8982436060905457,0.006171293556690216
2194,0861.png#patch0024,22.352516174316406,0.6898362040519714,0.9291296005249023,0.005817659664899111
2195,0861.png#patch0025,21.836769104003906,0.5969687700271606,0.8924442529678345,0.0065512326546013355
2196,0861.png#patch0026,29.009679794311523,0.8175118565559387,0.9434046149253845,0.001256121788173914
2197,0861.png#patch0027,30.05675506591797,0.8554531931877136,0.9588770866394043,0.000987016479484737
2198,0861.png#patch0028,25.453367233276367,0.7959833145141602,0.9548735618591309,0.0028488074894994497
2199,0861.png#patch0029,25.29437828063965,0.7814677357673645,0.9498103260993958,0.002955032279714942
2200,0861.png#patch0030,22.702686309814453,0.7224228382110596,0.9408639669418335,0.005366995930671692
2201,0861.png#patch0031,21.929800033569336,0.6228920817375183,0.926864743232727,0.006412390153855085
2202,0861.png#patch0032,20.09823226928711,0.5400958061218262,0.8925336599349976,0.009776351042091846
2203,0861.png#patch0033,23.439878463745117,0.6927997469902039,0.9271361231803894,0.004529102239757776
2204,0861.png#patch0034,24.53702163696289,0.7844007611274719,0.9449828863143921,0.003518015146255493
2205,0862.png#patch0000,38.92384338378906,0.8806975483894348,0.9846936464309692,0.00012811957276426256
2206,0862.png#patch0001,39.54201126098633,0.8939849138259888,0.9864429235458374,0.00011112162610515952
2207,0862.png#patch0002,39.67157745361328,0.8959774971008301,0.9864904284477234,0.00010785539780044928
2208,0862.png#patch0003,40.348106384277344,0.9097743034362793,0.9884018301963806,9.229733404936269e-05
2209,0862.png#patch0004,40.110294342041016,0.9046074151992798,0.9877484440803528,9.749231685418636e-05
2210,0862.png#patch0005,40.888084411621094,0.9192439913749695,0.9898700714111328,8.150631765602157e-05
2211,0862.png#patch0006,40.8366813659668,0.9183094501495361,0.9896753430366516,8.247676305472851e-05
2212,0862.png#patch0007,38.69438552856445,0.8734814524650574,0.9834442138671875,0.0001350708189420402
2213,0862.png#patch0008,38.80419921875,0.8824502229690552,0.9839327931404114,0.0001316981652053073
2214,0862.png#patch0009,38.07386016845703,0.8735894560813904,0.9819855690002441,0.00015581674233544618
2215,0862.png#patch0010,34.935455322265625,0.8547455072402954,0.9770537614822388,0.0003209625429008156
2216,0862.png#patch0011,38.028465270996094,0.8863984942436218,0.9829663634300232,0.0001574539055582136
2217,0862.png#patch0012,37.43889617919922,0.9055929780006409,0.9868863821029663,0.00018034764798358083
2218,0862.png#patch0013,42.26162338256836,0.9395478367805481,0.992562472820282,5.9406953369034454e-05
2219,0862.png#patch0014,38.531333923339844,0.880995512008667,0.9843116402626038,0.00014023823314346373
2220,0862.png#patch0015,27.842687606811523,0.6358093023300171,0.9203179478645325,0.0016433537239208817
2221,0862.png#patch0016,30.87946319580078,0.6792448163032532,0.9297541379928589,0.0008166830521076918
2222,0862.png#patch0017,30.06552505493164,0.6474295258522034,0.9221227765083313,0.0009850249625742435
2223,0862.png#patch0018,29.317258834838867,0.6250836849212646,0.9150143265724182,0.0011702374322339892
2224,0862.png#patch0019,37.45450973510742,0.9196552038192749,0.9889886975288391,0.00017970042244996876
2225,0862.png#patch0020,43.20952224731445,0.954107940196991,0.9946420192718506,4.7758152504684404e-05
2226,0862.png#patch0021,36.67131042480469,0.8794007301330566,0.9817909598350525,0.00021521307644434273
2227,0862.png#patch0022,25.849485397338867,0.5556210875511169,0.9012792706489563,0.002600467996671796
2228,0862.png#patch0023,30.316497802734375,0.7563972473144531,0.9465243816375732,0.0009297156939283013
2229,0862.png#patch0024,33.83537292480469,0.8018007874488831,0.9566605091094971,0.00041348751983605325
2230,0862.png#patch0025,31.986337661743164,0.7213760614395142,0.9447563886642456,0.0006329452153295279
2231,0862.png#patch0026,36.96859359741211,0.9007678031921387,0.9860126376152039,0.00020097427477594465
2232,0862.png#patch0027,42.046451568603516,0.9460190534591675,0.9932609796524048,6.242441304493695e-05
2233,0862.png#patch0028,39.18304443359375,0.907654881477356,0.9881362318992615,0.00012069663353031501
2234,0862.png#patch0029,34.376312255859375,0.8418334126472473,0.9723641872406006,0.00036506381002254784
2235,0862.png#patch0030,34.1384391784668,0.8524495363235474,0.9723630547523499,0.00038561661494895816
2236,0862.png#patch0031,32.51490020751953,0.8171575665473938,0.9605730175971985,0.0005604148609563708
2237,0862.png#patch0032,31.81017303466797,0.7870544195175171,0.9578965306282043,0.0006591472192667425
2238,0862.png#patch0033,36.842063903808594,0.9115027189254761,0.9888002872467041,0.00020691566169261932
2239,0862.png#patch0034,39.83973693847656,0.9297243356704712,0.9897913336753845,0.00010375903366366401
2240,0863.png#patch0000,52.944698333740234,0.9945522546768188,0.9991152882575989,5.076101388112875e-06
2241,0863.png#patch0001,53.046287536621094,0.9946696758270264,0.9991536736488342,4.958737918059342e-06
2242,0863.png#patch0002,52.256107330322266,0.9936014413833618,0.9989653825759888,5.948250418441603e-06
2243,0863.png#patch0003,35.88082504272461,0.949455738067627,0.9916139841079712,0.0002581767912488431
2244,0863.png#patch0004,35.04407501220703,0.9013977646827698,0.9838470220565796,0.00031303457217291
2245,0863.png#patch0005,50.756229400634766,0.9908339977264404,0.9987051486968994,8.40188113215845e-06
2246,0863.png#patch0006,50.98066711425781,0.9913178086280823,0.9987311959266663,7.978715984791052e-06
2247,0863.png#patch0007,33.864437103271484,0.9029916524887085,0.9857090711593628,0.000410729757277295
2248,0863.png#patch0008,32.343807220458984,0.7709168791770935,0.9593243598937988,0.000582933658733964
2249,0863.png#patch0009,28.477237701416016,0.716870129108429,0.9477361440658569,0.0014199601719155908
2250,0863.png#patch0010,52.24958801269531,0.9936854243278503,0.999072253704071,5.957186658633873e-06
2251,0863.png#patch0011,36.827266693115234,0.969900906085968,0.9955974221229553,0.00020762199710588902
2252,0863.png#patch0012,32.02437210083008,0.7853076457977295,0.9706831574440002,0.0006274261977523565
2253,0863.png#patch0013,32.294803619384766,0.8303427696228027,0.9733566641807556,0.0005895486101508141
2254,0863.png#patch0014,44.828060150146484,0.9850911498069763,0.9980543255805969,3.289984306320548e-05
2255,0863.png#patch0015,47.8497200012207,0.9861953854560852,0.9984400272369385,1.6406935174018145e-05
2256,0863.png#patch0016,34.326595306396484,0.9147770404815674,0.9868646860122681,0.0003692669270094484
2257,0863.png#patch0017,31.957380294799805,0.7713168859481812,0.9649356007575989,0.000637179589830339
2258,0863.png#patch0018,30.29979705810547,0.8022571802139282,0.9662852883338928,0.0009332973277196288
2259,0863.png#patch0019,51.55948257446289,0.9925169348716736,0.9989343881607056,6.983154889894649e-06
2260,0863.png#patch0020,48.52322769165039,0.9891810417175293,0.9986594319343567,1.4050017853151076e-05
2261,0863.png#patch0021,33.905982971191406,0.9009037017822266,0.9843039512634277,0.00040681936661712825
2262,0863.png#patch0022,33.53658676147461,0.8405959606170654,0.9731646776199341,0.0004429363470990211
2263,0863.png#patch0023,31.735116958618164,0.8802213072776794,0.9779545664787292,0.000670638051815331
2264,0863.png#patch0024,53.27140426635742,0.9949755668640137,0.9992286562919617,4.708250344265252e-06
2265,0863.png#patch0025,45.18593215942383,0.9778937697410583,0.9967511296272278,3.0297493140096776e-05
2266,0863.png#patch0026,34.89814758300781,0.9019189476966858,0.9839355945587158,0.00032373162684962153
2267,0863.png#patch0027,31.34859848022461,0.8406804203987122,0.972438633441925,0.0007330610533244908
2268,0863.png#patch0028,33.19611740112305,0.8942176699638367,0.9833143353462219,0.00047905821702443063
2269,0863.png#patch0029,46.14942169189453,0.9837389588356018,0.9978535175323486,2.426932223897893e-05
2270,0863.png#patch0030,43.65243148803711,0.9780392050743103,0.9969478249549866,4.31277476309333e-05
2271,0863.png#patch0031,36.32094955444336,0.9048274755477905,0.9854152798652649,0.00023329480609390885
2272,0863.png#patch0032,32.61399841308594,0.8478906750679016,0.9757422208786011,0.0005477722734212875
2273,0863.png#patch0033,33.38008499145508,0.8857393860816956,0.9809653759002686,0.0004591887700371444
2274,0863.png#patch0034,44.11366271972656,0.9754744172096252,0.9964094161987305,3.878229472320527e-05
2275,0864.png#patch0000,36.33650588989258,0.9375942945480347,0.9880884289741516,0.00023246067576110363
2276,0864.png#patch0001,31.90263557434082,0.8100186586380005,0.9630907773971558,0.0006452621892094612
2277,0864.png#patch0002,33.43309783935547,0.8497323393821716,0.9708934426307678,0.00045361771481111646
2278,0864.png#patch0003,29.68672752380371,0.7660446763038635,0.9476318955421448,0.0010747987544164062
2279,0864.png#patch0004,27.551416397094727,0.7820391654968262,0.9554321765899658,0.0017573499353602529
2280,0864.png#patch0005,30.538753509521484,0.7741565108299255,0.9491407871246338,0.0008833329193294048
2281,0864.png#patch0006,32.39497375488281,0.8041186928749084,0.9572898745536804,0.0005761059001088142
2282,0864.png#patch0007,35.56489944458008,0.9329906702041626,0.9870538115501404,0.0002776577020995319
2283,0864.png#patch0008,31.159944534301758,0.8041920065879822,0.9630427956581116,0.000765605887863785
2284,0864.png#patch0009,28.490142822265625,0.7348712086677551,0.9488141536712646,0.0014157468685880303
2285,0864.png#patch0010,28.3625431060791,0.729349672794342,0.9470332264900208,0.001457959646359086
2286,0864.png#patch0011,29.499814987182617,0.7431445717811584,0.9520925283432007,0.0011220657033845782
2287,0864.png#patch0012,30.502103805541992,0.7688999772071838,0.9545866250991821,0.000890818948391825
2288,0864.png#patch0013,32.711360931396484,0.8151130080223083,0.9618335366249084,0.0005356285837478936
2289,0864.png#patch0014,32.399871826171875,0.8969212770462036,0.9808776378631592,0.0005754570011049509
2290,0864.png#patch0015,32.197181701660156,0.8274262547492981,0.9677025079727173,0.0006029504584148526
2291,0864.png#patch0016,32.591068267822266,0.8294486999511719,0.9655918478965759,0.0005506719462573528
2292,0864.png#patch0017,32.20158004760742,0.8178886771202087,0.964240312576294,0.0006023402675054967
2293,0864.png#patch0018,33.13761520385742,0.8472365736961365,0.9693303108215332,0.0004855547158513218
2294,0864.png#patch0019,33.512168884277344,0.8318842053413391,0.96519535779953,0.00044543357216753066
2295,0864.png#patch0020,34.33115768432617,0.840502142906189,0.9643363952636719,0.00036887923488393426
2296,0864.png#patch0021,31.060911178588867,0.8176289200782776,0.9581051468849182,0.0007832649280317128
2297,0864.png#patch0022,32.785709381103516,0.8299082517623901,0.965339183807373,0.0005265370709821582
2298,0864.png#patch0023,31.06726837158203,0.8156147599220276,0.9628006219863892,0.0007821192848496139
2299,0864.png#patch0024,29.642282485961914,0.7534071803092957,0.9508591890335083,0.0010858547175303102
2300,0864.png#patch0025,29.677196502685547,0.7315309643745422,0.9463504552841187,0.0010771601228043437
2301,0864.png#patch0026,30.520505905151367,0.7428131699562073,0.9471217393875122,0.0008870525634847581
2302,0864.png#patch0027,32.6141357421875,0.7927806973457336,0.9555970430374146,0.0005477549857459962
2303,0864.png#patch0028,27.689056396484375,0.7836959958076477,0.9503785371780396,0.0017025275155901909
2304,0864.png#patch0029,33.276554107666016,0.8602168560028076,0.9734467267990112,0.0004702669975813478
2305,0864.png#patch0030,30.259384155273438,0.7847743034362793,0.9579847455024719,0.0009420228889212012
2306,0864.png#patch0031,28.488502502441406,0.7525604963302612,0.949602484703064,0.001416281796991825
2307,0864.png#patch0032,28.2961368560791,0.7384594678878784,0.9498840570449829,0.0014804241945967078
2308,0864.png#patch0033,28.000953674316406,0.7082793116569519,0.9403268694877625,0.001584544312208891
2309,0864.png#patch0034,30.155305862426758,0.7480524182319641,0.948729932308197,0.00096487085102126
2310,0865.png#patch0000,44.40279006958008,0.963536262512207,0.9944532513618469,3.628447302617133e-05
2311,0865.png#patch0001,44.942359924316406,0.9673031568527222,0.9948734641075134,3.2045260013546795e-05
2312,0865.png#patch0002,43.926307678222656,0.9823181629180908,0.9967437982559204,4.0491991967428476e-05
2313,0865.png#patch0003,29.428956985473633,0.9108009934425354,0.9807344079017639,0.0011405233526602387
2314,0865.png#patch0004,45.32302474975586,0.9757851958274841,0.9958264827728271,2.9356038794503547e-05
2315,0865.png#patch0005,45.179080963134766,0.9695062041282654,0.9951108694076538,3.0345325285452418e-05
2316,0865.png#patch0006,44.32650375366211,0.9622039794921875,0.9940500259399414,3.692746759043075e-05
2317,0865.png#patch0007,31.73956298828125,0.9036169648170471,0.982491672039032,0.0006699517252855003
2318,0865.png#patch0008,29.142961502075195,0.8599204421043396,0.9736571311950684,0.0012181582860648632
2319,0865.png#patch0009,26.723146438598633,0.7678252458572388,0.9540684819221497,0.002126597333699465
2320,0865.png#patch0010,26.545377731323242,0.7256703972816467,0.9493454098701477,0.0022154508624225855
2321,0865.png#patch0011,27.5556697845459,0.80840665102005,0.9606093168258667,0.0017556296661496162
2322,0865.png#patch0012,44.401939392089844,0.9707444310188293,0.9952043890953064,3.629159618867561e-05
2323,0865.png#patch0013,30.417810440063477,0.8922035098075867,0.9802972078323364,0.0009082780452445149
2324,0865.png#patch0014,23.169954299926758,0.6273447275161743,0.9182822704315186,0.004819528199732304
2325,0865.png#patch0015,23.998779296875,0.6323357820510864,0.9226217269897461,0.003982190974056721
2326,0865.png#patch0016,28.235916137695312,0.7157605886459351,0.9502108693122864,0.0015010957140475512
2327,0865.png#patch0017,26.98257827758789,0.7012785077095032,0.9471542239189148,0.002003281842917204
2328,0865.png#patch0018,27.7478084564209,0.7361613512039185,0.947742760181427,0.0016796509735286236
2329,0865.png#patch0019,27.28781509399414,0.7131568789482117,0.9443562030792236,0.0018673189915716648
2330,0865.png#patch0020,24.350473403930664,0.5685716271400452,0.9107766151428223,0.0036724216770380735
2331,0865.png#patch0021,27.9548397064209,0.734534502029419,0.9473797082901001,0.0016014593420550227
2332,0865.png#patch0022,28.707067489624023,0.7760826945304871,0.9552996158599854,0.001346769044175744
2333,0865.png#patch0023,28.56357192993164,0.7390509247779846,0.9431878924369812,0.0013920111814513803
2334,0865.png#patch0024,29.392681121826172,0.7189204096794128,0.9363238215446472,0.0011500897817313671
2335,0865.png#patch0025,31.86960220336914,0.8315684795379639,0.9652730822563171,0.0006501892348751426
2336,0865.png#patch0026,28.234909057617188,0.773360013961792,0.9593402743339539,0.0015014433301985264
2337,0865.png#patch0027,26.202566146850586,0.5376861095428467,0.8850972652435303,0.002397415228188038
2338,0865.png#patch0028,28.42545509338379,0.7229671478271484,0.9395205974578857,0.0014369923155754805
2339,0865.png#patch0029,27.240825653076172,0.6937013864517212,0.9316038489341736,0.0018876312533393502
2340,0865.png#patch0030,29.695201873779297,0.770759642124176,0.9519209861755371,0.0010727037442848086
2341,0865.png#patch0031,29.3264102935791,0.7842141389846802,0.9549750089645386,0.0011677737347781658
2342,0865.png#patch0032,30.30475616455078,0.8223913908004761,0.9615269899368286,0.0009322327096015215
2343,0865.png#patch0033,30.657489776611328,0.8493316769599915,0.9715887904167175,0.0008595098042860627
2344,0865.png#patch0034,27.494104385375977,0.6281318068504333,0.9253265261650085,0.001780694699846208
2345,0865.png#patch0035,42.9150390625,0.9714840650558472,0.9944952726364136,5.110882193548605e-05
2346,0865.png#patch0036,34.32646560668945,0.9317402243614197,0.9870265126228333,0.0003692778409458697
2347,0865.png#patch0037,27.56403350830078,0.685261607170105,0.9215837717056274,0.0017522518755868077
2348,0865.png#patch0038,27.408645629882812,0.6364567875862122,0.9111685156822205,0.0018160816980525851
2349,0865.png#patch0039,30.76040267944336,0.8533104658126831,0.9653255939483643,0.000839382060803473
2350,0865.png#patch0040,37.438720703125,0.9362415075302124,0.9847187995910645,0.0001803547638701275
2351,0865.png#patch0041,28.43022918701172,0.7344884276390076,0.9417118430137634,0.0014354136073961854
2352,0866.png#patch0000,44.00266647338867,0.9874767661094666,0.998096227645874,3.978629320045002e-05
2353,0866.png#patch0001,44.94648361206055,0.9884159564971924,0.9982628226280212,3.20148428727407e-05
2354,0866.png#patch0002,45.55057907104492,0.9894439578056335,0.9983521103858948,2.78574680123711e-05
2355,0866.png#patch0003,44.759002685546875,0.9878638982772827,0.9981144070625305,3.342717536725104e-05
2356,0866.png#patch0004,43.76000213623047,0.9873717427253723,0.998073399066925,4.2072591895703226e-05
2357,0866.png#patch0005,43.83180618286133,0.9868282079696655,0.9982355833053589,4.13827619922813e-05
2358,0866.png#patch0006,33.986900329589844,0.958610475063324,0.992436408996582,0.00039930970524437726
2359,0866.png#patch0007,32.42730712890625,0.8833821415901184,0.9793642163276672,0.0005718328175134957
2360,0866.png#patch0008,42.01835632324219,0.9864060282707214,0.9979516863822937,6.282962567638606e-05
2361,0866.png#patch0009,44.50334548950195,0.9870726466178894,0.9980353116989136,3.545399886206724e-05
2362,0866.png#patch0010,41.179412841796875,0.9673414826393127,0.9949663281440735,7.621815166203305e-05
2363,0866.png#patch0011,37.45158386230469,0.960649847984314,0.9942294955253601,0.00017982143617700785
2364,0866.png#patch0012,31.530338287353516,0.7951080203056335,0.9627705812454224,0.0007030172855593264
2365,0866.png#patch0013,31.215312957763672,0.9052997827529907,0.984825849533081,0.0007559075602330267
2366,0866.png#patch0014,42.57883071899414,0.9821858406066895,0.9973536133766174,5.522258652490564e-05
2367,0866.png#patch0015,39.3917121887207,0.9559648036956787,0.9930083751678467,0.00011503462883410975
2368,0866.png#patch0016,31.145214080810547,0.8254778385162354,0.9732732176780701,0.000768207130022347
2369,0866.png#patch0017,41.34275817871094,0.9456677436828613,0.9888008236885071,7.340466254390776e-05
2370,0866.png#patch0018,34.58613967895508,0.8897488713264465,0.9822210669517517,0.00034784513991326094
2371,0866.png#patch0019,39.87514114379883,0.9617740511894226,0.9936473965644836,0.00010291668877471238
2372,0866.png#patch0020,34.80520248413086,0.9195718765258789,0.984340488910675,0.00033073447411879897
2373,0866.png#patch0021,31.156274795532227,0.8490054607391357,0.9731338620185852,0.0007662533898837864
2374,0866.png#patch0022,40.179439544677734,0.9173370599746704,0.981460690498352,9.595236042514443e-05
2375,0866.png#patch0023,35.58804702758789,0.9166130423545837,0.9837651252746582,0.00027618175954557955
2376,0866.png#patch0024,35.8946533203125,0.9301235675811768,0.9882270693778992,0.0002573561214376241
2377,0866.png#patch0025,29.743335723876953,0.8515361547470093,0.9675962328910828,0.0010608797892928123
2378,0866.png#patch0026,28.638473510742188,0.8273542523384094,0.9617990851402283,0.0013682094868272543
2379,0866.png#patch0027,32.89706039428711,0.8854655623435974,0.9763631224632263,0.0005132083315402269
2380,0866.png#patch0028,30.481708526611328,0.8617544770240784,0.9727693796157837,0.0008950125193223357
2381,0866.png#patch0029,29.7880916595459,0.8634384274482727,0.9739043116569519,0.0010500032221898437
2382,0866.png#patch0030,20.91585350036621,0.4772835671901703,0.8595094680786133,0.00809868797659874
2383,0866.png#patch0031,22.787633895874023,0.5393593907356262,0.8822200894355774,0.005263037513941526
2384,0866.png#patch0032,25.749345779418945,0.6367075443267822,0.912773847579956,0.002661125035956502
2385,0866.png#patch0033,22.62488555908203,0.6099371314048767,0.901949942111969,0.005464008077979088
2386,0866.png#patch0034,23.144384384155273,0.642901599407196,0.9103176593780518,0.004847987554967403
2387,0867.png#patch0000,29.94614028930664,0.8772099614143372,0.9668410420417786,0.001012478838674724
2388,0867.png#patch0001,32.894474029541016,0.9232327938079834,0.9803677201271057,0.000513514329213649
2389,0867.png#patch0002,33.84564208984375,0.9239445328712463,0.9819307923316956,0.0004125110572203994
2390,0867.png#patch0003,33.06505584716797,0.9027224183082581,0.9747709035873413,0.0004937353660352528
2391,0867.png#patch0004,35.015377044677734,0.929466187953949,0.9832994937896729,0.00031510990811511874
2392,0867.png#patch0005,31.18191909790039,0.8672839999198914,0.9725013971328735,0.0007617422379553318
2393,0867.png#patch0006,28.954450607299805,0.8599432706832886,0.965663492679596,0.00127219851128757
2394,0867.png#patch0007,29.752243041992188,0.8622507452964783,0.969667911529541,0.0010587065480649471
2395,0867.png#patch0008,29.89388656616211,0.8462146520614624,0.9662778973579407,0.0010247337631881237
2396,0867.png#patch0009,30.971961975097656,0.8776367902755737,0.9691281318664551,0.0007994727930054069
2397,0867.png#patch0010,31.488697052001953,0.8936771750450134,0.9766820669174194,0.0007097905618138611
2398,0867.png#patch0011,29.25511932373047,0.860815703868866,0.9651700258255005,0.0011871019378304482
2399,0867.png#patch0012,31.289690017700195,0.889266848564148,0.9788795709609985,0.0007430719560943544
2400,0867.png#patch0013,29.041658401489258,0.8135696053504944,0.9567652940750122,0.0012469064677134156
2401,0867.png#patch0014,34.21989059448242,0.9060114622116089,0.9822248816490173,0.00037845197948627174
2402,0867.png#patch0015,27.579303741455078,0.8094097971916199,0.9554107189178467,0.001746102119795978
2403,0867.png#patch0016,27.623489379882812,0.8406102061271667,0.968025803565979,0.0017284263158217072
2404,0867.png#patch0017,26.790184020996094,0.8284714818000793,0.9615822434425354,0.00209402316249907
2405,0867.png#patch0018,26.543319702148438,0.7451629042625427,0.9417413473129272,0.0022165009286254644
2406,0867.png#patch0019,27.58051300048828,0.7735460996627808,0.9492077827453613,0.0017456160858273506
2407,0867.png#patch0020,26.989999771118164,0.8070748448371887,0.957440197467804,0.001999862026423216
2408,0867.png#patch0021,28.04945182800293,0.7977460026741028,0.9502038955688477,0.0015669484855607152
2409,0867.png#patch0022,24.369413375854492,0.738714873790741,0.9399181008338928,0.003656440181657672
2410,0867.png#patch0023,26.575788497924805,0.7430538535118103,0.944357693195343,0.002199991140514612
2411,0867.png#patch0024,28.960247039794922,0.7619971632957458,0.949460506439209,0.0012705017579719424
2412,0867.png#patch0025,29.583608627319336,0.8673356175422668,0.9740203022956848,0.0011006243294104934
2413,0867.png#patch0026,28.170217514038086,0.8628004193305969,0.9727485179901123,0.0015239762142300606
2414,0867.png#patch0027,26.949739456176758,0.7891102433204651,0.9542779326438904,0.0020184863824397326
2415,0867.png#patch0028,28.152029037475586,0.8141518831253052,0.96089768409729,0.001530371606349945
2416,0867.png#patch0029,31.678388595581055,0.8817754983901978,0.9781410098075867,0.0006794552900828421
2417,0867.png#patch0030,26.621414184570312,0.7965129017829895,0.9537299871444702,0.002177000045776367
2418,0867.png#patch0031,25.17024040222168,0.749260663986206,0.9388896226882935,0.0030407162848860025
2419,0867.png#patch0032,24.913089752197266,0.7516114711761475,0.9490509033203125,0.0032261968590319157
2420,0867.png#patch0033,25.990489959716797,0.7634925246238708,0.9476660490036011,0.0025173919275403023
2421,0867.png#patch0034,27.30355453491211,0.7971452474594116,0.962077260017395,0.0018605627119541168
2422,0868.png#patch0000,59.46998596191406,0.9987872242927551,0.9998440146446228,1.1297985338387662e-06
2423,0868.png#patch0001,59.78565216064453,0.9989246129989624,0.9998754858970642,1.0505926866244408e-06
2424,0868.png#patch0002,60.41691207885742,0.9990206360816956,0.9998805522918701,9.084658358915476e-07
2425,0868.png#patch0003,75.8763427734375,0.9999486207962036,0.9999800324440002,2.5844354212267717e-08
2426,0868.png#patch0004,56.01761245727539,0.999800443649292,0.9999803304672241,2.5017172902153106e-06
2427,0868.png#patch0005,57.640159606933594,0.9980909824371338,0.9997641444206238,1.7218052335010725e-06
2428,0868.png#patch0006,60.7082633972168,0.999116063117981,0.9999001026153564,8.49519494749984e-07
2429,0868.png#patch0007,58.59556198120117,0.9984468817710876,0.9997922778129578,1.3817949593430967e-06
2430,0868.png#patch0008,61.43923568725586,0.9992825984954834,0.9999236464500427,7.17919817816437e-07
2431,0868.png#patch0009,57.387088775634766,0.9979938268661499,0.999750554561615,1.825118147280591e-06
2432,0868.png#patch0010,29.580488204956055,0.9369990825653076,0.9869117736816406,0.00110141490586102
2433,0868.png#patch0011,29.774765014648438,0.9145537614822388,0.9834724068641663,0.0010532306041568518
2434,0868.png#patch0012,41.61176681518555,0.9939337968826294,0.9989109635353088,6.899585423525423e-05
2435,0868.png#patch0013,59.97050094604492,0.9989267587661743,0.9998640418052673,1.0068147275887895e-06
2436,0868.png#patch0014,58.40194320678711,0.9984005093574524,0.9998034238815308,1.4447922467297758e-06
2437,0868.png#patch0015,58.277530670166016,0.9983581900596619,0.9997906684875488,1.486780320192338e-06
2438,0868.png#patch0016,36.829349517822266,0.9917210936546326,0.9982076287269592,0.0002075224183499813
2439,0868.png#patch0017,26.27614974975586,0.855189323425293,0.9731976389884949,0.0023571373894810677
2440,0868.png#patch0018,27.410396575927734,0.8487443923950195,0.9732093811035156,0.0018153494456782937
2441,0868.png#patch0019,48.580074310302734,0.9976754188537598,0.9997183084487915,1.3867307643522508e-05
2442,0868.png#patch0020,59.55244445800781,0.9987952709197998,0.9998510479927063,1.1085500091212452e-06
2443,0868.png#patch0021,58.76270294189453,0.9985127449035645,0.9998155236244202,1.3296254337546998e-06
2444,0868.png#patch0022,57.654296875,0.9980722069740295,0.9997543692588806,1.7162078620458487e-06
2445,0868.png#patch0023,27.823715209960938,0.8909053802490234,0.9758520722389221,0.0016505480743944645
2446,0868.png#patch0024,25.377777099609375,0.6971428990364075,0.9412354230880737,0.0028988260310143232
2447,0868.png#patch0025,25.795211791992188,0.777805507183075,0.9593014121055603,0.002633168827742338
2448,0868.png#patch0026,32.81327438354492,0.9408007860183716,0.9903857111930847,0.0005232056719250977
2449,0868.png#patch0027,58.454002380371094,0.9984319806098938,0.9998056888580322,1.427576876267267e-06
2450,0868.png#patch0028,59.33362579345703,0.9987162947654724,0.9998365640640259,1.1658351013466017e-06
2451,0868.png#patch0029,58.856407165527344,0.9985308647155762,0.9998094439506531,1.3012454473937396e-06
2452,0868.png#patch0030,31.10854721069336,0.9585533142089844,0.9917648434638977,0.0007747205090709031
2453,0868.png#patch0031,24.260351181030273,0.7275491952896118,0.9437907338142395,0.003749426221475005
2454,0868.png#patch0032,26.542272567749023,0.8053648471832275,0.9579179286956787,0.0022170355077832937
2455,0868.png#patch0033,29.340524673461914,0.9331620335578918,0.9876132011413574,0.0011639853473752737
2456,0868.png#patch0034,59.2722053527832,0.9986961483955383,0.9998171329498291,1.1824399734905455e-06
2457,0869.png#patch0000,48.42850112915039,0.9845346808433533,0.9977666735649109,1.4359831766341813e-05
2458,0869.png#patch0001,35.54988098144531,0.9543451070785522,0.9912583231925964,0.0002786195545922965
2459,0869.png#patch0002,49.41538619995117,0.9882311224937439,0.9983290433883667,1.1440925845818128e-05
2460,0869.png#patch0003,46.88682556152344,0.986463189125061,0.9980501532554626,2.0479405065998435e-05
2461,0869.png#patch0004,39.043479919433594,0.9692690372467041,0.9946977496147156,0.00012463836173992604
2462,0869.png#patch0005,47.99205017089844,0.9831613302230835,0.9976588487625122,1.5877965779509395e-05
2463,0869.png#patch0006,26.518882751464844,0.8050559163093567,0.9590213298797607,0.0022290078923106194
2464,0869.png#patch0007,19.1798152923584,0.5355080962181091,0.8803412914276123,0.012078646570444107
2465,0869.png#patch0008,20.36329460144043,0.5833919644355774,0.8958322405815125,0.009197511710226536
2466,0869.png#patch0009,36.92411804199219,0.9523328542709351,0.991794764995575,0.0002030430914601311
2467,0869.png#patch0010,44.3016242980957,0.9792084097862244,0.9961767792701721,3.7139616324566305e-05
2468,0869.png#patch0011,22.43145751953125,0.5951367020606995,0.9029605388641357,0.005712867248803377
2469,0869.png#patch0012,20.3402156829834,0.49723517894744873,0.8807058930397034,0.009246518835425377
2470,0869.png#patch0013,21.316877365112305,0.5101214051246643,0.8840128779411316,0.007384349126368761
2471,0869.png#patch0014,28.00478172302246,0.8210849165916443,0.957413911819458,0.0015831486089155078
2472,0869.png#patch0015,29.355186462402344,0.9072149991989136,0.975252628326416,0.0011600623838603497
2473,0869.png#patch0016,19.049423217773438,0.4691448509693146,0.8649269938468933,0.012446797452867031
2474,0869.png#patch0017,21.660470962524414,0.5897876024246216,0.912385106086731,0.006822645664215088
2475,0869.png#patch0018,19.237823486328125,0.445700079202652,0.8648481369018555,0.011918392032384872
2476,0869.png#patch0019,21.964820861816406,0.7044710516929626,0.9258579015731812,0.006360889412462711
2477,0869.png#patch0020,26.90114402770996,0.8695569038391113,0.9715148210525513,0.0020411997102200985
2478,0869.png#patch0021,19.892038345336914,0.4966273307800293,0.8734299540519714,0.010251706466078758
2479,0869.png#patch0022,21.774600982666016,0.5936495661735535,0.89665287733078,0.006645685993134975
2480,0869.png#patch0023,24.548213958740234,0.6353902816772461,0.9139655828475952,0.003508961293846369
2481,0869.png#patch0024,20.07733917236328,0.5460618138313293,0.8827864527702332,0.009823496453464031
2482,0869.png#patch0025,24.997112274169922,0.8162750601768494,0.9604060649871826,0.003164381254464388
2483,0869.png#patch0026,23.975475311279297,0.7089314460754395,0.9373263716697693,0.0040036155842244625
2484,0869.png#patch0027,27.009449005126953,0.7973678112030029,0.9564028978347778,0.0019909252878278494
2485,0869.png#patch0028,31.94556427001953,0.8970917463302612,0.98223876953125,0.0006389156333170831
2486,0869.png#patch0029,24.240737915039062,0.7289903163909912,0.9408121109008789,0.0037663979455828667
2487,0869.png#patch0030,26.95137596130371,0.8234239816665649,0.9605663418769836,0.0020177271217107773
2488,0869.png#patch0031,30.128725051879883,0.9040244817733765,0.982637345790863,0.0009707948192954063
2489,0869.png#patch0032,40.62602615356445,0.9618014097213745,0.993151843547821,8.657592115923762e-05
2490,0869.png#patch0033,41.35446548461914,0.9610944986343384,0.9928004145622253,7.320710574276745e-05
2491,0869.png#patch0034,32.65066146850586,0.9211477637290955,0.9849517941474915,0.0005431672325357795
2492,0870.png#patch0000,34.095035552978516,0.9242796897888184,0.9870901703834534,0.00038948978180997074
2493,0870.png#patch0001,33.68114471435547,0.9239559769630432,0.9871891140937805,0.0004284356546122581
2494,0870.png#patch0002,32.98262023925781,0.9218803644180298,0.9862391352653503,0.0005031964974477887
2495,0870.png#patch0003,30.075441360473633,0.8812246322631836,0.9761260747909546,0.0009827787289395928
2496,0870.png#patch0004,35.01997375488281,0.9347367286682129,0.9872444868087769,0.0003147766983602196
2497,0870.png#patch0005,31.322891235351562,0.9093536138534546,0.981238603591919,0.0007374126580543816
2498,0870.png#patch0006,32.704654693603516,0.9221283197402954,0.9858152866363525,0.0005364565295167267
2499,0870.png#patch0007,36.07052230834961,0.9293175935745239,0.9883305430412292,0.000247142743319273
2500,0870.png#patch0008,27.59807777404785,0.788150429725647,0.9518279433250427,0.0017385698156431317
2501,0870.png#patch0009,26.766496658325195,0.7471975088119507,0.9396395087242126,0.0021054763346910477
2502,0870.png#patch0010,25.760435104370117,0.7497414946556091,0.941973865032196,0.0026543389540165663
2503,0870.png#patch0011,24.857141494750977,0.7287144660949707,0.9348183870315552,0.0032680281437933445
2504,0870.png#patch0012,26.96712875366211,0.7418993711471558,0.9394664764404297,0.002010421361774206
2505,0870.png#patch0013,30.35521697998047,0.8669924139976501,0.9741086363792419,0.0009214637102559209
2506,0870.png#patch0014,26.02122688293457,0.7543466687202454,0.9441835284233093,0.0024996385909616947
2507,0870.png#patch0015,29.484811782836914,0.8151738047599792,0.9565975666046143,0.0011259489692747593
2508,0870.png#patch0016,27.50452995300293,0.7912347912788391,0.9536057114601135,0.0017764251679182053
2509,0870.png#patch0017,27.099044799804688,0.8107364773750305,0.9618713855743408,0.0019502725917845964
2510,0870.png#patch0018,28.829303741455078,0.8276056051254272,0.9650057554244995,0.0013093914603814483
2511,0870.png#patch0019,29.036094665527344,0.8423929214477539,0.9699766635894775,0.001248505199328065
2512,0870.png#patch0020,28.83892250061035,0.83043372631073,0.9661265015602112,0.0013064945815131068
2513,0870.png#patch0021,28.268268585205078,0.8068723082542419,0.9600110054016113,0.0014899543020874262
2514,0870.png#patch0022,27.39303970336914,0.7574577927589417,0.9468814730644226,0.0018226188840344548
2515,0870.png#patch0023,28.3369083404541,0.8055520057678223,0.9588639736175537,0.0014665911439806223
2516,0870.png#patch0024,30.668434143066406,0.8563850522041321,0.9690291285514832,0.000857346341945231
2517,0870.png#patch0025,30.69938850402832,0.8816182613372803,0.9776095151901245,0.0008512575877830386
2518,0870.png#patch0026,29.06521987915039,0.8519212007522583,0.9701759219169617,0.0012401603162288666
2519,0870.png#patch0027,27.27293586730957,0.8028968572616577,0.9592472314834595,0.0018737271893769503
2520,0870.png#patch0028,28.568923950195312,0.8105316162109375,0.9605479836463928,0.0013902969658374786
2521,0870.png#patch0029,30.11505889892578,0.8715245723724365,0.9739000201225281,0.00097385433036834
2522,0870.png#patch0030,29.719173431396484,0.8546988368034363,0.9702258706092834,0.0010667989263311028
2523,0870.png#patch0031,33.81269073486328,0.9215539693832397,0.9857000708580017,0.0004156528739258647
2524,0870.png#patch0032,37.739322662353516,0.9431977272033691,0.9889167547225952,0.00016829362721182406
2525,0870.png#patch0033,36.29652786254883,0.9351369738578796,0.9887741208076477,0.00023461018281523138
2526,0870.png#patch0034,35.42152404785156,0.9442802667617798,0.9908676743507385,0.00028697706875391304
2527,0870.png#patch0035,28.564563751220703,0.8476330637931824,0.966542661190033,0.0013916927855461836
2528,0870.png#patch0036,34.93994903564453,0.9332096576690674,0.9872790575027466,0.0003206303808838129
2529,0870.png#patch0037,32.609710693359375,0.9152213335037231,0.98369961977005,0.0005483133718371391
2530,0870.png#patch0038,32.45247268676758,0.9108193516731262,0.9829809069633484,0.0005685288924723864
2531,0870.png#patch0039,32.761451721191406,0.910015881061554,0.9820680022239685,0.0005294865113683045
2532,0870.png#patch0040,35.5235710144043,0.9318365454673767,0.9866227507591248,0.00028031275724060833
2533,0870.png#patch0041,38.92850112915039,0.9539400339126587,0.992570161819458,0.00012798220268450677
2534,0871.png#patch0000,33.80276107788086,0.8890182971954346,0.9764628410339355,0.0004166043654549867
2535,0871.png#patch0001,33.495113372802734,0.9104468822479248,0.9824279546737671,0.0004471861757338047
2536,0871.png#patch0002,42.727046966552734,0.9855090975761414,0.9973500967025757,5.3369753004517406e-05
2537,0871.png#patch0003,39.82624435424805,0.9770553112030029,0.9953534603118896,0.00010408199887024239
2538,0871.png#patch0004,43.18643569946289,0.9860894680023193,0.9973601698875427,4.8012683691922575e-05
2539,0871.png#patch0005,44.92937469482422,0.9919730424880981,0.9983764290809631,3.2141215342562646e-05
2540,0871.png#patch0006,44.896419525146484,0.9855248928070068,0.9970402717590332,3.23860404023435e-05
2541,0871.png#patch0007,32.353031158447266,0.8718816041946411,0.9734289646148682,0.0005816970951855183
2542,0871.png#patch0008,30.239940643310547,0.8116114139556885,0.9611263275146484,0.0009462496964260936
2543,0871.png#patch0009,32.451847076416016,0.8596007227897644,0.9678679704666138,0.0005686110234819353
2544,0871.png#patch0010,32.53021240234375,0.8881765604019165,0.9732488393783569,0.0005584427854046226
2545,0871.png#patch0011,32.65144729614258,0.8894003629684448,0.9745253324508667,0.0005430689780041575
2546,0871.png#patch0012,33.29206085205078,0.9188671112060547,0.9834832549095154,0.0004685906751547009
2547,0871.png#patch0013,36.0838623046875,0.949444055557251,0.9897522330284119,0.0002463847049511969
2548,0871.png#patch0014,34.63444900512695,0.912553608417511,0.9801382422447205,0.0003439973224885762
2549,0871.png#patch0015,28.905380249023438,0.8426697254180908,0.9649581909179688,0.0012866538017988205
2550,0871.png#patch0016,27.771087646484375,0.7922899127006531,0.9579603672027588,0.001670671976171434
2551,0871.png#patch0017,29.70431137084961,0.7990167737007141,0.96327143907547,0.0010704559972509742
2552,0871.png#patch0018,31.065275192260742,0.8460004925727844,0.9687566161155701,0.0007824784843251109
2553,0871.png#patch0019,31.22286033630371,0.8707568645477295,0.970055103302002,0.0007545946864411235
2554,0871.png#patch0020,37.7330436706543,0.9489665031433105,0.9914084672927856,0.00016853705164976418
2555,0871.png#patch0021,33.1735954284668,0.8903430104255676,0.9757574200630188,0.00048154903925023973
2556,0871.png#patch0022,32.99715805053711,0.9013442993164062,0.9791448712348938,0.000501515285577625
2557,0871.png#patch0023,30.383312225341797,0.834398090839386,0.9676302671432495,0.0009155215229839087
2558,0871.png#patch0024,29.333349227905273,0.7911993861198425,0.9577642679214478,0.0011659100418910384
2559,0871.png#patch0025,30.54279327392578,0.8512567281723022,0.969307005405426,0.0008825117838568985
2560,0871.png#patch0026,31.06711769104004,0.889936625957489,0.9750795364379883,0.0007821462932042778
2561,0871.png#patch0027,40.794593811035156,0.9741884469985962,0.9939866065979004,8.32799487398006e-05
2562,0871.png#patch0028,41.700836181640625,0.9809913635253906,0.9952428936958313,6.759525422239676e-05
2563,0871.png#patch0029,39.05335235595703,0.9727234244346619,0.9953633546829224,0.0001243554288521409
2564,0871.png#patch0030,33.2745246887207,0.926112174987793,0.9844123721122742,0.00047048667329363525
2565,0871.png#patch0031,32.35602569580078,0.9214076399803162,0.9849775433540344,0.0005812958115711808
2566,0871.png#patch0032,30.645200729370117,0.9037911295890808,0.9821091294288635,0.0008619454456493258
2567,0871.png#patch0033,30.664810180664062,0.8735997080802917,0.9756524562835693,0.0008580622961744666
2568,0871.png#patch0034,27.719318389892578,0.8306810259819031,0.9691504240036011,0.0016907058889046311
2569,0872.png#patch0000,27.401182174682617,0.831206202507019,0.9676008820533752,0.0018192051211372018
2570,0872.png#patch0001,27.531558990478516,0.8645463585853577,0.9740162491798401,0.0017654034309089184
2571,0872.png#patch0002,25.259368896484375,0.7718417644500732,0.9564117789268494,0.002978948410600424
2572,0872.png#patch0003,24.23811912536621,0.7571693658828735,0.9488756060600281,0.0037686701398342848
2573,0872.png#patch0004,23.49092674255371,0.7003583312034607,0.9405993819236755,0.004476177506148815
2574,0872.png#patch0005,28.203182220458984,0.7264586091041565,0.946669340133667,0.0015124526107683778
2575,0872.png#patch0006,29.118959426879883,0.752720296382904,0.9462121725082397,0.0012249094434082508
2576,0872.png#patch0007,25.982114791870117,0.7729109525680542,0.9571152925491333,0.002522252034395933
2577,0872.png#patch0008,25.574182510375977,0.7494089007377625,0.9525702595710754,0.002770649967715144
2578,0872.png#patch0009,25.546945571899414,0.7674879431724548,0.9562792181968689,0.002788080368191004
2579,0872.png#patch0010,23.183002471923828,0.6870916485786438,0.9315087795257568,0.004805068951100111
2580,0872.png#patch0011,26.66619110107422,0.7927421927452087,0.9570949673652649,0.002154669724404812
2581,0872.png#patch0012,24.694297790527344,0.6426923871040344,0.9246103167533875,0.0033928928896784782
2582,0872.png#patch0013,22.99432373046875,0.6947070956230164,0.9397377967834473,0.005018426105380058
2583,0872.png#patch0014,23.989269256591797,0.6725184321403503,0.9354912638664246,0.003990920260548592
2584,0872.png#patch0015,25.297592163085938,0.7350754141807556,0.9481216073036194,0.0029528450686484575
2585,0872.png#patch0016,21.81351661682129,0.6166102290153503,0.9234647154808044,0.006586403585970402
2586,0872.png#patch0017,23.858579635620117,0.6868331432342529,0.9318579435348511,0.004112839698791504
2587,0872.png#patch0018,23.66653823852539,0.6247725486755371,0.9194406867027283,0.004298788495361805
2588,0872.png#patch0019,22.230403900146484,0.5993900895118713,0.9146950840950012,0.005983556155115366
2589,0872.png#patch0020,24.81884765625,0.7273522019386292,0.9408211708068848,0.003296971321105957
2590,0872.png#patch0021,26.391780853271484,0.7427706718444824,0.9522359371185303,0.002295206766575575
2591,0872.png#patch0022,24.960832595825195,0.7427529096603394,0.9481250643730164,0.0031909255776554346
2592,0872.png#patch0023,22.45269775390625,0.6354050636291504,0.9210407733917236,0.005684996955096722
2593,0872.png#patch0024,22.44261932373047,0.5704275965690613,0.9134823679924011,0.0056982021778821945
2594,0872.png#patch0025,21.67174530029297,0.5712271332740784,0.9122744798660278,0.006804955191910267
2595,0872.png#patch0026,21.81987762451172,0.5573838949203491,0.8979052901268005,0.006576760206371546
2596,0872.png#patch0027,26.67353630065918,0.7895424962043762,0.9545350074768066,0.0021510289516299963
2597,0872.png#patch0028,28.179943084716797,0.720392107963562,0.940325915813446,0.0015205672243610024
2598,0872.png#patch0029,23.86474609375,0.6978263258934021,0.933747410774231,0.004107006825506687
2599,0872.png#patch0030,23.16033363342285,0.6534944772720337,0.9313210844993591,0.004830214660614729
2600,0872.png#patch0031,23.555471420288086,0.6764853596687317,0.9344351291656494,0.004410142078995705
2601,0872.png#patch0032,23.107107162475586,0.6644458174705505,0.9309446215629578,0.004889778792858124
2602,0872.png#patch0033,25.353275299072266,0.7064459919929504,0.940582811832428,0.002915226388722658
2603,0872.png#patch0034,29.39150619506836,0.7006478905677795,0.9308446049690247,0.0011504008434712887
2604,0873.png#patch0000,56.835899353027344,0.9977527856826782,0.9996488690376282,2.0720942757179728e-06
2605,0873.png#patch0001,57.35694885253906,0.9980173110961914,0.9996914863586426,1.8378277673036791e-06
2606,0873.png#patch0002,57.713436126708984,0.9981769919395447,0.9997292160987854,1.6929978983171168e-06
2607,0873.png#patch0003,57.78651428222656,0.9981935620307922,0.9997310042381287,1.6647466054564575e-06
2608,0873.png#patch0004,36.87606430053711,0.9733871817588806,0.9940052032470703,0.00020530207257252187
2609,0873.png#patch0005,47.08594512939453,0.9974240660667419,0.9996594190597534,1.9561646695365198e-05
2610,0873.png#patch0006,43.66224670410156,0.9964123964309692,0.9995445013046265,4.303038804209791e-05
2611,0873.png#patch0007,25.18988609313965,0.6589496731758118,0.905158281326294,0.0030269932467490435
2612,0873.png#patch0008,23.234607696533203,0.6029830574989319,0.8886852860450745,0.004748309496790171
2613,0873.png#patch0009,24.243532180786133,0.606673002243042,0.8984421491622925,0.003763975342735648
2614,0873.png#patch0010,24.6585750579834,0.603793203830719,0.9015675783157349,0.0034209168516099453
2615,0873.png#patch0011,23.696168899536133,0.6211746335029602,0.9114962816238403,0.0042695580050349236
2616,0873.png#patch0012,23.17710304260254,0.5907645225524902,0.8962335586547852,0.004811601713299751
2617,0873.png#patch0013,21.34876251220703,0.5438945889472961,0.8758984804153442,0.007330333814024925
2618,0873.png#patch0014,24.149900436401367,0.6775582432746887,0.9266501665115356,0.0038460050709545612
2619,0873.png#patch0015,25.13027000427246,0.6970696449279785,0.9265279769897461,0.0030688296537846327
2620,0873.png#patch0016,22.04116439819336,0.6763943433761597,0.9280593395233154,0.006250051781535149
2621,0873.png#patch0017,22.558252334594727,0.6283802390098572,0.9126020073890686,0.005548490211367607
2622,0873.png#patch0018,23.149158477783203,0.6256290078163147,0.9124881029129028,0.004842661786824465
2623,0873.png#patch0019,24.28838348388672,0.6400793790817261,0.9193816184997559,0.0037253035698086023
2624,0873.png#patch0020,24.516740798950195,0.6841835975646973,0.925950288772583,0.0035344832576811314
2625,0873.png#patch0021,25.92142677307129,0.7281274795532227,0.9400526285171509,0.002557744737714529
2626,0873.png#patch0022,25.778919219970703,0.7231722474098206,0.9432083964347839,0.002643065992742777
2627,0873.png#patch0023,24.51586151123047,0.6731042265892029,0.9228341579437256,0.0035351975820958614
2628,0873.png#patch0024,23.704214096069336,0.6345402598381042,0.9192406535148621,0.004261655732989311
2629,0873.png#patch0025,22.872753143310547,0.577547013759613,0.9012599587440491,0.0051608881913125515
2630,0873.png#patch0026,22.94577407836914,0.6346604824066162,0.9192015528678894,0.005074840039014816
2631,0873.png#patch0027,24.349687576293945,0.6383669972419739,0.91587233543396,0.00367308733984828
2632,0873.png#patch0028,26.469568252563477,0.7650653719902039,0.9496510028839111,0.0022544628009200096
2633,0873.png#patch0029,25.273061752319336,0.7216029763221741,0.9356071352958679,0.002969571156427264
2634,0873.png#patch0030,22.930877685546875,0.6513553261756897,0.9223327040672302,0.005092279519885778
2635,0873.png#patch0031,23.483823776245117,0.6518086791038513,0.9226507544517517,0.004483502358198166
2636,0873.png#patch0032,22.55975341796875,0.6389625072479248,0.9179443717002869,0.005546571686863899
2637,0873.png#patch0033,21.44798469543457,0.6058836579322815,0.8998240828514099,0.007164758164435625
2638,0873.png#patch0034,24.694637298583984,0.6888576149940491,0.9310317039489746,0.0033926283940672874
2639,0874.png#patch0000,29.30340576171875,0.7987789511680603,0.9542502164840698,0.001173976343125105
2640,0874.png#patch0001,30.086984634399414,0.7549806833267212,0.9359743595123291,0.0009801703272387385
2641,0874.png#patch0002,28.357858657836914,0.7375528812408447,0.9355291128158569,0.0014595331158488989
2642,0874.png#patch0003,36.5745964050293,0.9848162531852722,0.9978502988815308,0.00022005948994774371
2643,0874.png#patch0004,59.96348190307617,0.9988929629325867,0.999862015247345,1.0084443147206912e-06
2644,0874.png#patch0005,29.420637130737305,0.8013922572135925,0.9572722911834717,0.0011427100980654359
2645,0874.png#patch0006,29.136125564575195,0.7733952403068542,0.9446347951889038,0.0012200772762298584
2646,0874.png#patch0007,29.96453285217285,0.7454138994216919,0.944151759147644,0.0010081995278596878
2647,0874.png#patch0008,31.801883697509766,0.7950156927108765,0.9530945420265198,0.000660406774841249
2648,0874.png#patch0009,31.293928146362305,0.8104581832885742,0.9591615796089172,0.000742347096092999
2649,0874.png#patch0010,31.151657104492188,0.8790687322616577,0.9723222255706787,0.0007670685881748796
2650,0874.png#patch0011,33.202762603759766,0.9332929849624634,0.985671877861023,0.00047832573181949556
2651,0874.png#patch0012,31.162860870361328,0.8044631481170654,0.9559263586997986,0.0007650920306332409
2652,0874.png#patch0013,29.220727920532227,0.7356643676757812,0.9396136403083801,0.0011965393787249923
2653,0874.png#patch0014,30.94318962097168,0.6824983358383179,0.9279969930648804,0.0008047866285778582
2654,0874.png#patch0015,32.995201110839844,0.8315421342849731,0.9628522396087646,0.0005017413641326129
2655,0874.png#patch0016,33.11949157714844,0.8637102246284485,0.9748337268829346,0.00048758540651760995
2656,0874.png#patch0017,26.810218811035156,0.7268567681312561,0.9393600225448608,0.002084385836496949
2657,0874.png#patch0018,31.021228790283203,0.8751396536827087,0.9743237495422363,0.0007904545054771006
2658,0874.png#patch0019,33.65985107421875,0.8554702997207642,0.971470832824707,0.0004305410257074982
2659,0874.png#patch0020,31.057903289794922,0.7709407210350037,0.9462119936943054,0.0007838078890927136
2660,0874.png#patch0021,30.15367317199707,0.7109477519989014,0.9377779960632324,0.0009652339504100382
2661,0874.png#patch0022,35.036216735839844,0.8809343576431274,0.97265625,0.00031360136927105486
2662,0874.png#patch0023,33.23383331298828,0.8268796801567078,0.9673488736152649,0.00047491592704318464
2663,0874.png#patch0024,26.45212173461914,0.6937698125839233,0.9326152801513672,0.0022635371424257755
2664,0874.png#patch0025,30.133434295654297,0.8311916589736938,0.9645619988441467,0.0009697427158243954
2665,0874.png#patch0026,33.47612762451172,0.8238300085067749,0.9614687561988831,0.0004491457075346261
2666,0874.png#patch0027,34.07206344604492,0.8574146628379822,0.9694241285324097,0.0003915555134881288
2667,0874.png#patch0028,29.034099578857422,0.6398711800575256,0.915206789970398,0.0012490786612033844
2668,0874.png#patch0029,33.0571174621582,0.8584951162338257,0.969772219657898,0.0004946383996866643
2669,0874.png#patch0030,31.652219772338867,0.8074944019317627,0.961328387260437,0.00068356201518327
2670,0874.png#patch0031,31.074996948242188,0.8282140493392944,0.9636419415473938,0.0007807284709997475
2671,0874.png#patch0032,25.837814331054688,0.8012787103652954,0.9560951590538025,0.0026074645575135946
2672,0874.png#patch0033,32.477474212646484,0.8063264489173889,0.9594221711158752,0.0005652657710015774
2673,0874.png#patch0034,31.3148193359375,0.8103789687156677,0.959624707698822,0.000738784612622112
2674,0875.png#patch0000,24.961851119995117,0.6573322415351868,0.9228321313858032,0.0031901767943054438
2675,0875.png#patch0001,24.79596710205078,0.6401956677436829,0.9133890867233276,0.003314387518912554
2676,0875.png#patch0002,25.08989906311035,0.6770244836807251,0.9313486218452454,0.0030974901746958494
2677,0875.png#patch0003,25.421218872070312,0.7060627937316895,0.9417908787727356,0.0028699745889753103
2678,0875.png#patch0004,24.215044021606445,0.6788808703422546,0.9299938082695007,0.0037887461949139833
2679,0875.png#patch0005,25.177480697631836,0.7055397033691406,0.9372509717941284,0.0030356505885720253
2680,0875.png#patch0006,25.980382919311523,0.7352312207221985,0.9455699920654297,0.002523257862776518
2681,0875.png#patch0007,23.88074493408203,0.6351661086082458,0.9161274433135986,0.004091904032975435
2682,0875.png#patch0008,23.840322494506836,0.6483897566795349,0.9154397249221802,0.004130166955292225
2683,0875.png#patch0009,25.448509216308594,0.6983227729797363,0.9358205795288086,0.0028519965708255768
2684,0875.png#patch0010,24.30194854736328,0.681122362613678,0.9332590103149414,0.0037136846221983433
2685,0875.png#patch0011,24.47305679321289,0.6534847021102905,0.9221328496932983,0.003570213681086898
2686,0875.png#patch0012,23.43770980834961,0.6302564740180969,0.9215865731239319,0.0045313648879528046
2687,0875.png#patch0013,24.36293601989746,0.6862483620643616,0.9311802983283997,0.003661898896098137
2688,0875.png#patch0014,23.79322052001953,0.6026708483695984,0.9038378596305847,0.0041752043180167675
2689,0875.png#patch0015,23.634199142456055,0.6032588481903076,0.9070066809654236,0.004330918192863464
2690,0875.png#patch0016,24.705989837646484,0.6549712419509888,0.9257999658584595,0.0033837701193988323
2691,0875.png#patch0017,24.258014678955078,0.6334049701690674,0.9196307063102722,0.003751443000510335
2692,0875.png#patch0018,24.303049087524414,0.6320004463195801,0.919822633266449,0.0037127442192286253
2693,0875.png#patch0019,25.415639877319336,0.7119635939598083,0.9384618401527405,0.0028736633248627186
2694,0875.png#patch0020,24.955936431884766,0.6752521991729736,0.9267364144325256,0.0031945251394063234
2695,0875.png#patch0021,24.28926658630371,0.6859932541847229,0.932879626750946,0.0037245447747409344
2696,0875.png#patch0022,25.497718811035156,0.6896147131919861,0.9362807273864746,0.0028198622167110443
2697,0875.png#patch0023,24.203811645507812,0.5979443192481995,0.9102672934532166,0.0037985574454069138
2698,0875.png#patch0024,23.16986083984375,0.5322297215461731,0.8877538442611694,0.004819631576538086
2699,0875.png#patch0025,23.878347396850586,0.5528941750526428,0.8923056125640869,0.00409416388720274
2700,0875.png#patch0026,24.749195098876953,0.6527740955352783,0.9246025085449219,0.0033502758014947176
2701,0875.png#patch0027,25.09988784790039,0.6362999677658081,0.9161900877952576,0.0030903758015483618
2702,0875.png#patch0028,25.15032958984375,0.7029836773872375,0.9329139590263367,0.003054689383134246
2703,0875.png#patch0029,25.005592346191406,0.7065837383270264,0.9394073486328125,0.0031582072842866182
2704,0875.png#patch0030,23.862808227539062,0.6295901536941528,0.9226255416870117,0.004108836874365807
2705,0875.png#patch0031,24.438291549682617,0.6559144854545593,0.9267244935035706,0.003598908195272088
2706,0875.png#patch0032,24.240331649780273,0.6304240822792053,0.9152387976646423,0.0037667499855160713
2707,0875.png#patch0033,23.660480499267578,0.6010034084320068,0.9053290486335754,0.004304789938032627
2708,0875.png#patch0034,26.020906448364258,0.6317251324653625,0.9132106304168701,0.002499823458492756
2709,0875.png#patch0035,26.483783721923828,0.724597156047821,0.9389222264289856,0.0022470951080322266
2710,0875.png#patch0036,24.614046096801758,0.6840496063232422,0.9304348230361938,0.003456171602010727
2711,0875.png#patch0037,24.415163040161133,0.6628691554069519,0.9275780320167542,0.0036181241739541292
2712,0875.png#patch0038,23.62677001953125,0.6425814628601074,0.9164049625396729,0.004338331986218691
2713,0875.png#patch0039,24.45549964904785,0.6522407531738281,0.9248555898666382,0.0035846754908561707
2714,0875.png#patch0040,24.804828643798828,0.673589289188385,0.9227181673049927,0.003307631006464362
2715,0875.png#patch0041,25.78989028930664,0.6051283478736877,0.8983345627784729,0.0026363972574472427
2716,0876.png#patch0000,25.300735473632812,0.6560022830963135,0.922183096408844,0.0029507086146622896
2717,0876.png#patch0001,25.328947067260742,0.643245279788971,0.9166095852851868,0.002931603929027915
2718,0876.png#patch0002,25.016611099243164,0.6722502708435059,0.9254323840141296,0.0031502051278948784
2719,0876.png#patch0003,26.214506149291992,0.7288574576377869,0.938019335269928,0.0023908335715532303
2720,0876.png#patch0004,20.778873443603516,0.47540584206581116,0.8806378245353699,0.008358195424079895
2721,0876.png#patch0005,21.238183975219727,0.4763619005680084,0.8742886781692505,0.007519372273236513
2722,0876.png#patch0006,19.696117401123047,0.4516496956348419,0.8644023537635803,0.010724775493144989
2723,0876.png#patch0007,23.055004119873047,0.6081094145774841,0.9064496755599976,0.004948797170072794
2724,0876.png#patch0008,22.99570083618164,0.5684657692909241,0.9010114073753357,0.005016834940761328
2725,0876.png#patch0009,20.948034286499023,0.4512307345867157,0.8689578175544739,0.008038897067308426
2726,0876.png#patch0010,22.528942108154297,0.5546122193336487,0.9015915989875793,0.0055860597640275955
2727,0876.png#patch0011,20.389423370361328,0.4920152723789215,0.8859460353851318,0.009142344817519188
2728,0876.png#patch0012,23.927087783813477,0.5509032011032104,0.8960916996002197,0.004048473201692104
2729,0876.png#patch0013,25.264402389526367,0.5263037085533142,0.8908523321151733,0.002975498791784048
2730,0876.png#patch0014,21.87667465209961,0.569304347038269,0.8883115649223328,0.00649131229147315
2731,0876.png#patch0015,20.80634880065918,0.4198789894580841,0.8571938276290894,0.008305483497679234
2732,0876.png#patch0016,23.023656845092773,0.525844156742096,0.8904716968536377,0.00498464610427618
2733,0876.png#patch0017,24.845264434814453,0.6161326766014099,0.9075931906700134,0.0032769781537353992
2734,0876.png#patch0018,23.83724594116211,0.5277353525161743,0.8825121521949768,0.004133094102144241
2735,0876.png#patch0019,24.9234619140625,0.5609111785888672,0.8960997462272644,0.003218500642105937
2736,0876.png#patch0020,24.788909912109375,0.5856627821922302,0.9057226181030273,0.0033197777811437845
2737,0876.png#patch0021,23.232568740844727,0.6113284826278687,0.8985932469367981,0.004750540014356375
2738,0876.png#patch0022,21.320188522338867,0.45112738013267517,0.8514003157615662,0.007378722541034222
2739,0876.png#patch0023,27.800989151000977,0.7536564469337463,0.951802134513855,0.0016592089086771011
2740,0876.png#patch0024,23.49251365661621,0.5342193245887756,0.8657289147377014,0.004474541172385216
2741,0876.png#patch0025,22.455833435058594,0.5023202896118164,0.8515885472297668,0.005680891219526529
2742,0876.png#patch0026,25.272401809692383,0.7207773327827454,0.945612907409668,0.0029700230807065964
2743,0876.png#patch0027,24.0592098236084,0.5875866413116455,0.9119880795478821,0.0039271642453968525
2744,0876.png#patch0028,21.71577262878418,0.6268400549888611,0.9085018038749695,0.00673631951212883
2745,0876.png#patch0029,26.746810913085938,0.8091306686401367,0.9658740162849426,0.0021150410175323486
2746,0876.png#patch0030,26.2872371673584,0.7424117922782898,0.9438651204109192,0.0023511277977377176
2747,0876.png#patch0031,20.11263656616211,0.33425092697143555,0.7872804403305054,0.009743977338075638
2748,0876.png#patch0032,19.885478973388672,0.3400414288043976,0.7817575335502625,0.010267197154462337
2749,0876.png#patch0033,27.132966995239258,0.7657678723335266,0.9484221935272217,0.001935099484398961
2750,0876.png#patch0034,26.79659652709961,0.8189441561698914,0.9674487113952637,0.0020909341983497143
2751,0877.png#patch0000,40.089012145996094,0.9697407484054565,0.9940571784973145,9.797124948818237e-05
2752,0877.png#patch0001,35.69106674194336,0.9474217295646667,0.9896458983421326,0.0002697075833566487
2753,0877.png#patch0002,39.25697708129883,0.9519104361534119,0.9884108304977417,0.00011865945270983502
2754,0877.png#patch0003,40.36332321166992,0.9665635228157043,0.992631196975708,9.19745652936399e-05
2755,0877.png#patch0004,43.29191589355469,0.9812924861907959,0.995914876461029,4.686066313297488e-05
2756,0877.png#patch0005,41.723812103271484,0.9728983044624329,0.9940099120140076,6.72385431244038e-05
2757,0877.png#patch0006,44.699798583984375,0.9842600226402283,0.9967733025550842,3.388598997844383e-05
2758,0877.png#patch0007,36.83717727661133,0.9674592018127441,0.9937276840209961,0.00020714862330351025
2759,0877.png#patch0008,39.088958740234375,0.963438093662262,0.9900875091552734,0.00012334005441516638
2760,0877.png#patch0009,44.16362762451172,0.9864009618759155,0.9969256520271301,3.833869413938373e-05
2761,0877.png#patch0010,34.82318115234375,0.927418053150177,0.985480546951294,0.000329368282109499
2762,0877.png#patch0011,34.62322998046875,0.9417717456817627,0.9875745177268982,0.0003448869101703167
2763,0877.png#patch0012,40.02625274658203,0.9538572430610657,0.9880201816558838,9.939732262864709e-05
2764,0877.png#patch0013,43.245582580566406,0.9764899611473083,0.9948742389678955,4.73632499051746e-05
2765,0877.png#patch0014,35.49541473388672,0.9621065258979797,0.9926876425743103,0.00028213587938807905
2766,0877.png#patch0015,38.697364807128906,0.9508844017982483,0.9881572723388672,0.0001349782251054421
2767,0877.png#patch0016,39.01902389526367,0.9561094045639038,0.9894591569900513,0.00012534217967186123
2768,0877.png#patch0017,35.52827835083008,0.9368891716003418,0.9847220778465271,0.00028000902966596186
2769,0877.png#patch0018,37.9973030090332,0.9724622964859009,0.9944625496864319,0.00015858770348131657
2770,0877.png#patch0019,44.87449264526367,0.9840390682220459,0.9966875314712524,3.254996772739105e-05
2771,0877.png#patch0020,35.753562927246094,0.9564535617828369,0.9922709465026855,0.00026585423620417714
2772,0877.png#patch0021,43.67164611816406,0.9791903495788574,0.9957306385040283,4.2937328544212505e-05
2773,0877.png#patch0022,37.77125549316406,0.9567952752113342,0.9907739758491516,0.00016706081805750728
2774,0877.png#patch0023,37.36147689819336,0.9524793028831482,0.988832950592041,0.0001835913280956447
2775,0877.png#patch0024,36.048789978027344,0.9389716982841492,0.9865012168884277,0.0002483824791852385
2776,0877.png#patch0025,41.1883659362793,0.9807438254356384,0.9961962699890137,7.606121653225273e-05
2777,0877.png#patch0026,42.867149353027344,0.9761175513267517,0.9946700930595398,5.1675546274054796e-05
2778,0877.png#patch0027,42.086849212646484,0.9850443601608276,0.9968932271003723,6.184643279993907e-05
2779,0878.png#patch0000,38.07566833496094,0.943096399307251,0.9886400699615479,0.00015575173893012106
2780,0878.png#patch0001,37.34202194213867,0.9373945593833923,0.9885812997817993,0.00018441551947034895
2781,0878.png#patch0002,36.48588943481445,0.9469216465950012,0.9894775152206421,0.0002246005169581622
2782,0878.png#patch0003,31.07015037536621,0.9089325070381165,0.9805470705032349,0.0007816007710061967
2783,0878.png#patch0004,31.14219093322754,0.910417914390564,0.9787227511405945,0.0007687421748414636
2784,0878.png#patch0005,30.001468658447266,0.8744854927062988,0.975559413433075,0.0009996615117415786
2785,0878.png#patch0006,34.14249038696289,0.9476416110992432,0.9896518588066101,0.0003852571244351566
2786,0878.png#patch0007,37.2691650390625,0.953691840171814,0.9894699454307556,0.00018753543554339558
2787,0878.png#patch0008,34.840694427490234,0.950272798538208,0.9906446933746338,0.0003280428936704993
2788,0878.png#patch0009,27.612468719482422,0.8504108786582947,0.9725676774978638,0.0017328182002529502
2789,0878.png#patch0010,33.2862663269043,0.9356976747512817,0.988834798336029,0.00046921626199036837
2790,0878.png#patch0011,30.45600700378418,0.8885584473609924,0.9784100651741028,0.0009003247832879424
2791,0878.png#patch0012,31.03996467590332,0.8702313899993896,0.9727375507354736,0.0007870520930737257
2792,0878.png#patch0013,32.0927848815918,0.9111602306365967,0.9837615489959717,0.0006176200695335865
2793,0878.png#patch0014,41.49272155761719,0.9633150696754456,0.9899623990058899,7.091333100106567e-05
2794,0878.png#patch0015,31.09061050415039,0.8583470582962036,0.9706324934959412,0.0007779271109029651
2795,0878.png#patch0016,32.071163177490234,0.863395094871521,0.9730091094970703,0.0006207027472555637
2796,0878.png#patch0017,33.07003402709961,0.9091224670410156,0.9809979200363159,0.0004931697039864957
2797,0878.png#patch0018,32.29214859008789,0.885178804397583,0.9794071316719055,0.000589909206610173
2798,0878.png#patch0019,30.084257125854492,0.852786660194397,0.9665886163711548,0.0009807856986299157
2799,0878.png#patch0020,31.131492614746094,0.8818445205688477,0.9774242043495178,0.0007706381729803979
2800,0878.png#patch0021,33.181488037109375,0.9073377251625061,0.9778514504432678,0.0004806743818335235
2801,0878.png#patch0022,30.247156143188477,0.8607407808303833,0.9718026518821716,0.0009446790209040046
2802,0878.png#patch0023,32.2133903503418,0.8878018856048584,0.9795709848403931,0.0006007042829878628
2803,0878.png#patch0024,29.016555786132812,0.8740347027778625,0.9781648516654968,0.0012541350442916155
2804,0878.png#patch0025,31.014869689941406,0.8770027756690979,0.9770447015762329,0.0007916131289675832
2805,0878.png#patch0026,30.60671615600586,0.8217703104019165,0.9607755541801453,0.0008696172735653818
2806,0878.png#patch0027,31.856218338012695,0.8890041708946228,0.9800840020179749,0.0006521958275698125
2807,0878.png#patch0028,32.82027816772461,0.9030972123146057,0.9835900068283081,0.0005223623593337834
2808,0878.png#patch0029,31.812238693237305,0.8819168210029602,0.9782274961471558,0.0006588340038433671
2809,0878.png#patch0030,29.981428146362305,0.8850579261779785,0.9814421534538269,0.0010042855283245444
2810,0878.png#patch0031,32.34897232055664,0.9052678942680359,0.9818958044052124,0.0005822408711537719
2811,0878.png#patch0032,32.353759765625,0.8873568177223206,0.980876088142395,0.0005815994227305055
2812,0878.png#patch0033,31.59038734436035,0.9123020172119141,0.9829174280166626,0.0006933638360351324
2813,0878.png#patch0034,33.7464714050293,0.9234203696250916,0.9854245781898499,0.00042203895282000303
2814,0878.png#patch0035,33.999847412109375,0.9044835567474365,0.9832611083984375,0.00039812116301618516
2815,0878.png#patch0036,33.568443298339844,0.8821142315864563,0.9789044857025146,0.0004396990698296577
2816,0878.png#patch0037,31.793195724487305,0.896635890007019,0.9823011159896851,0.0006617290200665593
2817,0878.png#patch0038,33.103275299072266,0.9008492827415466,0.9831801056861877,0.0004894095472991467
2818,0878.png#patch0039,32.4274787902832,0.8856807351112366,0.9805812835693359,0.0005718103493563831
2819,0878.png#patch0040,32.51860046386719,0.8905180096626282,0.9775937795639038,0.000559937790967524
2820,0878.png#patch0041,35.37712478637695,0.9367696046829224,0.9887903332710266,0.00028992598527111113
2821,0879.png#patch0000,48.58639907836914,0.9852172136306763,0.9976229667663574,1.3847135960531887e-05
2822,0879.png#patch0001,48.54108810424805,0.9850123524665833,0.9976166486740112,1.399235497956397e-05
2823,0879.png#patch0002,48.536216735839844,0.985038161277771,0.9976649284362793,1.40080674100318e-05
2824,0879.png#patch0003,48.697364807128906,0.9855386018753052,0.9977015852928162,1.3497807231033221e-05
2825,0879.png#patch0004,39.839820861816406,0.9768026471138,0.9952594041824341,0.00010375706187915057
2826,0879.png#patch0005,48.43883514404297,0.984649658203125,0.9975496530532837,1.4325705706141889e-05
2827,0879.png#patch0006,48.62018966674805,0.9853443503379822,0.9976605176925659,1.3739808309765067e-05
2828,0879.png#patch0007,48.40301513671875,0.9845528602600098,0.9974515438079834,1.444436111341929e-05
2829,0879.png#patch0008,48.817169189453125,0.9860156774520874,0.9977916479110718,1.3130547813489102e-05
2830,0879.png#patch0009,49.35653305053711,0.9876247048377991,0.9980554580688477,1.1597020602494013e-05
2831,0879.png#patch0010,34.23149490356445,0.9530783295631409,0.9910775423049927,0.00037744201836176217
2832,0879.png#patch0011,29.857009887695312,0.9166849255561829,0.9823645949363708,0.0010334723629057407
2833,0879.png#patch0012,49.76054000854492,0.9887717962265015,0.9982689023017883,1.0566852324700449e-05
2834,0879.png#patch0013,48.8863410949707,0.9861956238746643,0.9978094100952148,1.2923069334647153e-05
2835,0879.png#patch0014,48.97431945800781,0.9864979386329651,0.9978544116020203,1.2663914276345167e-05
2836,0879.png#patch0015,48.90800476074219,0.986320972442627,0.9977983236312866,1.2858758054790087e-05
2837,0879.png#patch0016,31.84348487854004,0.9338836073875427,0.9842028021812439,0.000654110626783222
2838,0879.png#patch0017,23.66869354248047,0.7805601358413696,0.9456086754798889,0.004296655301004648
2839,0879.png#patch0018,24.06922149658203,0.748581051826477,0.9423641562461853,0.003918119240552187
2840,0879.png#patch0019,31.38019371032715,0.9322240352630615,0.9811371564865112,0.0007277472177520394
2841,0879.png#patch0020,49.468929290771484,0.9879917502403259,0.998101532459259,1.1300739060970955e-05
2842,0879.png#patch0021,49.344749450683594,0.9877863526344299,0.9980513453483582,1.1628524589468725e-05
2843,0879.png#patch0022,49.86978530883789,0.9891030788421631,0.9982390403747559,1.0304370334779378e-05
2844,0879.png#patch0023,27.2391414642334,0.836048424243927,0.9672390818595886,0.0018883643206208944
2845,0879.png#patch0024,23.58241844177246,0.7026731371879578,0.9275709986686707,0.004382864572107792
2846,0879.png#patch0025,23.694400787353516,0.7116103768348694,0.9405565857887268,0.004271297249943018
2847,0879.png#patch0026,25.433807373046875,0.7819114327430725,0.9550602436065674,0.0028616669587790966
2848,0879.png#patch0027,49.80906677246094,0.9888413548469543,0.9981772899627686,1.0449447472637985e-05
2849,0879.png#patch0028,50.22056579589844,0.9898287653923035,0.9983230233192444,9.504802619630937e-06
2850,0879.png#patch0029,29.939762115478516,0.9146578907966614,0.9823750257492065,0.001013966859318316
2851,0879.png#patch0030,24.583377838134766,0.732374370098114,0.941929042339325,0.0034806651528924704
2852,0879.png#patch0031,24.498647689819336,0.7345252633094788,0.9356206655502319,0.0035492386668920517
2853,0879.png#patch0032,23.870635986328125,0.7291198968887329,0.9355859160423279,0.004101439379155636
2854,0879.png#patch0033,23.773691177368164,0.7188902497291565,0.935536801815033,0.0041940235532820225
2855,0879.png#patch0034,28.032611846923828,0.8899927139282227,0.9772283434867859,0.0015730360755696893
2856,0879.png#patch0035,27.463808059692383,0.8286920189857483,0.963617205619812,0.0017931603360921144
2857,0879.png#patch0036,25.81972312927246,0.8015070557594299,0.9593439102172852,0.002618349390104413
2858,0879.png#patch0037,23.733469009399414,0.7218133807182312,0.9441109895706177,0.00423304783180356
2859,0879.png#patch0038,24.56465721130371,0.7168073058128357,0.9416247606277466,0.0034957004245370626
2860,0879.png#patch0039,24.842544555664062,0.7143433690071106,0.940779983997345,0.003279029857367277
2861,0879.png#patch0040,25.047332763671875,0.7692907452583313,0.9561018943786621,0.003127999836578965
2862,0879.png#patch0041,25.516477584838867,0.7650623321533203,0.950410008430481,0.0028077089227735996
2863,0879.png#patch0042,24.638532638549805,0.7115914821624756,0.9362510442733765,0.0034367393236607313
2864,0879.png#patch0043,24.704757690429688,0.6981098651885986,0.9268754124641418,0.003384730312973261
2865,0879.png#patch0044,25.28070831298828,0.7298411130905151,0.9417505264282227,0.0029643476009368896
2866,0879.png#patch0045,24.7883243560791,0.7092694044113159,0.9387182593345642,0.0033202257473021746
2867,0879.png#patch0046,27.576791763305664,0.7539282441139221,0.9459000825881958,0.0017471123719587922
2868,0879.png#patch0047,24.217727661132812,0.6910259127616882,0.934755265712738,0.0037864048499614
2869,0879.png#patch0048,25.01650047302246,0.7068668007850647,0.9327219128608704,0.003150284755975008
2870,0880.png#patch0000,52.23348617553711,0.9937942028045654,0.9992573857307434,5.97931057200185e-06
2871,0880.png#patch0001,52.7100715637207,0.9941492080688477,0.9992942214012146,5.357875124900602e-06
2872,0880.png#patch0002,52.85812759399414,0.9943720698356628,0.999330461025238,5.1782981245196424e-06
2873,0880.png#patch0003,47.32924270629883,0.9908503293991089,0.9987286329269409,1.849589534685947e-05
2874,0880.png#patch0004,53.20899963378906,0.9947870969772339,0.9993572235107422,4.776393325300887e-06
2875,0880.png#patch0005,52.66267395019531,0.9940851926803589,0.999287486076355,5.4166703193914145e-06
2876,0880.png#patch0006,38.01124954223633,0.9637411236763,0.9940702319145203,0.00015807931777089834
2877,0880.png#patch0007,28.31412124633789,0.7687231302261353,0.9556411504745483,0.0014743064530193806
2878,0880.png#patch0008,31.51664161682129,0.8533434271812439,0.9740471839904785,0.0007052381988614798
2879,0880.png#patch0009,53.3782958984375,0.9949973821640015,0.9993971586227417,4.593776793626603e-06
2880,0880.png#patch0010,52.70207977294922,0.9941377639770508,0.9992857575416565,5.367742687667487e-06
2881,0880.png#patch0011,32.677730560302734,0.8868349194526672,0.9764893054962158,0.0005397923523560166
2882,0880.png#patch0012,28.59122085571289,0.7300819754600525,0.954993486404419,0.0013831774704158306
2883,0880.png#patch0013,28.96788215637207,0.7635219097137451,0.9570617079734802,0.0012682699598371983
2884,0880.png#patch0014,45.43174743652344,0.9942008256912231,0.9993322491645813,2.8630232918658294e-05
2885,0880.png#patch0015,52.712310791015625,0.99415522813797,0.9992987513542175,5.3551125347439665e-06
2886,0880.png#patch0016,30.481117248535156,0.8565221428871155,0.9740432500839233,0.0008951342315413058
2887,0880.png#patch0017,32.57317352294922,0.8283290266990662,0.973922610282898,0.0005529460031539202
2888,0880.png#patch0018,31.995643615722656,0.8432046175003052,0.977752685546875,0.0006315903156064451
2889,0880.png#patch0019,37.72768783569336,0.9671044945716858,0.9942727088928223,0.00016874505672603846
2890,0880.png#patch0020,52.8072509765625,0.9942731857299805,0.9993027448654175,5.239316124061588e-06
2891,0880.png#patch0021,31.097858428955078,0.8364577293395996,0.967231810092926,0.0007766296621412039
2892,0880.png#patch0022,29.078250885009766,0.7752623558044434,0.9566076397895813,0.00123644492123276
2893,0880.png#patch0023,29.158916473388672,0.7963756918907166,0.9610997438430786,0.0012136913137510419
2894,0880.png#patch0024,38.85832977294922,0.9672707319259644,0.9943835735321045,0.00013006699737161398
2895,0880.png#patch0025,52.74614715576172,0.9942036867141724,0.9993003606796265,5.3135572670726106e-06
2896,0880.png#patch0026,35.58631896972656,0.9215554594993591,0.9837326407432556,0.0002762919757515192
2897,0880.png#patch0027,29.3422908782959,0.7489024996757507,0.9496542811393738,0.00116351165343076
2898,0880.png#patch0028,31.42167854309082,0.844156801700592,0.965831458568573,0.000720828480552882
2899,0880.png#patch0029,50.08405303955078,0.9946619272232056,0.9993755221366882,9.808321010496002e-06
2900,0880.png#patch0030,52.68436813354492,0.9941249489784241,0.9993017315864563,5.3896824283583555e-06
2901,0880.png#patch0031,37.84972381591797,0.9643867611885071,0.9928813576698303,0.0001640692789806053
2902,0880.png#patch0032,29.32851791381836,0.8105295300483704,0.9622908234596252,0.001167207956314087
2903,0880.png#patch0033,30.860925674438477,0.8540157079696655,0.9682170152664185,0.0008201765012927353
2904,0880.png#patch0034,38.09680938720703,0.9788903594017029,0.9967759251594543,0.00015499538858421147
2905,0881.png#patch0000,51.15424728393555,0.9935811758041382,0.9988022446632385,7.666111741855275e-06
2906,0881.png#patch0001,53.58498001098633,0.9955947995185852,0.9992514848709106,4.380281552585075e-06
2907,0881.png#patch0002,53.48188781738281,0.9955778121948242,0.9993423223495483,4.485500994633185e-06
2908,0881.png#patch0003,44.16836166381836,0.9950339198112488,0.9993036985397339,3.829692650469951e-05
2909,0881.png#patch0004,47.7790641784668,0.9958255290985107,0.9994569420814514,1.6676060113240965e-05
2910,0881.png#patch0005,54.434452056884766,0.9961341023445129,0.9994920492172241,3.6020908282807795e-06
2911,0881.png#patch0006,54.88597106933594,0.9964731335639954,0.9995361566543579,3.246406322432449e-06
2912,0881.png#patch0007,52.857723236083984,0.9953233599662781,0.9992465972900391,5.17877924721688e-06
2913,0881.png#patch0008,51.1569709777832,0.993701159954071,0.9988497495651245,7.661306881345809e-06
2914,0881.png#patch0009,41.624507904052734,0.9866364002227783,0.9979846477508545,6.879375723656267e-05
2915,0881.png#patch0010,26.885995864868164,0.7104834914207458,0.9358932375907898,0.002048331778496504
2916,0881.png#patch0011,23.744991302490234,0.6395047307014465,0.9135022759437561,0.004221830051392317
2917,0881.png#patch0012,36.63261032104492,0.9826179146766663,0.9973047971725464,0.0002171394444303587
2918,0881.png#patch0013,53.79688262939453,0.9961347579956055,0.9993886351585388,4.171683940512594e-06
2919,0881.png#patch0014,54.159080505371094,0.9961282014846802,0.999426007270813,3.837881649815245e-06
2920,0881.png#patch0015,37.72690963745117,0.9772564172744751,0.9967532157897949,0.00016877528105396777
2921,0881.png#patch0016,25.469955444335938,0.6157300472259521,0.9049298167228699,0.0028379473369568586
2922,0881.png#patch0017,24.027938842773438,0.5877319574356079,0.9045740962028503,0.003955542575567961
2923,0881.png#patch0018,22.44936752319336,0.5299307703971863,0.8845028877258301,0.005689358338713646
2924,0881.png#patch0019,22.8731632232666,0.6043270826339722,0.8845243453979492,0.0051604025065898895
2925,0881.png#patch0020,35.173309326171875,0.9770403504371643,0.9960638880729675,0.00030385676654987037
2926,0881.png#patch0021,27.032238006591797,0.6499791145324707,0.9210199117660522,0.001980505883693695
2927,0881.png#patch0022,24.182464599609375,0.5781921744346619,0.895963728427887,0.0038172744680196047
2928,0881.png#patch0023,26.03096580505371,0.5877497792243958,0.905722975730896,0.002494039013981819
2929,0881.png#patch0024,22.38113021850586,0.5531752705574036,0.8964623808860779,0.005779454950243235
2930,0881.png#patch0025,21.1955509185791,0.520728349685669,0.8695971369743347,0.007593550719320774
2931,0881.png#patch0026,23.477243423461914,0.5379118919372559,0.8760258555412292,0.0044903019443154335
2932,0881.png#patch0027,21.05968475341797,0.47557884454727173,0.8652898669242859,0.00783486571162939
2933,0882.png#patch0000,49.3774528503418,0.9883130788803101,0.9983629584312439,1.1541296771611087e-05
2934,0882.png#patch0001,50.40681838989258,0.990653395652771,0.9987034201622009,9.105793651542626e-06
2935,0882.png#patch0002,50.37916564941406,0.9901650547981262,0.9985697269439697,9.16395856620511e-06
2936,0882.png#patch0003,50.24177551269531,0.9902612566947937,0.9986165165901184,9.45849660638487e-06
2937,0882.png#patch0004,47.12364959716797,0.988960325717926,0.9984810948371887,1.939252979354933e-05
2938,0882.png#patch0005,49.490211486816406,0.9895791411399841,0.99862140417099,1.124549817177467e-05
2939,0882.png#patch0006,50.19239807128906,0.9914746284484863,0.9988797307014465,9.566654625814408e-06
2940,0882.png#patch0007,49.301944732666016,0.9896231889724731,0.9986945986747742,1.1743704817490652e-05
2941,0882.png#patch0008,49.16965866088867,0.9887848496437073,0.9985830783843994,1.2106925169064198e-05
2942,0882.png#patch0009,50.154884338378906,0.9898092150688171,0.9985235929489136,9.64964692684589e-06
2943,0882.png#patch0010,34.295806884765625,0.9693377017974854,0.9943379163742065,0.00037189392605796456
2944,0882.png#patch0011,27.361379623413086,0.9208296537399292,0.9864873886108398,0.0018359540263190866
2945,0882.png#patch0012,30.393186569213867,0.9387519955635071,0.9892871379852295,0.0009134425199590623
2946,0882.png#patch0013,37.689476013183594,0.9684073328971863,0.9948479533195496,0.00017023632244672626
2947,0882.png#patch0014,49.53077697753906,0.9902614951133728,0.9988021850585938,1.1140949936816469e-05
2948,0882.png#patch0015,49.62755584716797,0.9903351068496704,0.9988044500350952,1.0895420928136446e-05
2949,0882.png#patch0016,36.57469177246094,0.9700192213058472,0.9951737523078918,0.0002200546150561422
2950,0882.png#patch0017,24.115478515625,0.7799054980278015,0.9571285843849182,0.003876609494909644
2951,0882.png#patch0018,25.4157772064209,0.6501216888427734,0.9322883486747742,0.0028735727537423372
2952,0882.png#patch0019,30.73081398010254,0.920630931854248,0.9854826927185059,0.0008451201720163226
2953,0882.png#patch0020,42.1719856262207,0.9824102520942688,0.9975623488426208,6.064587432774715e-05
2954,0882.png#patch0021,48.82863235473633,0.9906956553459167,0.9988809823989868,1.3095933354634326e-05
2955,0882.png#patch0022,47.32677459716797,0.9875190854072571,0.9985047578811646,1.8506412743590772e-05
2956,0882.png#patch0023,39.44748306274414,0.961394190788269,0.9937089681625366,0.00011356677714502439
2957,0882.png#patch0024,31.227821350097656,0.9316970109939575,0.9876059889793396,0.0007537332712672651
2958,0882.png#patch0025,26.05738639831543,0.7566978335380554,0.9533304572105408,0.002478913404047489
2959,0882.png#patch0026,33.354976654052734,0.9483893513679504,0.9902721643447876,0.000461851479485631
2960,0882.png#patch0027,46.23878479003906,0.9853503704071045,0.9982241988182068,2.377503551542759e-05
2961,0882.png#patch0028,47.35324478149414,0.98634272813797,0.9983174800872803,1.8393968275631778e-05
2962,0882.png#patch0029,47.79154586791992,0.9859790802001953,0.998201847076416,1.6628198864054866e-05
2963,0882.png#patch0030,45.74745559692383,0.9803442358970642,0.997363269329071,2.6622838049661368e-05
2964,0882.png#patch0031,44.84355163574219,0.9691174030303955,0.9953333735466003,3.27826855937019e-05
2965,0882.png#patch0032,35.29372787475586,0.9609229564666748,0.9933806657791138,0.0002955472737085074
2966,0882.png#patch0033,41.88172912597656,0.9690145254135132,0.9954286813735962,6.483757897512987e-05
2967,0882.png#patch0034,37.822265625,0.9563663601875305,0.9926264882087708,0.00016510998830199242
2968,0883.png#patch0000,29.924707412719727,0.8421696424484253,0.9667973518371582,0.001017487607896328
2969,0883.png#patch0001,30.300342559814453,0.8534460067749023,0.9685007333755493,0.0009331803885288537
2970,0883.png#patch0002,31.88751792907715,0.858613908290863,0.9676865339279175,0.0006475122063420713
2971,0883.png#patch0003,32.59101104736328,0.8833972215652466,0.9755000472068787,0.0005506793386302888
2972,0883.png#patch0004,32.812320709228516,0.9035562872886658,0.9798813462257385,0.0005233205738477409
2973,0883.png#patch0005,38.599754333496094,0.9239920377731323,0.9847596287727356,0.00013804617628920823
2974,0883.png#patch0006,39.98724365234375,0.9276543259620667,0.9853787422180176,0.00010029415716417134
2975,0883.png#patch0007,28.11794662475586,0.7504763603210449,0.9403062462806702,0.0015424293233081698
2976,0883.png#patch0008,26.592761993408203,0.7058612108230591,0.9274714589118958,0.00219141086563468
2977,0883.png#patch0009,26.370378494262695,0.7008301019668579,0.9292690753936768,0.0023065460845828056
2978,0883.png#patch0010,25.91318702697754,0.7014685273170471,0.9253130555152893,0.002562602749094367
2979,0883.png#patch0011,26.178890228271484,0.7344295978546143,0.9374650120735168,0.002410520100966096
2980,0883.png#patch0012,26.933998107910156,0.7694846391677856,0.9458622336387634,0.0020258158911019564
2981,0883.png#patch0013,26.824630737304688,0.7661308646202087,0.9419102668762207,0.002077478915452957
2982,0883.png#patch0014,28.756561279296875,0.7689876556396484,0.9459500312805176,0.0013315079268068075
2983,0883.png#patch0015,27.320348739624023,0.7151740789413452,0.926961362361908,0.0018533824477344751
2984,0883.png#patch0016,27.496822357177734,0.7381010055541992,0.9344924092292786,0.0017795806052163243
2985,0883.png#patch0017,26.757354736328125,0.714599072933197,0.9284656643867493,0.0021099126897752285
2986,0883.png#patch0018,27.25193214416504,0.7287523746490479,0.9363194704055786,0.0018828102620318532
2987,0883.png#patch0019,26.457406997680664,0.7192142009735107,0.9313342571258545,0.002260784851387143
2988,0883.png#patch0020,26.949234008789062,0.7264164090156555,0.9348545670509338,0.0020187213085591793
2989,0883.png#patch0021,29.942880630493164,0.7956020832061768,0.9523575901985168,0.0010132387978956103
2990,0883.png#patch0022,26.152673721313477,0.6894150376319885,0.9162400364875793,0.0024251160211861134
2991,0883.png#patch0023,26.728639602661133,0.6913643479347229,0.916078507900238,0.0021239083725959063
2992,0883.png#patch0024,26.568872451782227,0.7454451322555542,0.9405626058578491,0.002203497802838683
2993,0883.png#patch0025,27.215620040893555,0.7709701657295227,0.9439898133277893,0.0018986195791512728
2994,0883.png#patch0026,29.98341178894043,0.8340709209442139,0.9610223770141602,0.0010038266191259027
2995,0883.png#patch0027,28.977861404418945,0.8122149705886841,0.956318736076355,0.001265358761884272
2996,0883.png#patch0028,29.71843719482422,0.7938734292984009,0.9507205486297607,0.001066979835741222
2997,0883.png#patch0029,28.5043888092041,0.7992293238639832,0.9551041722297668,0.0014111107448115945
2998,0883.png#patch0030,28.04952621459961,0.8226259350776672,0.9596053957939148,0.0015669211279600859
2999,0883.png#patch0031,30.571590423583984,0.8665780425071716,0.9707247018814087,0.0008766794926486909
3000,0883.png#patch0032,33.120826721191406,0.8832579255104065,0.9716838598251343,0.0004874356964137405
3001,0883.png#patch0033,31.497583389282227,0.8792646527290344,0.9729604721069336,0.000708339735865593
3002,0883.png#patch0034,29.12865447998047,0.8087857961654663,0.9564893841743469,0.00122217764146626
3003,0884.png#patch0000,27.39903450012207,0.8025355339050293,0.9572299122810364,0.001820104313082993
3004,0884.png#patch0001,26.838214874267578,0.7354434728622437,0.9468058943748474,0.002070992486551404
3005,0884.png#patch0002,25.88147735595703,0.6810261011123657,0.9335685968399048,0.0025813812389969826
3006,0884.png#patch0003,24.87795639038086,0.638472855091095,0.9234892725944519,0.003252401016652584
3007,0884.png#patch0004,25.492252349853516,0.6343553066253662,0.9189493656158447,0.0028234142810106277
3008,0884.png#patch0005,26.719261169433594,0.7203612923622131,0.9421705603599548,0.002128500258550048
3009,0884.png#patch0006,26.182554244995117,0.7534033060073853,0.9487295150756836,0.0024084877222776413
3010,0884.png#patch0007,28.153169631958008,0.7272949814796448,0.9400803446769714,0.001529970089904964
3011,0884.png#patch0008,26.456729888916016,0.7003863453865051,0.9361647367477417,0.002261137356981635
3012,0884.png#patch0009,25.716114044189453,0.6885986328125,0.9348583221435547,0.002681565936654806
3013,0884.png#patch0010,24.52251434326172,0.6389981508255005,0.9252715110778809,0.0035297872964292765
3014,0884.png#patch0011,24.34365463256836,0.6221367716789246,0.9131099581718445,0.0036781923845410347
3015,0884.png#patch0012,25.244388580322266,0.6793842911720276,0.9282046556472778,0.0029892423190176487
3016,0884.png#patch0013,26.561771392822266,0.7097879648208618,0.9349789023399353,0.002207104116678238
3017,0884.png#patch0014,31.83441162109375,0.8049229383468628,0.9544221758842468,0.0006554790306836367
3018,0884.png#patch0015,28.517004013061523,0.7692053914070129,0.9562240839004517,0.001407017232850194
3019,0884.png#patch0016,24.900836944580078,0.6398566961288452,0.9247562885284424,0.003235312644392252
3020,0884.png#patch0017,25.17287254333496,0.6841637492179871,0.9343899488449097,0.003038872731849551
3021,0884.png#patch0018,25.724931716918945,0.711933970451355,0.9434370994567871,0.0026761272456496954
3022,0884.png#patch0019,25.19876480102539,0.6584285497665405,0.9285095930099487,0.0030208101961761713
3023,0884.png#patch0020,29.220317840576172,0.7794272899627686,0.9546033143997192,0.0011966524180024862
3024,0884.png#patch0021,30.42997932434082,0.8346478343009949,0.9629999399185181,0.0009057368151843548
3025,0884.png#patch0022,25.74589729309082,0.7614204287528992,0.948235034942627,0.0026632396038621664
3026,0884.png#patch0023,24.243131637573242,0.6942224502563477,0.9374350309371948,0.003764321096241474
3027,0884.png#patch0024,24.539955139160156,0.7349758148193359,0.9475564956665039,0.0035156402736902237
3028,0884.png#patch0025,25.081663131713867,0.7457789182662964,0.9466766715049744,0.003103370312601328
3029,0884.png#patch0026,24.75098419189453,0.684054434299469,0.934980034828186,0.003348894650116563
3030,0884.png#patch0027,26.22577667236328,0.7873860001564026,0.9527807831764221,0.0023846367839723825
3031,0884.png#patch0028,29.542003631591797,0.8377869129180908,0.9695791006088257,0.001111218356527388
3032,0884.png#patch0029,28.4703369140625,0.8040043711662292,0.9668552875518799,0.0014222178142517805
3033,0884.png#patch0030,31.697900772094727,0.8142305612564087,0.9721297025680542,0.0006764094578102231
3034,0884.png#patch0031,30.77941131591797,0.8473066687583923,0.9649571776390076,0.0008357160841114819
3035,0884.png#patch0032,30.3879451751709,0.840755045413971,0.961211085319519,0.0009145455551333725
3036,0884.png#patch0033,32.70209503173828,0.8385172486305237,0.9748814105987549,0.0005367726553231478
3037,0884.png#patch0034,30.19500160217285,0.8308505415916443,0.9707622528076172,0.0009560922044329345
3038,0885.png#patch0000,26.80733299255371,0.6680101156234741,0.9051191806793213,0.0020857700146734715
3039,0885.png#patch0001,24.29775619506836,0.6802926659584045,0.9238289594650269,0.003717271611094475
3040,0885.png#patch0002,26.02145004272461,0.6275047659873962,0.9145644307136536,0.0024995103012770414
3041,0885.png#patch0003,24.495668411254883,0.58115154504776,0.9088727831840515,0.00355167337693274
3042,0885.png#patch0004,25.027772903442383,0.6837203502655029,0.9416276216506958,0.003142118686810136
3043,0885.png#patch0005,24.805614471435547,0.5495762228965759,0.8877525329589844,0.0033070319332182407
3044,0885.png#patch0006,24.871456146240234,0.6227043271064758,0.9117127656936646,0.003257273230701685
3045,0885.png#patch0007,25.663875579833984,0.6039251685142517,0.8955428600311279,0.002714015543460846
3046,0885.png#patch0008,23.628629684448242,0.5801045298576355,0.9082211256027222,0.00433647446334362
3047,0885.png#patch0009,21.904979705810547,0.5086009502410889,0.8811188340187073,0.006449143867939711
3048,0885.png#patch0010,22.496007919311523,0.5064133405685425,0.891996443271637,0.005628583952784538
3049,0885.png#patch0011,21.680435180664062,0.5198590755462646,0.8919294476509094,0.006791353225708008
3050,0885.png#patch0012,21.287906646728516,0.4897352457046509,0.8799413442611694,0.007433772087097168
3051,0885.png#patch0013,21.69780158996582,0.4639187753200531,0.8592391014099121,0.006764251738786697
3052,0885.png#patch0014,23.811323165893555,0.5817281007766724,0.8567076325416565,0.0041578384116292
3053,0885.png#patch0015,23.464275360107422,0.5320228934288025,0.8772104978561401,0.004503731615841389
3054,0885.png#patch0016,20.722415924072266,0.4188176095485687,0.8297955989837646,0.008467558771371841
3055,0885.png#patch0017,21.84627914428711,0.4765193462371826,0.8641057014465332,0.0065369028598070145
3056,0885.png#patch0018,22.56485939025879,0.5076044797897339,0.874754011631012,0.005540052894502878
3057,0885.png#patch0019,22.038267135620117,0.4902220666408539,0.8799540400505066,0.00625421991571784
3058,0885.png#patch0020,19.684188842773438,0.4208187460899353,0.8090359568595886,0.010754271410405636
3059,0885.png#patch0021,31.307329177856445,0.7371838092803955,0.9198372960090637,0.0007400599424727261
3060,0885.png#patch0022,25.11948013305664,0.6419179439544678,0.9185703992843628,0.0030764646362513304
3061,0885.png#patch0023,26.37955665588379,0.6198379397392273,0.9088324904441833,0.0023016761988401413
3062,0885.png#patch0024,25.06838035583496,0.6071507334709167,0.907045841217041,0.0031128760892897844
3063,0885.png#patch0025,25.90839385986328,0.6697403788566589,0.9232397675514221,0.0025654316414147615
3064,0885.png#patch0026,23.447330474853516,0.5537217855453491,0.8942162990570068,0.004521336406469345
3065,0885.png#patch0027,24.2302303314209,0.5620666742324829,0.8771985173225403,0.0037755214143544436
3066,0885.png#patch0028,34.47536849975586,0.8227287530899048,0.9478501677513123,0.00035683135502040386
3067,0885.png#patch0029,26.2275390625,0.7330736517906189,0.9436059594154358,0.002383668441325426
3068,0885.png#patch0030,25.265796661376953,0.5796181559562683,0.9007501006126404,0.0029745425563305616
3069,0885.png#patch0031,25.665496826171875,0.6419649124145508,0.9250648021697998,0.002713002497330308
3070,0885.png#patch0032,25.12241554260254,0.6591147780418396,0.9310815930366516,0.0030743854586035013
3071,0885.png#patch0033,29.525611877441406,0.7236496210098267,0.9336521625518799,0.0011154203675687313
3072,0885.png#patch0034,25.918052673339844,0.5926607847213745,0.8899917602539062,0.002559732412919402
3073,0886.png#patch0000,42.77741622924805,0.9484630823135376,0.9938964247703552,5.2754323405679315e-05
3074,0886.png#patch0001,45.45800018310547,0.9720812439918518,0.9966514706611633,2.845771268766839e-05
3075,0886.png#patch0002,42.63352584838867,0.9456827640533447,0.9932616949081421,5.4531479690922424e-05
3076,0886.png#patch0003,41.96315002441406,0.9359440803527832,0.9919133186340332,6.363337888615206e-05
3077,0886.png#patch0004,42.17041015625,0.9385949969291687,0.9923195242881775,6.066787682357244e-05
3078,0886.png#patch0005,42.12757110595703,0.9387606382369995,0.9924486875534058,6.126923835836351e-05
3079,0886.png#patch0006,41.999820709228516,0.9368782639503479,0.9920778870582581,6.30982976872474e-05
3080,0886.png#patch0007,42.90034484863281,0.9492141008377075,0.9936618208885193,5.1282026106491685e-05
3081,0886.png#patch0008,42.65219497680664,0.9461574554443359,0.9935677647590637,5.42975431017112e-05
3082,0886.png#patch0009,30.07669448852539,0.8464072346687317,0.9712095856666565,0.0009824952576309443
3083,0886.png#patch0010,30.667341232299805,0.8396267890930176,0.9703497886657715,0.0008575624087825418
3084,0886.png#patch0011,37.32744598388672,0.9350590109825134,0.9913370013237,0.0001850356493378058
3085,0886.png#patch0012,42.28081512451172,0.9403103590011597,0.9925182461738586,5.9145077102584764e-05
3086,0886.png#patch0013,42.79469299316406,0.9475969076156616,0.9936880469322205,5.254486677586101e-05
3087,0886.png#patch0014,42.986480712890625,0.950468897819519,0.9938949942588806,5.0274964451091364e-05
3088,0886.png#patch0015,43.38413619995117,0.9558596014976501,0.9945143461227417,4.587607691064477e-05
3089,0886.png#patch0016,37.95377731323242,0.9367977380752563,0.9909669160842896,0.00016018515452742577
3090,0886.png#patch0017,33.15721130371094,0.899303674697876,0.9818248748779297,0.0004833689017686993
3091,0886.png#patch0018,27.892194747924805,0.8640294671058655,0.9726841449737549,0.0016247275052592158
3092,0886.png#patch0019,36.55648422241211,0.9401659965515137,0.9921231865882874,0.00022097904002293944
3093,0886.png#patch0020,42.552345275878906,0.9439243674278259,0.993060827255249,5.55603728571441e-05
3094,0886.png#patch0021,43.6811408996582,0.960655689239502,0.9952564239501953,4.284357055439614e-05
3095,0886.png#patch0022,43.105491638183594,0.950477659702301,0.9935507774353027,4.8915972001850605e-05
3096,0886.png#patch0023,42.68010330200195,0.9453164339065552,0.9930753707885742,5.394973049988039e-05
3097,0886.png#patch0024,38.566200256347656,0.9509007930755615,0.9911978840827942,0.00013911680434830487
3098,0886.png#patch0025,35.36420822143555,0.9289032220840454,0.9852900505065918,0.00029078967054374516
3099,0886.png#patch0026,33.54569625854492,0.9276373386383057,0.9872718453407288,0.0004420079931151122
3100,0886.png#patch0027,40.204437255859375,0.9454939365386963,0.9921379685401917,9.540173050481826e-05
3101,0886.png#patch0028,46.201812744140625,0.9755004048347473,0.9963410496711731,2.3978311219252646e-05
3102,0886.png#patch0029,42.81813430786133,0.949201226234436,0.99388188123703,5.226203575148247e-05
3103,0886.png#patch0030,43.31947326660156,0.953563928604126,0.9940117597579956,4.656422606785782e-05
3104,0886.png#patch0031,34.71976852416992,0.9401790499687195,0.9897373914718628,0.0003373051295056939
3105,0886.png#patch0032,32.72466278076172,0.9089787006378174,0.9829347133636475,0.0005339904455468059
3106,0886.png#patch0033,37.446537017822266,0.9578967094421387,0.9922433495521545,0.00018003054719883949
3107,0886.png#patch0034,35.97203826904297,0.9375752806663513,0.9882044196128845,0.0002528110926505178
3108,0887.png#patch0000,49.354820251464844,0.9897627234458923,0.9982135891914368,1.1601597179833334e-05
3109,0887.png#patch0001,49.05110549926758,0.9903578162193298,0.9983120560646057,1.2441982107702643e-05
3110,0887.png#patch0002,36.59444046020508,0.9781110882759094,0.9952389597892761,0.00021905625180806965
3111,0887.png#patch0003,51.82511901855469,0.993567943572998,0.9990583658218384,6.568829121533781e-06
3112,0887.png#patch0004,52.4688606262207,0.9938996434211731,0.9991552233695984,5.663880074280314e-06
3113,0887.png#patch0005,52.27960205078125,0.9935994744300842,0.999139130115509,5.9161575336474925e-06
3114,0887.png#patch0006,51.442298889160156,0.992581844329834,0.998916506767273,7.1741360443411395e-06
3115,0887.png#patch0007,50.982276916503906,0.9920739531517029,0.9985468983650208,7.975761036504991e-06
3116,0887.png#patch0008,34.05276870727539,0.9833005666732788,0.9972886443138123,0.00039329915307462215
3117,0887.png#patch0009,26.83316421508789,0.8562430143356323,0.9687168002128601,0.0020734015852212906
3118,0887.png#patch0010,31.666915893554688,0.9378522634506226,0.988172173500061,0.00068125274265185
3119,0887.png#patch0011,39.50931167602539,0.9913275837898254,0.9986926317214966,0.00011196146806469187
3120,0887.png#patch0012,34.10532760620117,0.9753658771514893,0.9958114624023438,0.0003885681217070669
3121,0887.png#patch0013,52.69915008544922,0.9942595362663269,0.9991700649261475,5.371365205064649e-06
3122,0887.png#patch0014,29.355554580688477,0.8369988203048706,0.9643238186836243,0.0011599635472521186
3123,0887.png#patch0015,25.565887451171875,0.8072000741958618,0.9611323475837708,0.0027759457007050514
3124,0887.png#patch0016,22.243892669677734,0.6584330797195435,0.9144455790519714,0.005965002346783876
3125,0887.png#patch0017,21.785127639770508,0.6625961661338806,0.9272078275680542,0.006629597395658493
3126,0887.png#patch0018,24.308345794677734,0.7720327377319336,0.95647132396698,0.003708217991515994
3127,0887.png#patch0019,24.46515464782715,0.7163114547729492,0.9359911680221558,0.0035767164081335068
3128,0887.png#patch0020,27.61005210876465,0.8102157115936279,0.9607065916061401,0.0017337828176096082
3129,0887.png#patch0021,25.410247802734375,0.6244246959686279,0.918718695640564,0.0028772340156137943
3130,0887.png#patch0022,24.294126510620117,0.5696090459823608,0.9025324583053589,0.003720379201695323
3131,0887.png#patch0023,22.410078048706055,0.6244680285453796,0.9210783243179321,0.005741060245782137
3132,0887.png#patch0024,22.564273834228516,0.6211448311805725,0.9221586585044861,0.005540801677852869
3133,0887.png#patch0025,19.947174072265625,0.5717496871948242,0.8806037306785583,0.010122377425432205
3134,0887.png#patch0026,23.1567440032959,0.5760229825973511,0.9071694016456604,0.004834210965782404
3135,0887.png#patch0027,23.043777465820312,0.5356881022453308,0.8941024541854858,0.004961604718118906
3136,0887.png#patch0028,25.820497512817383,0.531065046787262,0.8834975361824036,0.002617881866171956
3137,0887.png#patch0029,24.314790725708008,0.4977928698062897,0.8799532651901245,0.0037027199286967516
3138,0887.png#patch0030,24.650171279907227,0.5590001940727234,0.9004446864128113,0.003427542746067047
3139,0887.png#patch0031,24.076345443725586,0.5242476463317871,0.8893701434135437,0.003911698702722788
3140,0887.png#patch0032,21.766077041625977,0.534199059009552,0.8963831663131714,0.006658744066953659
3141,0887.png#patch0033,23.332700729370117,0.5405652523040771,0.8990887403488159,0.00464226258918643
3142,0887.png#patch0034,24.116352081298828,0.514445960521698,0.8929649591445923,0.0038758295122534037
3143,0888.png#patch0000,33.63345718383789,0.9045544266700745,0.9824097752571106,0.0004331654927227646
3144,0888.png#patch0001,31.049776077270508,0.9019061326980591,0.9808906316757202,0.0007852756534703076
3145,0888.png#patch0002,34.522193908691406,0.930575430393219,0.9866183400154114,0.00035300484159961343
3146,0888.png#patch0003,32.8939323425293,0.936369776725769,0.9887399077415466,0.0005135779501870275
3147,0888.png#patch0004,30.881000518798828,0.923083484172821,0.9871277213096619,0.0008163939346559346
3148,0888.png#patch0005,28.510671615600586,0.8844802975654602,0.9799036383628845,0.001409070217050612
3149,0888.png#patch0006,28.499576568603516,0.8350473046302795,0.9678514003753662,0.0014126751339063048
3150,0888.png#patch0007,39.38800811767578,0.9614251852035522,0.9927393198013306,0.00011513281788211316
3151,0888.png#patch0008,34.53752517700195,0.930717945098877,0.9865607023239136,0.0003517607692629099
3152,0888.png#patch0009,33.2567253112793,0.9474530220031738,0.9916396737098694,0.00047241876018233597
3153,0888.png#patch0010,31.906362533569336,0.9309387803077698,0.9871830344200134,0.0006447089836001396
3154,0888.png#patch0011,26.834806442260742,0.8275221586227417,0.9698269963264465,0.002072618342936039
3155,0888.png#patch0012,24.69830894470215,0.6407372355461121,0.9389535784721375,0.0033897599205374718
3156,0888.png#patch0013,29.176252365112305,0.8165319561958313,0.9686537981033325,0.0012088564690202475
3157,0888.png#patch0014,34.78384780883789,0.9406372308731079,0.9886414408683777,0.00033236475428566337
3158,0888.png#patch0015,37.175086975097656,0.952886700630188,0.9919195175170898,0.00019164217519573867
3159,0888.png#patch0016,33.79865646362305,0.9479621648788452,0.9910398721694946,0.00041699811117723584
3160,0888.png#patch0017,32.07563400268555,0.9384239315986633,0.9876338243484497,0.0006200640345923603
3161,0888.png#patch0018,32.80044937133789,0.9458597898483276,0.9893908500671387,0.0005247531225904822
3162,0888.png#patch0019,26.081214904785156,0.7670761942863464,0.9567434787750244,0.0024653482250869274
3163,0888.png#patch0020,32.06175994873047,0.826367974281311,0.9715641736984253,0.0006220478680916131
3164,0888.png#patch0021,32.6019287109375,0.8969212770462036,0.9769870638847351,0.0005492965574376285
3165,0888.png#patch0022,32.476531982421875,0.9115846753120422,0.9818209409713745,0.000565388414543122
3166,0888.png#patch0023,35.98099136352539,0.9543541073799133,0.9908836483955383,0.0002522903378121555
3167,0888.png#patch0024,29.527257919311523,0.9161022305488586,0.9805395603179932,0.0011149980127811432
3168,0888.png#patch0025,24.649473190307617,0.7796919345855713,0.9571444988250732,0.0034280933905392885
3169,0888.png#patch0026,31.945329666137695,0.8569815754890442,0.9791869521141052,0.0006389500922523439
3170,0888.png#patch0027,32.14844512939453,0.8691978454589844,0.9795286059379578,0.0006097548175603151
3171,0888.png#patch0028,29.93741226196289,0.8406296372413635,0.9601433277130127,0.0010145154083147645
3172,0888.png#patch0029,31.568044662475586,0.8813124299049377,0.9771645069122314,0.0006969401147216558
3173,0888.png#patch0030,32.54357147216797,0.9176603555679321,0.979822039604187,0.0005567274638451636
3174,0888.png#patch0031,30.31447410583496,0.8721814751625061,0.9786070585250854,0.0009301486425101757
3175,0888.png#patch0032,25.789302825927734,0.741771399974823,0.953482449054718,0.002636753488332033
3176,0888.png#patch0033,35.8060417175293,0.9235436320304871,0.9884815216064453,0.0002626611094456166
3177,0888.png#patch0034,33.83036422729492,0.8881780505180359,0.9804999232292175,0.0004139648226555437
3178,0889.png#patch0000,37.70303726196289,0.9623509645462036,0.9919524788856506,0.0001697056577540934
3179,0889.png#patch0001,35.166847229003906,0.9429252743721008,0.9899124503135681,0.0003043091855943203
3180,0889.png#patch0002,33.94710922241211,0.9413914084434509,0.9882853627204895,0.00040298502426594496
3181,0889.png#patch0003,29.953035354614258,0.9031542539596558,0.9807403087615967,0.0010108724236488342
3182,0889.png#patch0004,29.7391414642334,0.8932875394821167,0.9793063402175903,0.001061905175447464
3183,0889.png#patch0005,33.16201400756836,0.9062739014625549,0.9855755567550659,0.00048283443902619183
3184,0889.png#patch0006,32.495967864990234,0.9058384299278259,0.9824354648590088,0.0005628635990433395
3185,0889.png#patch0007,33.42860794067383,0.9268434643745422,0.9878241419792175,0.0004540870140772313
3186,0889.png#patch0008,29.037546157836914,0.8851797580718994,0.9776611924171448,0.0012480879668146372
3187,0889.png#patch0009,29.737489700317383,0.8964083194732666,0.9802173376083374,0.0010623089037835598
3188,0889.png#patch0010,28.720422744750977,0.8749950528144836,0.9779574275016785,0.0013426339719444513
3189,0889.png#patch0011,29.648544311523438,0.8930264115333557,0.9805494546890259,0.0010842897463589907
3190,0889.png#patch0012,27.076276779174805,0.8516317009925842,0.9694591760635376,0.0019605245906859636
3191,0889.png#patch0013,27.389516830444336,0.8759953379631042,0.9753771424293518,0.0018240978242829442
3192,0889.png#patch0014,30.627784729003906,0.8800512552261353,0.9753580689430237,0.0008654088596813381
3193,0889.png#patch0015,28.77720832824707,0.8487715125083923,0.9719576239585876,0.00132519262842834
3194,0889.png#patch0016,29.67641258239746,0.8535646200180054,0.9707462787628174,0.0010773544199764729
3195,0889.png#patch0017,30.446962356567383,0.8693957328796387,0.9729655385017395,0.0009022016893140972
3196,0889.png#patch0018,29.914432525634766,0.8616920709609985,0.9729025959968567,0.0010198978707194328
3197,0889.png#patch0019,26.295291900634766,0.835349977016449,0.9680387377738953,0.002346770605072379
3198,0889.png#patch0020,24.858806610107422,0.7884742617607117,0.9573383331298828,0.0032667750492691994
3199,0889.png#patch0021,34.70815658569336,0.9343977570533752,0.9894166588783264,0.00033820830867625773
3200,0889.png#patch0022,35.47662353515625,0.9266448616981506,0.9864146113395691,0.0002833594917319715
3201,0889.png#patch0023,35.2957763671875,0.9497686624526978,0.9912985563278198,0.0002954079245682806
3202,0889.png#patch0024,32.29907989501953,0.9331533312797546,0.9863967299461365,0.000588968105148524
3203,0889.png#patch0025,33.08612823486328,0.934300422668457,0.988637387752533,0.0004913455341011286
3204,0889.png#patch0026,35.6629638671875,0.9415045380592346,0.9899421334266663,0.00027145835338160396
3205,0889.png#patch0027,35.02531051635742,0.9322469234466553,0.9884580969810486,0.0003143898502457887
3206,0889.png#patch0028,34.81867980957031,0.9217153191566467,0.986930787563324,0.00032970981555990875
3207,0889.png#patch0029,36.44028854370117,0.9387498497962952,0.9889070391654968,0.00022697128588333726
3208,0889.png#patch0030,34.004859924316406,0.9277348518371582,0.9853003025054932,0.00039766181726008654
3209,0889.png#patch0031,32.724021911621094,0.9213632345199585,0.9841176271438599,0.0005340694333426654
3210,0889.png#patch0032,35.47605895996094,0.9518799781799316,0.991930365562439,0.00028339613345451653
3211,0889.png#patch0033,37.7884635925293,0.959176778793335,0.9942006468772888,0.0001664001028984785
3212,0889.png#patch0034,35.46919250488281,0.9423830509185791,0.9906342625617981,0.00028384444885887206
3213,0890.png#patch0000,54.000892639160156,0.9956635236740112,0.9994720220565796,3.980248493462568e-06
3214,0890.png#patch0001,50.534568786621094,0.9951437711715698,0.9994176030158997,8.841849194141105e-06
3215,0890.png#patch0002,54.14346694946289,0.9957835674285889,0.9994882345199585,3.851705969282193e-06
3216,0890.png#patch0003,54.314701080322266,0.9959475994110107,0.9995074272155762,3.7027923553978326e-06
3217,0890.png#patch0004,54.29665756225586,0.9959520697593689,0.9995130300521851,3.718211928571691e-06
3218,0890.png#patch0005,40.35770797729492,0.9827135801315308,0.996432900428772,9.209344716509804e-05
3219,0890.png#patch0006,54.042640686035156,0.9957489967346191,0.9994786381721497,3.94217522625695e-06
3220,0890.png#patch0007,53.6203498840332,0.9955121874809265,0.9994648694992065,4.34474941357621e-06
3221,0890.png#patch0008,32.92189407348633,0.9258174896240234,0.984046995639801,0.0005102819995954633
3222,0890.png#patch0009,54.35424041748047,0.9959984421730042,0.9995129108428955,3.669237912617973e-06
3223,0890.png#patch0010,35.82390213012695,0.9517090320587158,0.9905920624732971,0.00026158324908465147
3224,0890.png#patch0011,29.396507263183594,0.8579185605049133,0.9650865197181702,0.001149076852016151
3225,0890.png#patch0012,32.52864074707031,0.9225430488586426,0.9861768484115601,0.0005586448241956532
3226,0890.png#patch0013,40.19340515136719,0.9906090497970581,0.9988936185836792,9.564429637975991e-05
3227,0890.png#patch0014,55.14839172363281,0.9966671466827393,0.9995899200439453,3.0560513550881296e-06
3228,0890.png#patch0015,33.50772476196289,0.9087666273117065,0.9785414338111877,0.0004458896000869572
3229,0890.png#patch0016,35.071624755859375,0.9522088766098022,0.9910194277763367,0.0003110551624558866
3230,0890.png#patch0017,26.475263595581055,0.7167502045631409,0.9402525424957275,0.002251507481560111
3231,0890.png#patch0018,25.688201904296875,0.7075690031051636,0.9399126768112183,0.002698855707421899
3232,0890.png#patch0019,27.245380401611328,0.7357773780822754,0.9447809457778931,0.0018856532406061888
3233,0890.png#patch0020,29.40816307067871,0.9243256449699402,0.9863405823707581,0.0011459972010925412
3234,0890.png#patch0021,25.954130172729492,0.5205894112586975,0.8872329592704773,0.002538556233048439
3235,0890.png#patch0022,24.311405181884766,0.5535582304000854,0.900712788105011,0.0037056072615087032
3236,0890.png#patch0023,21.857166290283203,0.43457430601119995,0.8621925711631775,0.006520535331219435
3237,0890.png#patch0024,22.968727111816406,0.48317086696624756,0.8822139501571655,0.005048091057687998
3238,0890.png#patch0025,22.63337516784668,0.4832993149757385,0.8771472573280334,0.005453337449580431
3239,0890.png#patch0026,23.94777488708496,0.514439582824707,0.8925195932388306,0.004029233939945698
3240,0890.png#patch0027,24.640052795410156,0.5582280158996582,0.9010269641876221,0.003435536753386259
3241,0890.png#patch0028,24.326223373413086,0.48828738927841187,0.8810234069824219,0.003692984115332365
3242,0890.png#patch0029,23.197616577148438,0.46025827527046204,0.8836715817451477,0.0047889286652207375
3243,0890.png#patch0030,21.996631622314453,0.4831702709197998,0.8898013830184937,0.0063144671730697155
3244,0890.png#patch0031,23.19551658630371,0.43596941232681274,0.8673591017723083,0.0047912439331412315
3245,0890.png#patch0032,22.70194435119629,0.49769553542137146,0.885633647441864,0.005367912817746401
3246,0890.png#patch0033,23.029945373535156,0.5676708221435547,0.9104501008987427,0.004977433010935783
3247,0890.png#patch0034,23.621007919311523,0.5420606136322021,0.8988777995109558,0.004344094078987837
3248,0891.png#patch0000,36.03919982910156,0.9718979001045227,0.995945155620575,0.00024893146473914385
3249,0891.png#patch0001,29.208030700683594,0.857053816318512,0.9735146760940552,0.0012000426650047302
3250,0891.png#patch0002,27.81546401977539,0.8337517380714417,0.96663498878479,0.0016536881448701024
3251,0891.png#patch0003,23.340444564819336,0.7310625910758972,0.9334979057312012,0.004633993376046419
3252,0891.png#patch0004,22.61015510559082,0.7009122967720032,0.924053430557251,0.005482571665197611
3253,0891.png#patch0005,24.213733673095703,0.7201634645462036,0.9417542815208435,0.0037898889277130365
3254,0891.png#patch0006,27.208131790161133,0.8360008001327515,0.9691617488861084,0.00190189597196877
3255,0891.png#patch0007,22.514440536499023,0.6636373400688171,0.9040281176567078,0.0056047444231808186
3256,0891.png#patch0008,22.312114715576172,0.680903971195221,0.9140679836273193,0.005872032605111599
3257,0891.png#patch0009,27.457237243652344,0.8229436278343201,0.9650278687477112,0.0017958753742277622
3258,0891.png#patch0010,29.172595977783203,0.8643779754638672,0.9718455672264099,0.0012098744045943022
3259,0891.png#patch0011,28.186500549316406,0.8422885537147522,0.9660645723342896,0.0015182725619524717
3260,0891.png#patch0012,24.07048225402832,0.7341558337211609,0.9443197846412659,0.003916981630027294
3261,0891.png#patch0013,27.88351821899414,0.828262448310852,0.9672278165817261,0.0016279761912301183
3262,0891.png#patch0014,28.747608184814453,0.8617407083511353,0.9710025787353516,0.0013342556776478887
3263,0891.png#patch0015,26.855106353759766,0.8270587921142578,0.9600605964660645,0.0020629523787647486
3264,0891.png#patch0016,26.496076583862305,0.8296170830726624,0.9673115015029907,0.0022407439537346363
3265,0891.png#patch0017,26.65878677368164,0.840171754360199,0.9724361896514893,0.0021583461202681065
3266,0891.png#patch0018,26.027652740478516,0.809462308883667,0.9573225975036621,0.0024959431029856205
3267,0891.png#patch0019,25.66396141052246,0.8311187028884888,0.9633648991584778,0.002713962225243449
3268,0891.png#patch0020,26.96311378479004,0.8521784543991089,0.969770073890686,0.0020122809801250696
3269,0891.png#patch0021,27.85464096069336,0.8618252277374268,0.9698299169540405,0.0016388369258493185
3270,0891.png#patch0022,26.21866226196289,0.8203227519989014,0.9616050720214844,0.0023885462433099747
3271,0891.png#patch0023,28.590957641601562,0.8310838937759399,0.9687511324882507,0.0013832609402015805
3272,0891.png#patch0024,26.917604446411133,0.7934790849685669,0.9574108123779297,0.0020334783475846052
3273,0891.png#patch0025,28.210878372192383,0.8294315338134766,0.9635606408119202,0.0015097737777978182
3274,0891.png#patch0026,25.448917388916016,0.783586859703064,0.9490991234779358,0.002851728582754731
3275,0891.png#patch0027,28.658483505249023,0.851441502571106,0.9674027562141418,0.0013619201490655541
3276,0891.png#patch0028,26.248455047607422,0.7440193295478821,0.9421804547309875,0.002372216898947954
3277,0891.png#patch0029,25.80023193359375,0.7796469330787659,0.9511386156082153,0.0026301261968910694
3278,0891.png#patch0030,31.84125518798828,0.9294551014900208,0.988336443901062,0.0006544467760249972
3279,0891.png#patch0031,25.328838348388672,0.7088817954063416,0.9341310858726501,0.0029316763393580914
3280,0891.png#patch0032,22.6513729095459,0.737679123878479,0.9368177652359009,0.005430785473436117
3281,0891.png#patch0033,24.22881507873535,0.7227007150650024,0.9432039260864258,0.003776751458644867
3282,0891.png#patch0034,25.961610794067383,0.6999396085739136,0.9291768670082092,0.0025341880973428488
3283,0891.png#patch0035,23.970508575439453,0.7389352321624756,0.9457400441169739,0.004008196759968996
3284,0891.png#patch0036,25.834318161010742,0.7359977960586548,0.9536104202270508,0.0026095653884112835
3285,0891.png#patch0037,27.8625431060791,0.770348310470581,0.9589922428131104,0.0016358576249331236
3286,0891.png#patch0038,26.631332397460938,0.7567903399467468,0.9550299644470215,0.0021720346994698048
3287,0891.png#patch0039,26.70185089111328,0.7569371461868286,0.9513488411903381,0.0021370500326156616
3288,0891.png#patch0040,27.804065704345703,0.7446533441543579,0.9533223509788513,0.0016580334631726146
3289,0891.png#patch0041,24.006738662719727,0.7230547666549683,0.9442132115364075,0.00397489732131362
3290,0892.png#patch0000,34.76226806640625,0.9199690818786621,0.9868116974830627,0.0003340202965773642
3291,0892.png#patch0001,31.21894073486328,0.9058785438537598,0.9832473993301392,0.0007552763563580811
3292,0892.png#patch0002,30.7744083404541,0.9284555315971375,0.9836444854736328,0.000836679246276617
3293,0892.png#patch0003,31.911121368408203,0.943424642086029,0.9880393743515015,0.0006440027500502765
3294,0892.png#patch0004,32.201900482177734,0.920615553855896,0.9833818078041077,0.0006022956222295761
3295,0892.png#patch0005,32.98404312133789,0.9170851707458496,0.9836723208427429,0.0005030318279750645
3296,0892.png#patch0006,35.881900787353516,0.9172632098197937,0.9863496422767639,0.0002581128210294992
3297,0892.png#patch0007,35.94320297241211,0.936233401298523,0.9900022149085999,0.00025449504028074443
3298,0892.png#patch0008,30.873945236206055,0.9093677401542664,0.984015941619873,0.0008177214185707271
3299,0892.png#patch0009,28.355239868164062,0.9063296318054199,0.9770591855049133,0.0014604136813431978
3300,0892.png#patch0010,28.93093490600586,0.8814958930015564,0.9733798503875732,0.0012791050830855966
3301,0892.png#patch0011,29.69539451599121,0.8589235544204712,0.9712893962860107,0.0010726560140028596
3302,0892.png#patch0012,31.48255729675293,0.8639490008354187,0.9731137752532959,0.0007107945857569575
3303,0892.png#patch0013,31.5261287689209,0.8693464994430542,0.9715269804000854,0.0007036993629299104
3304,0892.png#patch0014,35.83053970336914,0.9489494562149048,0.9897236824035645,0.000261183682596311
3305,0892.png#patch0015,32.487789154052734,0.9056769609451294,0.9805005192756653,0.000563924724701792
3306,0892.png#patch0016,29.54075050354004,0.8630333542823792,0.969647228717804,0.001111539313569665
3307,0892.png#patch0017,27.068754196166992,0.8378510475158691,0.9608044028282166,0.0019639229867607355
3308,0892.png#patch0018,25.798768997192383,0.806240439414978,0.9532685279846191,0.002631013048812747
3309,0892.png#patch0019,27.368518829345703,0.8206555247306824,0.957975447177887,0.0018329392187297344
3310,0892.png#patch0020,26.746862411499023,0.8145461678504944,0.9559584259986877,0.002115016570314765
3311,0892.png#patch0021,31.024322509765625,0.9047406315803528,0.9826424717903137,0.0007898916956037283
3312,0892.png#patch0022,26.899967193603516,0.8369634747505188,0.9675760865211487,0.0020417524501681328
3313,0892.png#patch0023,25.532960891723633,0.8117088675498962,0.965266227722168,0.0027970727533102036
3314,0892.png#patch0024,23.93583869934082,0.7720271348953247,0.954567551612854,0.00404032226651907
3315,0892.png#patch0025,23.73873519897461,0.7684669494628906,0.9531212449073792,0.004227916710078716
3316,0892.png#patch0026,25.331628799438477,0.7904698848724365,0.9597665071487427,0.002929793205112219
3317,0892.png#patch0027,24.876110076904297,0.7715392112731934,0.9508174061775208,0.0032537856604903936
3318,0892.png#patch0028,30.648229598999023,0.8944847583770752,0.982038676738739,0.000861344684381038
3319,0892.png#patch0029,26.83069610595703,0.825390636920929,0.9692015051841736,0.0020745808724313974
3320,0892.png#patch0030,25.589645385742188,0.7995131015777588,0.9655147790908813,0.0027608033269643784
3321,0892.png#patch0031,26.01053810119629,0.8148113489151001,0.9677661657333374,0.0025057983584702015
3322,0892.png#patch0032,26.107332229614258,0.8088714480400085,0.9650279879570007,0.0024505681358277798
3323,0892.png#patch0033,27.803157806396484,0.8253268003463745,0.9674401879310608,0.001658380264416337
3324,0892.png#patch0034,29.966217041015625,0.8639635443687439,0.97159343957901,0.0010078087216243148
3325,0893.png#patch0000,31.51555824279785,0.8446218371391296,0.9754982590675354,0.0007054140442050993
3326,0893.png#patch0001,32.2683219909668,0.8816344738006592,0.9835697412490845,0.0005931544001214206
3327,0893.png#patch0002,36.534175872802734,0.8708671927452087,0.9821928143501282,0.0002221173926955089
3328,0893.png#patch0003,36.89830017089844,0.8323802947998047,0.9729220867156982,0.0002042536361841485
3329,0893.png#patch0004,36.22231674194336,0.8567107915878296,0.9784216284751892,0.00023865370894782245
3330,0893.png#patch0005,34.402252197265625,0.8913538455963135,0.9856213331222534,0.0003628897247835994
3331,0893.png#patch0006,31.65828514099121,0.8587543368339539,0.9776784777641296,0.0006826078169979155
3332,0893.png#patch0007,34.456932067871094,0.8568669557571411,0.9778350591659546,0.0003583495272323489
3333,0893.png#patch0008,32.51286697387695,0.8425328731536865,0.9731796383857727,0.0005606773775070906
3334,0893.png#patch0009,35.422237396240234,0.8889414072036743,0.9855455160140991,0.00028693012427538633
3335,0893.png#patch0010,33.55609130859375,0.8076070547103882,0.967588484287262,0.0004409514076542109
3336,0893.png#patch0011,35.488948822021484,0.8586362600326538,0.9791492223739624,0.00028255628421902657
3337,0893.png#patch0012,34.13460159301758,0.8681191802024841,0.9810764789581299,0.0003859575081150979
3338,0893.png#patch0013,33.36245346069336,0.8391628861427307,0.9729888439178467,0.00046105703222565353
3339,0893.png#patch0014,31.83309555053711,0.8300883769989014,0.9709925055503845,0.0006556773441843688
3340,0893.png#patch0015,30.8013916015625,0.8292391896247864,0.9713130593299866,0.000831497018225491
3341,0893.png#patch0016,34.8450927734375,0.8783537149429321,0.9846476912498474,0.00032771058613434434
3342,0893.png#patch0017,35.325408935546875,0.8468764424324036,0.9750986099243164,0.00029339938191697
3343,0893.png#patch0018,34.484256744384766,0.8023557662963867,0.9629606604576111,0.00035610192571766675
3344,0893.png#patch0019,35.17058563232422,0.8614521026611328,0.9793691635131836,0.00030404754215851426
3345,0893.png#patch0020,34.8818473815918,0.8450159430503845,0.9740475416183472,0.0003249491273891181
3346,0893.png#patch0021,29.552265167236328,0.8064476251602173,0.9674873352050781,0.0011085959849879146
3347,0893.png#patch0022,34.07029342651367,0.8290905952453613,0.9699667096138,0.000391715468140319
3348,0893.png#patch0023,35.562713623046875,0.8468111157417297,0.9760199189186096,0.00027779772062785923
3349,0893.png#patch0024,31.81331443786621,0.8232653141021729,0.9726065397262573,0.000658670614939183
3350,0893.png#patch0025,27.57600975036621,0.7544201016426086,0.9591950178146362,0.0017474263440817595
3351,0893.png#patch0026,36.42739486694336,0.8725396394729614,0.9826809167861938,0.00022764602908864617
3352,0893.png#patch0027,33.58602523803711,0.8310022950172424,0.9736940860748291,0.0004379226884339005
3353,0893.png#patch0028,33.237998962402344,0.8511098027229309,0.9773637056350708,0.0004744602192658931
3354,0893.png#patch0029,36.44485855102539,0.8675549030303955,0.9809373021125793,0.00022673270723316818
3355,0893.png#patch0030,35.74266052246094,0.8539116382598877,0.9782727360725403,0.0002665223728399724
3356,0893.png#patch0031,34.24423599243164,0.8432353138923645,0.9753281474113464,0.0003763365384656936
3357,0893.png#patch0032,33.51150131225586,0.8331220149993896,0.9734205007553101,0.00044550199527293444
3358,0893.png#patch0033,33.40265655517578,0.8392283916473389,0.9728361368179321,0.00045680845505557954
3359,0893.png#patch0034,33.35813903808594,0.8271368145942688,0.9717273116111755,0.0004615152138285339
3360,0894.png#patch0000,38.248443603515625,0.9633345007896423,0.9921228885650635,0.00014967724564485252
3361,0894.png#patch0001,40.65597152709961,0.9766848683357239,0.9952998161315918,8.598110434832051e-05
3362,0894.png#patch0002,39.976966857910156,0.9630293250083923,0.991439163684845,0.0001005317026283592
3363,0894.png#patch0003,47.82371520996094,0.9903658628463745,0.9981451630592346,1.6505477105965838e-05
3364,0894.png#patch0004,48.501060485839844,0.9941240549087524,0.999148964881897,1.412192068528384e-05
3365,0894.png#patch0005,40.33412551879883,0.9706507325172424,0.9940999150276184,9.259489161195233e-05
3366,0894.png#patch0006,34.806922912597656,0.9504633545875549,0.9899768233299255,0.0003306035359855741
3367,0894.png#patch0007,27.524066925048828,0.8336647748947144,0.965041995048523,0.0017684516496956348
3368,0894.png#patch0008,39.916812896728516,0.9627662897109985,0.9911186099052429,0.00010193388152401894
3369,0894.png#patch0009,36.683311462402344,0.9326581954956055,0.9844958782196045,0.00021461931464727968
3370,0894.png#patch0010,48.34745788574219,0.9870778918266296,0.9969419836997986,1.4630334590037819e-05
3371,0894.png#patch0011,34.99013137817383,0.9495147466659546,0.9899550080299377,0.0003169471165165305
3372,0894.png#patch0012,34.39226531982422,0.9349764585494995,0.9877051711082458,0.000363725092029199
3373,0894.png#patch0013,50.55652618408203,0.9917318820953369,0.9984172582626343,8.797248483460862e-06
3374,0894.png#patch0014,37.03775405883789,0.9036309719085693,0.9731889367103577,0.00019779913418460637
3375,0894.png#patch0015,53.9383659362793,0.9957343935966492,0.9993361234664917,4.037971393699991e-06
3376,0894.png#patch0016,30.46117401123047,0.928087055683136,0.9837675094604492,0.0008992545772343874
3377,0894.png#patch0017,33.77192306518555,0.927046537399292,0.9828676581382751,0.00041957295616157353
3378,0894.png#patch0018,32.57068634033203,0.9489873051643372,0.9890158772468567,0.0005532626528292894
3379,0894.png#patch0019,39.05763626098633,0.9345757961273193,0.9833653569221497,0.00012423272710293531
3380,0894.png#patch0020,54.99998092651367,0.9965713620185852,0.9994931221008301,3.1622889764548745e-06
3381,0894.png#patch0021,29.631975173950195,0.9395079016685486,0.9893304109573364,0.0010884345974773169
3382,0894.png#patch0022,33.20621871948242,0.9200950264930725,0.9807775020599365,0.00047794487909413874
3383,0894.png#patch0023,29.431432723999023,0.9141687154769897,0.9841397404670715,0.0011398731730878353
3384,0894.png#patch0024,36.576026916503906,0.9169694185256958,0.9771408438682556,0.00021998702140990645
3385,0894.png#patch0025,36.00373840332031,0.9064583778381348,0.9749564528465271,0.0002509723708499223
3386,0894.png#patch0026,30.62592887878418,0.8845103979110718,0.9740779995918274,0.0008657791768200696
3387,0894.png#patch0027,32.18692398071289,0.9123245477676392,0.9830220341682434,0.0006043764878995717
3388,0894.png#patch0028,28.892417907714844,0.8666135668754578,0.9725194573402405,0.001290500396862626
3389,0894.png#patch0029,27.250932693481445,0.8146552443504333,0.9605258107185364,0.0018832446075975895
3390,0894.png#patch0030,34.25807189941406,0.8683308959007263,0.9703488945960999,0.000375139235984534
3391,0894.png#patch0031,27.24399185180664,0.8028136491775513,0.9630049467086792,0.0018862556898966432
3392,0894.png#patch0032,27.18254852294922,0.7905241847038269,0.959706723690033,0.0019131331937387586
3393,0894.png#patch0033,27.569337844848633,0.7389036417007446,0.9476820230484009,0.0017501130932942033
3394,0894.png#patch0034,27.87094497680664,0.7337608933448792,0.9497066736221313,0.0016326960176229477
3395,0895.png#patch0000,23.045448303222656,0.6479148268699646,0.9234033823013306,0.0049596973694860935
3396,0895.png#patch0001,23.567733764648438,0.6688156723976135,0.9287840723991394,0.004397708456963301
3397,0895.png#patch0002,24.100914001464844,0.7103311419487,0.9380548596382141,0.0038896307814866304
3398,0895.png#patch0003,25.298303604125977,0.7502753734588623,0.9484085440635681,0.002952361013740301
3399,0895.png#patch0004,25.18132209777832,0.7380867600440979,0.9505037069320679,0.0030329665169119835
3400,0895.png#patch0005,26.234272003173828,0.7648431062698364,0.9512806534767151,0.0023799759801477194
3401,0895.png#patch0006,24.836467742919922,0.7120320796966553,0.9295625686645508,0.0032836217433214188
3402,0895.png#patch0007,18.787805557250977,0.4468088746070862,0.8590877652168274,0.013219631277024746
3403,0895.png#patch0008,19.28968048095703,0.44858044385910034,0.8622258305549622,0.011776924133300781
3404,0895.png#patch0009,20.49945831298828,0.49326735734939575,0.8809016346931458,0.008913618512451649
3405,0895.png#patch0010,24.74813461303711,0.6184913516044617,0.9244216084480286,0.0033510925713926554
3406,0895.png#patch0011,27.917583465576172,0.6636757254600525,0.9269338846206665,0.0016152572352439165
3407,0895.png#patch0012,24.770023345947266,0.6332744359970093,0.9113978147506714,0.0033342461101710796
3408,0895.png#patch0013,26.940326690673828,0.717198371887207,0.9411189556121826,0.002022866392508149
3409,0895.png#patch0014,20.052419662475586,0.480524480342865,0.8701204657554626,0.009880024939775467
3410,0895.png#patch0015,19.67378807067871,0.5070775747299194,0.8810994625091553,0.01078005786985159
3411,0895.png#patch0016,20.971120834350586,0.5712172389030457,0.8955525159835815,0.007996278814971447
3412,0895.png#patch0017,22.594032287597656,0.5968428254127502,0.9127418398857117,0.005502963904291391
3413,0895.png#patch0018,25.4719295501709,0.618107795715332,0.918615996837616,0.0028366565238684416
3414,0895.png#patch0019,26.568828582763672,0.6195068359375,0.9146660566329956,0.0022035196889191866
3415,0895.png#patch0020,27.205127716064453,0.6513726711273193,0.9231224060058594,0.0019032114651054144
3416,0895.png#patch0021,18.85737419128418,0.45962652564048767,0.867512583732605,0.013009554706513882
3417,0895.png#patch0022,19.789548873901367,0.5301051735877991,0.8844466805458069,0.010496513918042183
3418,0895.png#patch0023,23.23238182067871,0.6997424960136414,0.9343714118003845,0.004750744439661503
3419,0895.png#patch0024,29.566116333007812,0.7311217188835144,0.9380711913108826,0.0011050660395994782
3420,0895.png#patch0025,24.217077255249023,0.6319060921669006,0.9132078886032104,0.003786972491070628
3421,0895.png#patch0026,21.28523826599121,0.5233194828033447,0.884164571762085,0.007438343483954668
3422,0895.png#patch0027,20.089981079101562,0.4509904682636261,0.8621947169303894,0.009794938378036022
3423,0895.png#patch0028,21.05687713623047,0.6055915355682373,0.9085955619812012,0.007839929312467575
3424,0895.png#patch0029,24.33153533935547,0.7029520869255066,0.9324631690979004,0.0036884713917970657
3425,0895.png#patch0030,23.628578186035156,0.6279069185256958,0.9143916368484497,0.004336528014391661
3426,0895.png#patch0031,20.010650634765625,0.4635021388530731,0.8622316718101501,0.009975505992770195
3427,0895.png#patch0032,19.030282974243164,0.4465903341770172,0.8635769486427307,0.012501777149736881
3428,0895.png#patch0033,18.742839813232422,0.4421193301677704,0.8604738116264343,0.013357211835682392
3429,0895.png#patch0034,19.02732276916504,0.4479740560054779,0.8649253249168396,0.012510298751294613
3430,0896.png#patch0000,44.399845123291016,0.9620713591575623,0.9949294924736023,3.6309054848970845e-05
3431,0896.png#patch0001,45.318504333496094,0.9690759778022766,0.9958323836326599,2.9386592359514907e-05
3432,0896.png#patch0002,45.541744232177734,0.9704977869987488,0.9960242509841919,2.791419865388889e-05
3433,0896.png#patch0003,43.83182144165039,0.9735860228538513,0.9965234398841858,4.1382598283234984e-05
3434,0896.png#patch0004,46.719844818115234,0.9774647951126099,0.996877908706665,2.1282123270793818e-05
3435,0896.png#patch0005,46.62885284423828,0.976979672908783,0.9969021677970886,2.1732752429670654e-05
3436,0896.png#patch0006,46.205657958984375,0.97447270154953,0.9965723752975464,2.395708543190267e-05
3437,0896.png#patch0007,33.614288330078125,0.9431203603744507,0.9917752146720886,0.0004350820672698319
3438,0896.png#patch0008,30.40837287902832,0.9192619323730469,0.9854439496994019,0.000910254311747849
3439,0896.png#patch0009,41.50568389892578,0.9658879637718201,0.995158851146698,7.070197170833126e-05
3440,0896.png#patch0010,41.568450927734375,0.9669256210327148,0.9956766963005066,6.968747038627043e-05
3441,0896.png#patch0011,44.14628601074219,0.9728274345397949,0.9962971210479736,3.849207496386953e-05
3442,0896.png#patch0012,46.179176330566406,0.9744904041290283,0.9965158104896545,2.4103599571390077e-05
3443,0896.png#patch0013,46.97306442260742,0.9783852100372314,0.9970284700393677,2.007675175264012e-05
3444,0896.png#patch0014,42.41024398803711,0.95977383852005,0.9945505261421204,5.7408426073379815e-05
3445,0896.png#patch0015,32.79570388793945,0.8986624479293823,0.9800536036491394,0.0005253268172964454
3446,0896.png#patch0016,30.697799682617188,0.9041323065757751,0.9829150438308716,0.0008515690569765866
3447,0896.png#patch0017,32.23564910888672,0.934106171131134,0.9894901514053345,0.0005976334796287119
3448,0896.png#patch0018,30.70534896850586,0.9133572578430176,0.9832522869110107,0.000850090233143419
3449,0896.png#patch0019,31.038013458251953,0.9319025874137878,0.9879756569862366,0.0007874055299907923
3450,0896.png#patch0020,34.147830963134766,0.9292346239089966,0.985986590385437,0.000384783634217456
3451,0896.png#patch0021,43.334957122802734,0.9569989442825317,0.9942106008529663,4.639851249521598e-05
3452,0896.png#patch0022,31.361621856689453,0.9330965280532837,0.9894797205924988,0.0007308660424314439
3453,0896.png#patch0023,36.06154251098633,0.9489266872406006,0.9920982122421265,0.00024765421403571963
3454,0896.png#patch0024,35.026729583740234,0.9233753085136414,0.9836368560791016,0.00031428749207407236
3455,0896.png#patch0025,38.49232864379883,0.9615162014961243,0.9947188496589661,0.0001415034494129941
3456,0896.png#patch0026,39.27907180786133,0.961672842502594,0.9947580099105835,0.00011805726535385475
3457,0896.png#patch0027,35.73931884765625,0.9477216005325317,0.99117511510849,0.00026672761305235326
3458,0896.png#patch0028,43.83803939819336,0.9570189118385315,0.9941071271896362,4.13234083680436e-05
3459,0896.png#patch0029,41.75360107421875,0.9651970863342285,0.9956962466239929,6.677896453766152e-05
3460,0896.png#patch0030,41.85398864746094,0.9655641913414001,0.9955494403839111,6.52530652587302e-05
3461,0896.png#patch0031,33.65864562988281,0.934796154499054,0.9889513254165649,0.0004306609043851495
3462,0896.png#patch0032,38.4555549621582,0.9547404050827026,0.992954671382904,0.00014270664541982114
3463,0896.png#patch0033,44.25788879394531,0.9606676697731018,0.9945972561836243,3.751550320885144e-05
3464,0896.png#patch0034,44.476539611816406,0.962687075138092,0.9948380589485168,3.567352541722357e-05
3465,0897.png#patch0000,23.128787994384766,0.7136151194572449,0.9522872567176819,0.00486542796716094
3466,0897.png#patch0001,23.027070999145508,0.7010980844497681,0.9493868350982666,0.004980728030204773
3467,0897.png#patch0002,23.12696075439453,0.7079207301139832,0.9514724016189575,0.00486747594550252
3468,0897.png#patch0003,23.02634620666504,0.7126420736312866,0.9548608064651489,0.00498155876994133
3469,0897.png#patch0004,23.293315887451172,0.7221873998641968,0.9591819643974304,0.0046845548786222935
3470,0897.png#patch0005,23.334470748901367,0.717390775680542,0.9583587646484375,0.004640372470021248
3471,0897.png#patch0006,23.42184066772461,0.7215823531150818,0.9591683745384216,0.004547951743006706
3472,0897.png#patch0007,22.591135025024414,0.7069259285926819,0.9517715573310852,0.005506637040525675
3473,0897.png#patch0008,22.446334838867188,0.686920166015625,0.9499232172966003,0.005693329963833094
3474,0897.png#patch0009,22.60184097290039,0.6876964569091797,0.950650155544281,0.005493077915161848
3475,0897.png#patch0010,22.503448486328125,0.6803825497627258,0.9469339847564697,0.005618948955088854
3476,0897.png#patch0011,22.92925262451172,0.6904904842376709,0.9471477270126343,0.005094184074550867
3477,0897.png#patch0012,23.482999801635742,0.7297875881195068,0.9587033987045288,0.0044843535870313644
3478,0897.png#patch0013,23.395851135253906,0.7191606163978577,0.9570966362953186,0.0045752497389912605
3479,0897.png#patch0014,22.863597869873047,0.7119181752204895,0.9534971117973328,0.005171779543161392
3480,0897.png#patch0015,22.702707290649414,0.6879935264587402,0.9466464519500732,0.005366969853639603
3481,0897.png#patch0016,22.711610794067383,0.6990892887115479,0.9495074152946472,0.005355979315936565
3482,0897.png#patch0017,22.582950592041016,0.6998463869094849,0.9498084187507629,0.005517024081200361
3483,0897.png#patch0018,22.358474731445312,0.6901889443397522,0.9510591626167297,0.005809682887047529
3484,0897.png#patch0019,22.82691192626953,0.6893573999404907,0.9490532875061035,0.0052156513556838036
3485,0897.png#patch0020,23.512569427490234,0.7098562717437744,0.9516074657440186,0.0044539254158735275
3486,0897.png#patch0021,22.827775955200195,0.7223512530326843,0.9525716304779053,0.0052146147936582565
3487,0897.png#patch0022,22.2957763671875,0.7058835029602051,0.9531090259552002,0.005894165486097336
3488,0897.png#patch0023,21.856660842895508,0.6792595982551575,0.9467946290969849,0.006521292962133884
3489,0897.png#patch0024,22.350055694580078,0.6659420728683472,0.9426628351211548,0.005820955149829388
3490,0897.png#patch0025,22.457275390625,0.673725962638855,0.9415262341499329,0.005679005291312933
3491,0897.png#patch0026,22.105567932128906,0.6792437434196472,0.9465708136558533,0.006158049218356609
3492,0897.png#patch0027,22.987764358520508,0.7031577229499817,0.9520946741104126,0.005026011262089014
3493,0897.png#patch0028,23.16252326965332,0.7351689338684082,0.9559866786003113,0.004827780649065971
3494,0897.png#patch0029,22.60733413696289,0.6894000768661499,0.9456630349159241,0.005486136768013239
3495,0897.png#patch0030,22.77147674560547,0.7025788426399231,0.9494464993476868,0.005282654892653227
3496,0897.png#patch0031,22.48750114440918,0.6948434710502625,0.9489063620567322,0.005639619193971157
3497,0897.png#patch0032,22.448612213134766,0.683281421661377,0.9471876621246338,0.005690345074981451
3498,0897.png#patch0033,22.790441513061523,0.6840522289276123,0.9428815841674805,0.005259634926915169
3499,0897.png#patch0034,23.919279098510742,0.708728551864624,0.94890958070755,0.004055756609886885
3500,0898.png#patch0000,42.48200225830078,0.9428088068962097,0.9914666414260864,5.646761928801425e-05
3501,0898.png#patch0001,42.567813873291016,0.9439712762832642,0.9916332960128784,5.536284879781306e-05
3502,0898.png#patch0002,42.604469299316406,0.9442338347434998,0.9916974306106567,5.489753311849199e-05
3503,0898.png#patch0003,42.64335632324219,0.9449473023414612,0.9917115569114685,5.440814857138321e-05
3504,0898.png#patch0004,42.64267349243164,0.9449892044067383,0.9917811155319214,5.4416734201367944e-05
3505,0898.png#patch0005,42.58472442626953,0.944021463394165,0.9916682243347168,5.5147709645098075e-05
3506,0898.png#patch0006,42.553131103515625,0.9436917901039124,0.9915199279785156,5.5550339311594144e-05
3507,0898.png#patch0007,42.39915084838867,0.9419144988059998,0.991255521774292,5.75551857764367e-05
3508,0898.png#patch0008,42.65374755859375,0.9449422359466553,0.9917107820510864,5.427814176073298e-05
3509,0898.png#patch0009,43.022918701171875,0.9491448402404785,0.9924061298370361,4.9854912504088134e-05
3510,0898.png#patch0010,43.635520935058594,0.9557746648788452,0.9932705163955688,4.329601506469771e-05
3511,0898.png#patch0011,35.8656120300293,0.9338113069534302,0.9895033836364746,0.000259082909906283
3512,0898.png#patch0012,32.90180969238281,0.9091411828994751,0.983879804611206,0.0005126475007273257
3513,0898.png#patch0013,35.164878845214844,0.9253157377243042,0.9876229166984558,0.00030444745789282024
3514,0898.png#patch0014,38.34591293334961,0.9375026226043701,0.990365207195282,0.0001463552616769448
3515,0898.png#patch0015,40.27688217163086,0.9469490051269531,0.9919593930244446,9.382344433106482e-05
3516,0898.png#patch0016,31.85771942138672,0.9078147411346436,0.9820927381515503,0.0006519706803373992
3517,0898.png#patch0017,27.73479652404785,0.850658118724823,0.9667294025421143,0.0016846908256411552
3518,0898.png#patch0018,27.85851287841797,0.8375065922737122,0.9684575200080872,0.001637376961298287
3519,0898.png#patch0019,26.60397720336914,0.8001618981361389,0.9586940407752991,0.002185758203268051
3520,0898.png#patch0020,29.070579528808594,0.847299337387085,0.9687293171882629,0.0012386308517307043
3521,0898.png#patch0021,31.79868507385254,0.9167936444282532,0.9851737022399902,0.0006608932744711637
3522,0898.png#patch0022,32.968196868896484,0.939371645450592,0.9887946248054504,0.0005048704915679991
3523,0898.png#patch0023,30.741823196411133,0.8848811984062195,0.9777299761772156,0.0008429806912317872
3524,0898.png#patch0024,31.390439987182617,0.9107193946838379,0.9833042025566101,0.0007260323036462069
3525,0898.png#patch0025,40.296669006347656,0.9541584849357605,0.9929561614990234,9.339701500721276e-05
3526,0898.png#patch0026,36.834293365478516,0.9385318756103516,0.9901303052902222,0.00020728629897348583
3527,0898.png#patch0027,37.03317642211914,0.9355906248092651,0.9899449348449707,0.00019800776499323547
3528,0898.png#patch0028,39.897743225097656,0.940562903881073,0.9907950758934021,0.00010238249524263665
3529,0898.png#patch0029,41.597450256347656,0.9462966322898865,0.9918826818466187,6.922369357198477e-05
3530,0898.png#patch0030,42.94770050048828,0.9482945799827576,0.9921369552612305,5.072588101029396e-05
3531,0898.png#patch0031,43.901424407958984,0.9586341977119446,0.9939342141151428,4.072465162607841e-05
3532,0898.png#patch0032,43.02050018310547,0.9491608142852783,0.9923016428947449,4.988267755834386e-05
3533,0898.png#patch0033,42.75010681152344,0.9461356997489929,0.9920118451118469,5.308711843099445e-05
3534,0898.png#patch0034,42.52662658691406,0.9433071613311768,0.9915753602981567,5.589038482867181e-05
3535,0899.png#patch0000,30.70656394958496,0.9237760305404663,0.9870164394378662,0.0008498523384332657
3536,0899.png#patch0001,25.897371292114258,0.8259398341178894,0.9700747728347778,0.0025719511322677135
3537,0899.png#patch0002,24.307491302490234,0.7134426236152649,0.9494317173957825,0.0037089488469064236
3538,0899.png#patch0003,25.68223762512207,0.7882454991340637,0.9598954916000366,0.002702564699575305
3539,0899.png#patch0004,29.678104400634766,0.9145491123199463,0.9826563000679016,0.001076935208402574
3540,0899.png#patch0005,35.57301712036133,0.9687156081199646,0.993780791759491,0.0002771393919829279
3541,0899.png#patch0006,39.10190200805664,0.9814241528511047,0.9959593415260315,0.00012297299690544605
3542,0899.png#patch0007,37.855133056640625,0.9500463008880615,0.9907058477401733,0.00016386511560995132
3543,0899.png#patch0008,28.7027587890625,0.787564754486084,0.9586013555526733,0.00134810630697757
3544,0899.png#patch0009,26.267210006713867,0.719882071018219,0.9498913288116455,0.002361995168030262
3545,0899.png#patch0010,27.07025718688965,0.7098901867866516,0.9432809948921204,0.0019632442854344845
3546,0899.png#patch0011,29.8992862701416,0.8759777545928955,0.9730564951896667,0.0010234611108899117
3547,0899.png#patch0012,35.269691467285156,0.9617053866386414,0.9907979369163513,0.00029718762380070984
3548,0899.png#patch0013,35.460941314697266,0.9697420597076416,0.9939067363739014,0.00028438432491384447
3549,0899.png#patch0014,30.666696548461914,0.8745309710502625,0.9748227000236511,0.0008576894761063159
3550,0899.png#patch0015,24.49951934814453,0.6509316563606262,0.9322240948677063,0.0035485252737998962
3551,0899.png#patch0016,24.527366638183594,0.6608940362930298,0.9249969124794006,0.003525845240801573
3552,0899.png#patch0017,24.50461769104004,0.6227165460586548,0.9185647368431091,0.0035443634260445833
3553,0899.png#patch0018,27.705068588256836,0.8636738061904907,0.9715424180030823,0.0016962620429694653
3554,0899.png#patch0019,30.090682983398438,0.9410474896430969,0.9896578788757324,0.0009793356293812394
3555,0899.png#patch0020,35.83330154418945,0.9666873812675476,0.9936829209327698,0.0002610175870358944
3556,0899.png#patch0021,36.872886657714844,0.9315068125724792,0.9830425381660461,0.00020545227744150907
3557,0899.png#patch0022,28.987306594848633,0.7961123585700989,0.9543150067329407,0.0012626100797206163
3558,0899.png#patch0023,21.929777145385742,0.5575848817825317,0.9061052799224854,0.006412424147129059
3559,0899.png#patch0024,22.861005783081055,0.7294511198997498,0.9503855109214783,0.005174867808818817
3560,0899.png#patch0025,26.899620056152344,0.8979685306549072,0.9774459004402161,0.0020419161301106215
3561,0899.png#patch0026,33.34219741821289,0.9487618207931519,0.9900370836257935,0.00046321225818246603
3562,0899.png#patch0027,37.77316665649414,0.9753972887992859,0.9947523474693298,0.0001669872144702822
3563,0899.png#patch0028,32.246063232421875,0.9447975158691406,0.9901092052459717,0.0005962023860774934
3564,0899.png#patch0029,30.654325485229492,0.8667874932289124,0.9775627255439758,0.0008601364679634571
3565,0899.png#patch0030,26.685792922973633,0.810628354549408,0.9664130806922913,0.002144966274499893
3566,0899.png#patch0031,30.96050262451172,0.9285045266151428,0.9839317798614502,0.0008015849161893129
3567,0899.png#patch0032,29.934608459472656,0.9452638030052185,0.9888706207275391,0.0010151704773306847
3568,0899.png#patch0033,35.29219055175781,0.9668585658073425,0.9937499165534973,0.00029565193108282983
3569,0899.png#patch0034,40.15073776245117,0.9824379086494446,0.9968659281730652,9.658862836658955e-05
3570,0900.png#patch0000,26.19805335998535,0.8116462230682373,0.9595251679420471,0.0023999076802283525
3571,0900.png#patch0001,27.178115844726562,0.8573775291442871,0.9674376249313354,0.00191508571151644
3572,0900.png#patch0002,27.015987396240234,0.8380882143974304,0.9699495434761047,0.001987930852919817
3573,0900.png#patch0003,25.96788215637207,0.8314058780670166,0.96602863073349,0.0025305310264229774
3574,0900.png#patch0004,25.371423721313477,0.8426841497421265,0.9675649404525757,0.0029030691366642714
3575,0900.png#patch0005,27.647586822509766,0.8578546047210693,0.9736185669898987,0.0017188627971336246
3576,0900.png#patch0006,30.743680953979492,0.916469156742096,0.9793767333030701,0.0008426203276030719
3577,0900.png#patch0007,27.791236877441406,0.7694039940834045,0.9475627541542053,0.0016629388555884361
3578,0900.png#patch0008,26.882116317749023,0.8174864649772644,0.9624955654144287,0.0020501615945249796
3579,0900.png#patch0009,27.03202247619629,0.8497650623321533,0.9674017429351807,0.001980604138225317
3580,0900.png#patch0010,23.726104736328125,0.746146559715271,0.9448702335357666,0.0042402311228215694
3581,0900.png#patch0011,24.89454460144043,0.7809600830078125,0.9552469849586487,0.003240003250539303
3582,0900.png#patch0012,26.859743118286133,0.8253384828567505,0.9638763666152954,0.0020607507321983576
3583,0900.png#patch0013,31.231836318969727,0.9178252816200256,0.9836929440498352,0.00075303710764274
3584,0900.png#patch0014,25.567489624023438,0.781764805316925,0.9489834904670715,0.002774923574179411
3585,0900.png#patch0015,28.95870018005371,0.8657220005989075,0.9700936079025269,0.0012709543807432055
3586,0900.png#patch0016,22.16884994506836,0.7671154141426086,0.9431840777397156,0.006068968214094639
3587,0900.png#patch0017,26.080455780029297,0.8013947010040283,0.9578372836112976,0.0024657794274389744
3588,0900.png#patch0018,24.804590225219727,0.7446218729019165,0.9466763734817505,0.003307812614366412
3589,0900.png#patch0019,26.804847717285156,0.7904580235481262,0.960021436214447,0.0020869646687060595
3590,0900.png#patch0020,30.899383544921875,0.8770397305488586,0.9749935865402222,0.0008129458292387426
3591,0900.png#patch0021,34.585636138916016,0.9235832095146179,0.9834311604499817,0.00034788536140695214
3592,0900.png#patch0022,32.50767135620117,0.8824580311775208,0.9749693870544434,0.0005613486282527447
3593,0900.png#patch0023,32.00808334350586,0.8819065093994141,0.9765260815620422,0.0006297837826423347
3594,0900.png#patch0024,28.947162628173828,0.8281546235084534,0.9666143655776978,0.0012743347324430943
3595,0900.png#patch0025,21.17627716064453,0.7092865705490112,0.9243043661117554,0.007627326529473066
3596,0900.png#patch0026,22.752256393432617,0.7612811326980591,0.9340077638626099,0.005306086037307978
3597,0900.png#patch0027,28.70848846435547,0.7913281917572021,0.9587674140930176,0.0013463282957673073
