{
  "mse_mean": 6.427404036912776e-05,
  "mse_std": 6.851625876800638e-05,
  "psnr_mean": 43.59574432373047,
  "psnr_std": 3.898865028836661,
  "ssim_mean": 0.9944636291265487,
  "ssim_std": 0.005971280587927896,
  "msssim_mean": 0.9993827760219574,
  "msssim_std": 0.0007512371852093638,
  "samples": 100
}