{
  "mse_mean": 6.431053208189041e-05,
  "mse_std": 6.916239546379229e-05,
  "psnr_mean": 43.59719722747803,
  "psnr_std": 3.8950296231381043,
  "ssim_mean": 0.994468719959259,
  "ssim_std": 0.005974336586676988,
  "msssim_mean": 0.9993843364715577,
  "msssim_std": 0.0007426075559549628,
  "samples": 100
}