{
  "mse_mean": 6.441051569709088e-05,
  "mse_std": 6.932924039694629e-05,
  "psnr_mean": 43.613691902160646,
  "psnr_std": 3.9295714197261873,
  "ssim_mean": 0.994443918466568,
  "ssim_std": 0.005985854661737666,
  "msssim_mean": 0.9993828892707824,
  "msssim_std": 0.0007467405282227594,
  "samples": 100
}