{
  "mse_mean": 6.422932730401954e-05,
  "mse_std": 6.879941554285389e-05,
  "psnr_mean": 43.60503303527832,
  "psnr_std": 3.9020380910791594,
  "ssim_mean": 0.9944424730539322,
  "ssim_std": 0.005937608822306399,
  "msssim_mean": 0.9993820226192475,
  "msssim_std": 0.0007532787111942122,
  "samples": 100
}