{
  "mse_mean": 6.606883257518348e-05,
  "mse_std": 6.931794890176031e-05,
  "psnr_mean": 43.45819618225098,
  "psnr_std": 3.8702173042653345,
  "ssim_mean": 0.9943245959281921,
  "ssim_std": 0.005999008769034807,
  "msssim_mean": 0.9993729639053345,
  "msssim_std": 0.0007539250357439813,
  "samples": 100
}