{
  "mse_mean": 7.097296296251443e-05,
  "mse_std": 7.744402468699752e-05,
  "psnr_mean": 43.14877861022949,
  "psnr_std": 3.8515566433767927,
  "ssim_mean": 0.9941612547636032,
  "ssim_std": 0.006132410633813841,
  "msssim_mean": 0.9993508696556092,
  "msssim_std": 0.0008034410174979868,
  "samples": 100
}