{
  "mse_mean": 6.692912847256594e-05,
  "mse_std": 7.2652133624252e-05,
  "psnr_mean": 43.42322662353516,
  "psnr_std": 3.8842609835221817,
  "ssim_mean": 0.9943366885185242,
  "ssim_std": 0.006050456123874062,
  "msssim_mean": 0.9993699389696121,
  "msssim_std": 0.0007804813738165771,
  "samples": 100
}