index,filename,psnr_y,ssim_y,msssim_y,mse_y
0,0801.png#patch0000,45.87347412109375,0.9890511631965637,0.9984862804412842,2.586141272331588e-05
1,0801.png#patch0001,45.59962463378906,0.9882013201713562,0.998430073261261,2.754465094767511e-05
2,0801.png#patch0002,46.54096984863281,0.9909496903419495,0.9987615942955017,2.2177016944624484e-05
3,0801.png#patch0003,34.115047454833984,0.9729869365692139,0.9961437582969666,0.0003876994887832552
4,0801.png#patch0004,46.74852752685547,0.9897006750106812,0.9988160729408264,2.1142039258847944e-05
5,0801.png#patch0005,47.70728302001953,0.9897644519805908,0.9987632632255554,1.695397440926172e-05
6,0801.png#patch0006,47.00064468383789,0.9907650351524353,0.9988910555839539,1.9949649868067354e-05
7,0801.png#patch0007,37.049095153808594,0.9548385739326477,0.9934092164039612,0.00019728332699742168
8,0801.png#patch0008,39.428077697753906,0.973854124546051,0.9963082075119019,0.00011407541751395911
9,0801.png#patch0009,41.31403732299805,0.9838742613792419,0.9979180097579956,7.389177335426211e-05
10,0801.png#patch0010,33.85159683227539,0.9252729415893555,0.9878578782081604,0.0004119458608329296
11,0801.png#patch0011,45.27630615234375,0.9886550307273865,0.9986515641212463,2.9673554308828898e-05
12,0801.png#patch0012,46.058998107910156,0.9893752336502075,0.9987124800682068,2.477993257343769e-05
13,0801.png#patch0013,43.45438766479492,0.9891079664230347,0.9984467625617981,4.5139953726902604e-05
14,0801.png#patch0014,30.604999542236328,0.8680619597434998,0.9784773588180542,0.0008699611644260585
15,0801.png#patch0015,33.11147689819336,0.8987740278244019,0.984056293964386,0.0004884859663434327
16,0801.png#patch0016,35.31993103027344,0.946266770362854,0.9919530749320984,0.00029376946622505784
17,0801.png#patch0017,37.00288391113281,0.950289785861969,0.991934597492218,0.00019939361664000899
18,0801.png#patch0018,36.73575210571289,0.9449008107185364,0.9917308688163757,0.00021204336371738464
19,0801.png#patch0019,38.22844696044922,0.9719209671020508,0.9958295226097107,0.0001503679814049974
20,0801.png#patch0020,34.39708709716797,0.9483569264411926,0.9921334981918335,0.0003633216256275773
21,0801.png#patch0021,29.61028480529785,0.7954811453819275,0.9613618850708008,0.0010938842315226793
22,0801.png#patch0022,29.463550567626953,0.815539538860321,0.9694727063179016,0.0011314746225252748
23,0801.png#patch0023,31.748037338256836,0.8827065825462341,0.9819236397743225,0.0006686457782052457
24,0801.png#patch0024,41.46552276611328,0.9759095907211304,0.9957331418991089,7.13588233338669e-05
25,0801.png#patch0025,36.96929931640625,0.9429845213890076,0.9914013147354126,0.0002009416202781722
26,0801.png#patch0026,32.01806640625,0.9092057943344116,0.9849635362625122,0.000628338020760566
27,0801.png#patch0027,30.412925720214844,0.8896904587745667,0.9824491739273071,0.0009093004046007991
28,0801.png#patch0028,30.799671173095703,0.8689737319946289,0.9794206023216248,0.0008318267064169049
29,0801.png#patch0029,30.53400230407715,0.8537909388542175,0.9747529029846191,0.000884300097823143
30,0801.png#patch0030,30.731355667114258,0.8608238101005554,0.9775585532188416,0.0008450144669041038
31,0801.png#patch0031,33.47148132324219,0.9169477820396423,0.9875609874725342,0.00044962624087929726
32,0801.png#patch0032,31.23334503173828,0.8605043292045593,0.9768854379653931,0.0007527751731686294
33,0801.png#patch0033,29.512414932250977,0.8377131819725037,0.9729461669921875,0.0011188152711838484
34,0801.png#patch0034,29.331851959228516,0.8436940908432007,0.9738970398902893,0.0011663121404126287
35,0802.png#patch0000,41.601036071777344,0.9670051336288452,0.9956375360488892,6.91665627527982e-05
36,0802.png#patch0001,38.510948181152344,0.9444608092308044,0.9913280606269836,0.00014089808973949403
37,0802.png#patch0002,38.344932556152344,0.9360772967338562,0.9899839162826538,0.00014638832362834364
38,0802.png#patch0003,38.46247100830078,0.9414970278739929,0.9913026690483093,0.0001424796209903434
39,0802.png#patch0004,39.70186996459961,0.9644913077354431,0.99539715051651,0.00010710571223171428
40,0802.png#patch0005,40.3122444152832,0.9593976140022278,0.9942466020584106,9.306264837505296e-05
41,0802.png#patch0006,42.5890998840332,0.9711822271347046,0.9961110949516296,5.509216134669259e-05
42,0802.png#patch0007,41.024658203125,0.960718035697937,0.9946798086166382,7.89830883149989e-05
43,0802.png#patch0008,38.918209075927734,0.9539978504180908,0.993662416934967,0.00012828591570723802
44,0802.png#patch0009,39.15473556518555,0.9543259143829346,0.9941554069519043,0.00012148599489592016
45,0802.png#patch0010,37.5050048828125,0.9483857750892639,0.9930640459060669,0.00017762304923962802
46,0802.png#patch0011,36.089576721191406,0.9343352317810059,0.990308403968811,0.0002460605464875698
47,0802.png#patch0012,39.28804397583008,0.9506692886352539,0.993005096912384,0.00011781357898144051
48,0802.png#patch0013,41.76235580444336,0.9687374234199524,0.9958640336990356,6.66444466332905e-05
49,0802.png#patch0014,39.0059814453125,0.9485313296318054,0.9918847680091858,0.000125719205243513
50,0802.png#patch0015,39.525386810302734,0.9534929990768433,0.9937973618507385,0.00011154788808198646
51,0802.png#patch0016,39.9550895690918,0.9558333158493042,0.9943424463272095,0.00010103944805450737
52,0802.png#patch0017,36.77970504760742,0.928679347038269,0.9887511730194092,0.00020990820485167205
53,0802.png#patch0018,37.11842727661133,0.9384977221488953,0.990509569644928,0.00019415892893448472
54,0802.png#patch0019,40.477577209472656,0.959781289100647,0.9945387244224548,8.958645048551261e-05
55,0802.png#patch0020,40.9862174987793,0.9723641276359558,0.9965484738349915,7.968528370838612e-05
56,0802.png#patch0021,38.09477615356445,0.9422986507415771,0.9913989901542664,0.00015506801719311625
57,0802.png#patch0022,38.37831497192383,0.9392147660255432,0.9900743365287781,0.00014526746235787868
58,0802.png#patch0023,36.617942810058594,0.9242832064628601,0.9878073334693909,0.00021787418518215418
59,0802.png#patch0024,36.801475524902344,0.9315645694732666,0.9900883436203003,0.00020885861886199564
60,0802.png#patch0025,38.3544807434082,0.9444223642349243,0.9914413094520569,0.00014606688637286425
61,0802.png#patch0026,38.659339904785156,0.9541860222816467,0.994251549243927,0.00013616506475955248
62,0802.png#patch0027,37.97515869140625,0.9470380544662476,0.9929169416427612,0.00015939849254209548
63,0802.png#patch0028,40.91952896118164,0.9636079668998718,0.9950211048126221,8.091827476164326e-05
64,0802.png#patch0029,39.705570220947266,0.9603619575500488,0.9945918917655945,0.0001070145663106814
65,0802.png#patch0030,37.936439514160156,0.9331688284873962,0.9892904758453369,0.00016082587535493076
66,0802.png#patch0031,37.871917724609375,0.9470773339271545,0.9926766157150269,0.00016323296586051583
67,0802.png#patch0032,35.92562484741211,0.9454909563064575,0.9922544360160828,0.0002555272076278925
68,0802.png#patch0033,38.283199310302734,0.9463444948196411,0.9924484491348267,0.00014848403225187212
69,0802.png#patch0034,38.86785125732422,0.9519587159156799,0.9932515025138855,0.00012978208542335778
70,0803.png#patch0000,52.62531280517578,0.9942777156829834,0.9990463256835938,5.46346791452379e-06
71,0803.png#patch0001,53.29180908203125,0.9950751066207886,0.9991954565048218,4.686176907853223e-06
72,0803.png#patch0002,43.75181198120117,0.9889845848083496,0.9977985620498657,4.2152063542744145e-05
73,0803.png#patch0003,42.474159240722656,0.9822266697883606,0.9963299036026001,5.656971552525647e-05
74,0803.png#patch0004,45.69773864746094,0.991687536239624,0.9986901879310608,2.692935049708467e-05
75,0803.png#patch0005,51.16956329345703,0.994528591632843,0.9990888833999634,7.639124305569567e-06
76,0803.png#patch0006,53.06328201293945,0.9948161840438843,0.9991592764854431,4.939367499900982e-06
77,0803.png#patch0007,49.14232635498047,0.9945184588432312,0.999101459980011,1.2183359103801195e-05
78,0803.png#patch0008,40.90561294555664,0.987247109413147,0.99812912940979,8.117798279272392e-05
79,0803.png#patch0009,34.995967864990234,0.9742422103881836,0.9961925745010376,0.0003165213274769485
80,0803.png#patch0010,34.67573547363281,0.9629904627799988,0.9936270713806152,0.00034074264112859964
81,0803.png#patch0011,36.88103485107422,0.9760568737983704,0.996150016784668,0.00020506732107605785
82,0803.png#patch0012,34.75323486328125,0.9796758890151978,0.9970830082893372,0.00033471593633294106
83,0803.png#patch0013,40.22379684448242,0.9888532757759094,0.9982933402061462,9.49773020693101e-05
84,0803.png#patch0014,45.033241271972656,0.9928451776504517,0.9988239407539368,3.1381630833493546e-05
85,0803.png#patch0015,37.24858856201172,0.9758814573287964,0.9960004091262817,0.00018842605641111732
86,0803.png#patch0016,38.92207717895508,0.9732092618942261,0.9954726696014404,0.0001281716104131192
87,0803.png#patch0017,40.11732864379883,0.9696618914604187,0.9935821890830994,9.733453043736517e-05
88,0803.png#patch0018,38.353111267089844,0.9741989970207214,0.9957400560379028,0.00014611295773647726
89,0803.png#patch0019,35.334774017333984,0.961631715297699,0.9936577677726746,0.00029276698478497565
90,0803.png#patch0020,39.469478607177734,0.9807097911834717,0.9969652891159058,0.0001129931551986374
91,0803.png#patch0021,53.52199935913086,0.9954294562339783,0.9992806315422058,4.444264959602151e-06
92,0803.png#patch0022,45.73879623413086,0.9914103150367737,0.9986421465873718,2.6675950721255504e-05
93,0803.png#patch0023,40.49803161621094,0.9727703928947449,0.9945451021194458,8.916544175008312e-05
94,0803.png#patch0024,36.59828567504883,0.9626637697219849,0.9943529963493347,0.0002188625803682953
95,0803.png#patch0025,37.61592483520508,0.9749186635017395,0.9960596561431885,0.0001731438678689301
96,0803.png#patch0026,41.441680908203125,0.9785176515579224,0.9963880181312561,7.175163773354143e-05
97,0803.png#patch0027,45.505828857421875,0.9877544641494751,0.9982607364654541,2.8146021577413194e-05
98,0803.png#patch0028,53.01951217651367,0.9950568675994873,0.999264657497406,4.9894033509190194e-06
99,0803.png#patch0029,43.093414306640625,0.9842883348464966,0.9971613883972168,4.905221430817619e-05
100,0803.png#patch0030,42.6304931640625,0.9818537831306458,0.9965989589691162,5.4569554777117446e-05
101,0803.png#patch0031,42.16769790649414,0.9751347303390503,0.9950023293495178,6.070575545891188e-05
102,0803.png#patch0032,39.35149002075195,0.9765504598617554,0.9959287047386169,0.00011610500223468989
103,0803.png#patch0033,44.63298797607422,0.987739622592926,0.9978532195091248,3.441129229031503e-05
104,0803.png#patch0034,49.908226013183594,0.9937888383865356,0.9990509748458862,1.0213560017291456e-05
105,0803.png#patch0035,52.7316780090332,0.9949687123298645,0.9992977976799011,5.331284683052218e-06
106,0803.png#patch0036,52.4810905456543,0.99435955286026,0.999140739440918,5.647948910336709e-06
107,0803.png#patch0037,49.30559539794922,0.9930244088172913,0.9989384412765503,1.1733842256944627e-05
108,0803.png#patch0038,38.88840103149414,0.9829481840133667,0.9974750280380249,0.00012916939158458263
109,0803.png#patch0039,44.126407623291016,0.9877420663833618,0.9979363083839417,3.866864790325053e-05
110,0803.png#patch0040,53.366790771484375,0.9955368041992188,0.9993664622306824,4.60596402263036e-06
111,0803.png#patch0041,53.16215515136719,0.9954003691673279,0.9993594288825989,4.828187684324803e-06
112,0804.png#patch0000,37.622528076171875,0.9738540649414062,0.9955868124961853,0.00017288090020883828
113,0804.png#patch0001,34.3910026550293,0.9527286291122437,0.9930678009986877,0.0003638309135567397
114,0804.png#patch0002,35.34040069580078,0.9621145129203796,0.994500458240509,0.00029238825663924217
115,0804.png#patch0003,35.22248840332031,0.9540232419967651,0.9932546615600586,0.0003004354366566986
116,0804.png#patch0004,35.30626678466797,0.9517048001289368,0.9922545552253723,0.000294695288175717
117,0804.png#patch0005,34.59294891357422,0.9461180567741394,0.9914690256118774,0.00034730008337646723
118,0804.png#patch0006,34.59489440917969,0.9533489942550659,0.9930630326271057,0.0003471446398179978
119,0804.png#patch0007,26.6079158782959,0.8379374742507935,0.9744822382926941,0.002183777280151844
120,0804.png#patch0008,30.593250274658203,0.9165714383125305,0.9879439473152161,0.0008723180508241057
121,0804.png#patch0009,24.210805892944336,0.7503973841667175,0.945530354976654,0.0037924458738416433
122,0804.png#patch0010,30.01861000061035,0.892349123954773,0.9846405982971191,0.0009957236470654607
123,0804.png#patch0011,29.802825927734375,0.8770681619644165,0.9829721450805664,0.0010464469669386744
124,0804.png#patch0012,26.784194946289062,0.8111094832420349,0.9722025990486145,0.0020969125907868147
125,0804.png#patch0013,27.761398315429688,0.7921515107154846,0.9644482731819153,0.0016744027379900217
126,0804.png#patch0014,31.799299240112305,0.8767304420471191,0.9823910593986511,0.0006607997929677367
127,0804.png#patch0015,31.39404296875,0.8682428002357483,0.9795801043510437,0.0007254299707710743
128,0804.png#patch0016,27.778120040893555,0.8053504228591919,0.9662601947784424,0.0016679685795679688
129,0804.png#patch0017,30.385406494140625,0.8694341778755188,0.9802494049072266,0.0009150805999524891
130,0804.png#patch0018,28.56845474243164,0.8086439371109009,0.9656409025192261,0.0013904469087719917
131,0804.png#patch0019,28.457794189453125,0.8444216847419739,0.9756634831428528,0.001426331582479179
132,0804.png#patch0020,28.564979553222656,0.8031994700431824,0.9702766537666321,0.0013915597228333354
133,0804.png#patch0021,33.88398742675781,0.8878450393676758,0.984921395778656,0.00040888501098379493
134,0804.png#patch0022,32.155067443847656,0.8638808727264404,0.981798529624939,0.0006088257650844753
135,0804.png#patch0023,31.610980987548828,0.8581640124320984,0.9807592630386353,0.0006900838925503194
136,0804.png#patch0024,34.426361083984375,0.9079321026802063,0.9884257316589355,0.0003608807746786624
137,0804.png#patch0025,35.57021713256836,0.8927696943283081,0.9871193170547485,0.00027731788577511907
138,0804.png#patch0026,31.811546325683594,0.8399684429168701,0.9760082364082336,0.000658939010463655
139,0804.png#patch0027,30.156383514404297,0.8287443518638611,0.9747816324234009,0.0009646315593272448
140,0805.png#patch0000,38.56026840209961,0.9088855385780334,0.9892851114273071,0.00013930709974374622
141,0805.png#patch0001,35.92840576171875,0.8495538830757141,0.9830030798912048,0.000255363731412217
142,0805.png#patch0002,31.473726272583008,0.8520888090133667,0.9794039726257324,0.0007122415117919445
143,0805.png#patch0003,25.958650588989258,0.7979098558425903,0.9669920802116394,0.0025359157007187605
144,0805.png#patch0004,25.250812530517578,0.838518500328064,0.9766285419464111,0.0029848231934010983
145,0805.png#patch0005,31.301416397094727,0.8643373847007751,0.9824059009552002,0.0007410680991597474
146,0805.png#patch0006,33.22429275512695,0.8717284202575684,0.9834149479866028,0.00047596023068763316
147,0805.png#patch0007,36.342803955078125,0.8760820031166077,0.9869611263275146,0.0002321236825082451
148,0805.png#patch0008,35.64404296875,0.85753333568573,0.984296441078186,0.0002726435486692935
149,0805.png#patch0009,31.251453399658203,0.8804819583892822,0.9809134006500244,0.0007496430771425366
150,0805.png#patch0010,25.269142150878906,0.8198007941246033,0.9711741209030151,0.002972252666950226
151,0805.png#patch0011,24.70001792907715,0.810187041759491,0.9702186584472656,0.0033884276635944843
152,0805.png#patch0012,29.706750869750977,0.8682346343994141,0.9822814464569092,0.0010698549449443817
153,0805.png#patch0013,35.11985778808594,0.8809868693351746,0.9850078821182251,0.00030761974630877376
154,0805.png#patch0014,35.552730560302734,0.840825080871582,0.9822261333465576,0.0002784368407446891
155,0805.png#patch0015,35.910186767578125,0.8635863065719604,0.984947919845581,0.0002564374590292573
156,0805.png#patch0016,33.00334167480469,0.8860664963722229,0.980659544467926,0.000500801601447165
157,0805.png#patch0017,29.712080001831055,0.8425269722938538,0.9737886190414429,0.0010685427114367485
158,0805.png#patch0018,32.197479248046875,0.8729634284973145,0.9812697172164917,0.0006029093055985868
159,0805.png#patch0019,32.72037887573242,0.868070662021637,0.9804341793060303,0.0005345172830857337
160,0805.png#patch0020,33.78620529174805,0.8782890439033508,0.9835326075553894,0.00041819558828137815
161,0805.png#patch0021,37.18048858642578,0.8802675008773804,0.9871158599853516,0.00019140407675877213
162,0805.png#patch0022,35.43765640258789,0.9071313142776489,0.9858893156051636,0.00028591317823156714
163,0805.png#patch0023,34.69984436035156,0.8939068913459778,0.9822641611099243,0.0003388563054613769
164,0805.png#patch0024,34.60762405395508,0.8887844085693359,0.9827316999435425,0.00034612862509675324
165,0805.png#patch0025,35.9063606262207,0.8843964338302612,0.9824882745742798,0.0002566634211689234
166,0805.png#patch0026,36.98812484741211,0.9020631909370422,0.985849142074585,0.0002000726235564798
167,0805.png#patch0027,36.085819244384766,0.9049589037895203,0.9861505627632141,0.00024627355742268264
168,0805.png#patch0028,34.31769943237305,0.8864468932151794,0.9834253787994385,0.0003700242377817631
169,0805.png#patch0029,31.46347999572754,0.8620702028274536,0.9773432016372681,0.0007139239460229874
170,0805.png#patch0030,34.369205474853516,0.8765233159065247,0.9838018417358398,0.000365661719115451
171,0805.png#patch0031,33.33567428588867,0.8640452027320862,0.9812071323394775,0.000463908480014652
172,0805.png#patch0032,36.227630615234375,0.8659349679946899,0.9819612503051758,0.00023836187028791755
173,0805.png#patch0033,36.206459045410156,0.884650707244873,0.9824455380439758,0.00023952675110194832
174,0805.png#patch0034,34.0318489074707,0.8747207522392273,0.9823011755943298,0.0003951982071157545
175,0805.png#patch0035,35.72603225708008,0.8674444556236267,0.9850340485572815,0.0002675450232345611
176,0805.png#patch0036,34.90897750854492,0.8863375186920166,0.9863941073417664,0.0003229253052268177
177,0805.png#patch0037,35.32756423950195,0.8849210739135742,0.9860706925392151,0.00029325360083021224
178,0805.png#patch0038,39.54817199707031,0.9346212148666382,0.9912353754043579,0.00011096418893430382
179,0805.png#patch0039,36.50962448120117,0.8650928735733032,0.9819021224975586,0.00022337645350489765
180,0805.png#patch0040,35.510047912597656,0.87709641456604,0.9823437929153442,0.0002811868616845459
181,0805.png#patch0041,32.19468307495117,0.8341938853263855,0.9756889939308167,0.0006032978417351842
182,0806.png#patch0000,52.031131744384766,0.9949694871902466,0.999396800994873,6.26450218987884e-06
183,0806.png#patch0001,42.26546096801758,0.9894462823867798,0.998555600643158,5.9354526456445456e-05
184,0806.png#patch0002,24.146818161010742,0.8373981714248657,0.9680783748626709,0.00384873547591269
185,0806.png#patch0003,35.52092742919922,0.9833570122718811,0.9979459047317505,0.00028048333479091525
186,0806.png#patch0004,52.7186164855957,0.9959390163421631,0.9995257258415222,5.347345904738177e-06
187,0806.png#patch0005,49.51856994628906,0.9945397973060608,0.9993234276771545,1.1172300219186582e-05
188,0806.png#patch0006,53.61513900756836,0.9953658580780029,0.9995046854019165,4.349967184680281e-06
189,0806.png#patch0007,44.05947494506836,0.9915120005607605,0.9987092614173889,3.926922727259807e-05
190,0806.png#patch0008,27.901926040649414,0.9127584099769592,0.9845789074897766,0.001621090341359377
191,0806.png#patch0009,26.73625946044922,0.7787028551101685,0.9588886499404907,0.0021201856434345245
192,0806.png#patch0010,25.343782424926758,0.7779217958450317,0.9601374864578247,0.0029216064140200615
193,0806.png#patch0011,36.591064453125,0.9808988571166992,0.9971824884414673,0.0002192265965277329
194,0806.png#patch0012,45.80992889404297,0.9911649227142334,0.9988149404525757,2.624262015160639e-05
195,0806.png#patch0013,50.906341552734375,0.9939267039299011,0.9992368221282959,8.116445314954035e-06
196,0806.png#patch0014,43.914798736572266,0.9898073077201843,0.998508095741272,4.059943967149593e-05
197,0806.png#patch0015,28.336620330810547,0.8563488125801086,0.975407063961029,0.0014666883507743478
198,0806.png#patch0016,25.571067810058594,0.7666205763816833,0.9564496874809265,0.0027726374100893736
199,0806.png#patch0017,27.258167266845703,0.8109952211380005,0.9614995718002319,0.001880108960904181
200,0806.png#patch0018,31.324630737304688,0.930190920829773,0.9864412546157837,0.0007371173123829067
201,0806.png#patch0019,50.8062744140625,0.993074893951416,0.9990476965904236,8.305625669891015e-06
202,0806.png#patch0020,47.505699157714844,0.9906136393547058,0.9986947774887085,1.7759468391886912e-05
203,0806.png#patch0021,29.72298240661621,0.8154190182685852,0.9679122567176819,0.0010658635292202234
204,0806.png#patch0022,30.8919620513916,0.8424689173698425,0.9737241864204407,0.0008143363520503044
205,0806.png#patch0023,30.989805221557617,0.8484899401664734,0.9749420881271362,0.0007961947121657431
206,0806.png#patch0024,41.02787780761719,0.958479642868042,0.9938560128211975,7.892452413216233e-05
207,0806.png#patch0025,39.30669403076172,0.9444594383239746,0.9920713901519775,0.00011730875121429563
208,0806.png#patch0026,44.193546295166016,0.9712663888931274,0.9960771799087524,3.807546818279661e-05
209,0806.png#patch0027,46.74168014526367,0.9841242432594299,0.9976460337638855,2.1175390429561958e-05
210,0806.png#patch0028,28.776309967041016,0.8888581991195679,0.9820960164070129,0.0013254669029265642
211,0806.png#patch0029,26.88833236694336,0.8270412087440491,0.9733547568321228,0.002047230489552021
212,0806.png#patch0030,27.278499603271484,0.8358786702156067,0.9758161306381226,0.0018713278695940971
213,0806.png#patch0031,32.37111282348633,0.8658135533332825,0.9790385365486145,0.0005792801384814084
214,0806.png#patch0032,34.36520004272461,0.86297607421875,0.9786180257797241,0.0003659988287836313
215,0806.png#patch0033,34.82221603393555,0.8760077357292175,0.9779289364814758,0.00032944121630862355
216,0806.png#patch0034,33.68781661987305,0.8507404923439026,0.9719817638397217,0.00042777779162861407
217,0807.png#patch0000,26.012975692749023,0.7165425419807434,0.9539321064949036,0.002504392061382532
218,0807.png#patch0001,22.1606388092041,0.6325309872627258,0.9342198967933655,0.00608045281842351
219,0807.png#patch0002,22.29529571533203,0.6077411770820618,0.9281532764434814,0.005894817411899567
220,0807.png#patch0003,23.25061798095703,0.6136277318000793,0.9314974546432495,0.004730838816612959
221,0807.png#patch0004,24.802047729492188,0.6793277859687805,0.9443308115005493,0.003309749998152256
222,0807.png#patch0005,21.903038024902344,0.5689389705657959,0.9167308807373047,0.006452024448662996
223,0807.png#patch0006,23.55425453186035,0.6095724105834961,0.9290464520454407,0.004411380738019943
224,0807.png#patch0007,28.84107780456543,0.6358399987220764,0.9349977374076843,0.0013058464974164963
225,0807.png#patch0008,21.421966552734375,0.6055328845977783,0.9274910092353821,0.007207809016108513
226,0807.png#patch0009,23.212081909179688,0.6091378331184387,0.9290860891342163,0.004773003980517387
227,0807.png#patch0010,24.465137481689453,0.6862994432449341,0.9430835843086243,0.003576729679480195
228,0807.png#patch0011,31.020095825195312,0.8269963264465332,0.9739682078361511,0.000790660735219717
229,0807.png#patch0012,22.313501358032227,0.6330752372741699,0.9286622405052185,0.005870158318430185
230,0807.png#patch0013,22.101957321166992,0.652999222278595,0.9374659657478333,0.006163171958178282
231,0807.png#patch0014,26.846675872802734,0.5105305314064026,0.8935016393661499,0.00206696055829525
232,0807.png#patch0015,21.68306541442871,0.5669536590576172,0.920345664024353,0.006787242367863655
233,0807.png#patch0016,22.251413345336914,0.5727638602256775,0.9221232533454895,0.005954681430011988
234,0807.png#patch0017,23.24425506591797,0.5652320981025696,0.9086363315582275,0.004737774841487408
235,0807.png#patch0018,31.183259963989258,0.7037944793701172,0.9491470456123352,0.0007615070790052414
236,0807.png#patch0019,20.806705474853516,0.5628913640975952,0.9140039682388306,0.008304804563522339
237,0807.png#patch0020,20.759862899780273,0.5804306268692017,0.9194331169128418,0.008394863456487656
238,0807.png#patch0021,26.46981430053711,0.7038493752479553,0.9189943671226501,0.0022543352097272873
239,0807.png#patch0022,21.799152374267578,0.6385489702224731,0.9317087531089783,0.006608221214264631
240,0807.png#patch0023,20.909290313720703,0.5824108123779297,0.9235415458679199,0.008110934868454933
241,0807.png#patch0024,20.85101890563965,0.5452429056167603,0.9094900488853455,0.008220499381422997
242,0807.png#patch0025,24.787517547607422,0.8309603333473206,0.9728409051895142,0.0033208418171852827
243,0807.png#patch0026,20.24276351928711,0.6629613041877747,0.9370015263557434,0.009456348605453968
244,0807.png#patch0027,20.001766204833984,0.6796072125434875,0.9408004879951477,0.009995934553444386
245,0808.png#patch0000,53.994049072265625,0.9956773519515991,0.9994249939918518,3.986530828115065e-06
246,0808.png#patch0001,54.1240234375,0.9957831501960754,0.9994328618049622,3.868985913868528e-06
247,0808.png#patch0002,54.08975601196289,0.9957576394081116,0.9994269609451294,3.899636794812977e-06
248,0808.png#patch0003,53.938987731933594,0.9956128597259521,0.9994104504585266,4.037393409817014e-06
249,0808.png#patch0004,53.94152069091797,0.995611310005188,0.9994268417358398,4.0350359995500185e-06
250,0808.png#patch0005,53.864418029785156,0.9955324530601501,0.9994215965270996,4.107313998247264e-06
251,0808.png#patch0006,53.66665267944336,0.9953218102455139,0.9993904829025269,4.298671683500288e-06
252,0808.png#patch0007,29.648962020874023,0.864986002445221,0.9778236150741577,0.0010841855546459556
253,0808.png#patch0008,33.68852233886719,0.8954314589500427,0.983171284198761,0.00042770805885083973
254,0808.png#patch0009,30.843711853027344,0.800650417804718,0.9658207297325134,0.0008234336273744702
255,0808.png#patch0010,30.91809844970703,0.8082309365272522,0.9671165943145752,0.0008094502845779061
256,0808.png#patch0011,29.446544647216797,0.9005493521690369,0.9844903945922852,0.001135914004407823
257,0808.png#patch0012,27.7932071685791,0.8649623990058899,0.9787920713424683,0.0016621836693957448
258,0808.png#patch0013,28.343656539916992,0.8606727719306946,0.9780406951904297,0.0014643135946244001
259,0808.png#patch0014,30.277502059936523,0.8227371573448181,0.9698944687843323,0.0009381009149365127
260,0808.png#patch0015,26.395793914794922,0.743597149848938,0.9574569463729858,0.0022930868435651064
261,0808.png#patch0016,23.801088333129883,0.6387638449668884,0.9361952543258667,0.004167648032307625
262,0808.png#patch0017,23.89512062072754,0.6318885087966919,0.9353916645050049,0.004078380763530731
263,0808.png#patch0018,22.79865074157715,0.6039085388183594,0.9296155571937561,0.005249702837318182
264,0808.png#patch0019,23.650009155273438,0.6622063517570496,0.9422805309295654,0.004315180238336325
265,0808.png#patch0020,23.841007232666016,0.7142630815505981,0.9519981741905212,0.004129516892135143
266,0808.png#patch0021,35.914833068847656,0.8480587005615234,0.9724639654159546,0.0002561631263233721
267,0808.png#patch0022,34.162322998046875,0.8964207768440247,0.9815444350242615,0.00038350210525095463
268,0808.png#patch0023,32.618629455566406,0.9123685359954834,0.9865849614143372,0.0005471886252053082
269,0808.png#patch0024,28.32388687133789,0.8270012736320496,0.9693261981010437,0.001470995252020657
270,0808.png#patch0025,27.396034240722656,0.8366578817367554,0.9751022458076477,0.0018213625298812985
271,0808.png#patch0026,27.843591690063477,0.8156547546386719,0.9701619148254395,0.0016430113464593887
272,0808.png#patch0027,28.698810577392578,0.828096330165863,0.9716092944145203,0.001349331927485764
273,0808.png#patch0028,34.191001892089844,0.7661009430885315,0.9604641795158386,0.00038097763899713755
274,0808.png#patch0029,28.553346633911133,0.8637306690216064,0.980292797088623,0.001395292580127716
275,0808.png#patch0030,28.231971740722656,0.9046364426612854,0.9845743775367737,0.0015024595195427537
276,0808.png#patch0031,32.64236068725586,0.9313304424285889,0.9899854063987732,0.0005442064139060676
277,0808.png#patch0032,45.254844665527344,0.9730368256568909,0.9962624311447144,2.9820530471624807e-05
278,0808.png#patch0033,48.15744400024414,0.9895824790000916,0.9984408617019653,1.528463872091379e-05
279,0808.png#patch0034,53.576759338378906,0.9958618879318237,0.9994505047798157,4.388577963254647e-06
280,0809.png#patch0000,46.43987274169922,0.9831270575523376,0.9980424642562866,2.2699297915096395e-05
281,0809.png#patch0001,46.70232391357422,0.9839759469032288,0.9981738924980164,2.1368170564528555e-05
282,0809.png#patch0002,35.41638946533203,0.8988699316978455,0.9808337092399597,0.0002873167395591736
283,0809.png#patch0003,36.72797393798828,0.9272456169128418,0.9867982268333435,0.0002124233142239973
284,0809.png#patch0004,37.521358489990234,0.9404802322387695,0.9897860288619995,0.00017695558199193329
285,0809.png#patch0005,46.316802978515625,0.9842172265052795,0.9982939958572388,2.3351738491328433e-05
286,0809.png#patch0006,46.49782943725586,0.9851710796356201,0.9983159899711609,2.2398409782908857e-05
287,0809.png#patch0007,45.92732620239258,0.9825464487075806,0.9978415966033936,2.5542731236782856e-05
288,0809.png#patch0008,37.74425506591797,0.9394646286964417,0.9896766543388367,0.00016810254601296037
289,0809.png#patch0009,35.073402404785156,0.911100447177887,0.9853689074516296,0.0003109279787167907
290,0809.png#patch0010,38.35323715209961,0.9471021890640259,0.9907312393188477,0.0001461086649214849
291,0809.png#patch0011,37.683738708496094,0.9376949071884155,0.9894618391990662,0.00017046138236764818
292,0809.png#patch0012,43.96921920776367,0.9792357087135315,0.9974337816238403,4.009386248071678e-05
293,0809.png#patch0013,44.858642578125,0.9797866344451904,0.9974682331085205,3.266897329012863e-05
294,0809.png#patch0014,38.82500457763672,0.9535568952560425,0.9925500154495239,0.00013106886763125658
295,0809.png#patch0015,33.21902084350586,0.8678443431854248,0.9744848608970642,0.0004765380872413516
296,0809.png#patch0016,34.37673568725586,0.9069951772689819,0.983425498008728,0.00036502801231108606
297,0809.png#patch0017,37.0368766784668,0.9386745095252991,0.988910436630249,0.0001978392101591453
298,0809.png#patch0018,38.33929443359375,0.9511948823928833,0.9917590618133545,0.00014657854626420885
299,0809.png#patch0019,41.1191520690918,0.9695757627487183,0.9954265356063843,7.728316268185154e-05
300,0809.png#patch0020,42.42748260498047,0.9761996269226074,0.9968069791793823,5.718099419027567e-05
301,0809.png#patch0021,37.05337142944336,0.92659991979599,0.9863168001174927,0.00019708908803295344
302,0809.png#patch0022,34.850555419921875,0.9021095633506775,0.9809394478797913,0.0003272987378295511
303,0809.png#patch0023,35.728275299072266,0.9126430153846741,0.9830012917518616,0.0002674066636245698
304,0809.png#patch0024,36.665218353271484,0.9449462890625,0.9904213547706604,0.00021551517420448363
305,0809.png#patch0025,39.30512237548828,0.9610968828201294,0.9935523867607117,0.00011735117732314393
306,0809.png#patch0026,34.763126373291016,0.9271783828735352,0.9888094067573547,0.00033395428908988833
307,0809.png#patch0027,35.040462493896484,0.936137318611145,0.9901266694068909,0.00031329505145549774
308,0809.png#patch0028,40.71208572387695,0.9569754600524902,0.9922451972961426,8.487722516292706e-05
309,0809.png#patch0029,38.213401794433594,0.944365918636322,0.9899444580078125,0.00015088966756593436
310,0809.png#patch0030,37.279212951660156,0.9258660674095154,0.98623126745224,0.00018710207950789481
311,0809.png#patch0031,37.97609329223633,0.9335451126098633,0.987903892993927,0.00015936412091832608
312,0809.png#patch0032,35.46436309814453,0.9296584129333496,0.9875919222831726,0.00028416028362698853
313,0809.png#patch0033,32.83106231689453,0.9049104452133179,0.9841076731681824,0.000521067064255476
314,0809.png#patch0034,32.669551849365234,0.9071518182754517,0.9847147464752197,0.0005408099968917668
315,0810.png#patch0000,45.79252624511719,0.97281414270401,0.9960822463035583,2.6347977836849168e-05
316,0810.png#patch0001,42.59539794921875,0.9695255160331726,0.9956256747245789,5.501234045368619e-05
317,0810.png#patch0002,45.929386138916016,0.9742811918258667,0.9962247610092163,2.5530607672408223e-05
318,0810.png#patch0003,45.41718292236328,0.9705846905708313,0.9956479072570801,2.872641744033899e-05
319,0810.png#patch0004,45.23187255859375,0.9690371751785278,0.9952915906906128,2.997870251419954e-05
320,0810.png#patch0005,35.55487060546875,0.9400299787521362,0.990023136138916,0.00027829979080706835
321,0810.png#patch0006,32.87044906616211,0.9139600992202759,0.9855297803878784,0.0005163627793081105
322,0810.png#patch0007,44.60594940185547,0.9709737300872803,0.9957946538925171,3.46262204402592e-05
323,0810.png#patch0008,30.621267318725586,0.8448728322982788,0.970708429813385,0.0008667090442031622
324,0810.png#patch0009,27.308805465698242,0.8121631741523743,0.9643242359161377,0.0018583156634122133
325,0810.png#patch0010,26.613224029541016,0.835677981376648,0.9681568145751953,0.0021811090409755707
326,0810.png#patch0011,27.687950134277344,0.8592554330825806,0.9719386696815491,0.001702961977571249
327,0810.png#patch0012,24.805374145507812,0.7309360504150391,0.9469974637031555,0.0033072142396122217
328,0810.png#patch0013,24.755796432495117,0.7399875521659851,0.9527348875999451,0.0033451863564550877
329,0810.png#patch0014,38.36161422729492,0.952139675617218,0.9928236603736877,0.00014582705625798553
330,0810.png#patch0015,33.446624755859375,0.8792575001716614,0.97993004322052,0.0004522071685642004
331,0810.png#patch0016,26.25564956665039,0.7431511878967285,0.9523149728775024,0.002368289977312088
332,0810.png#patch0017,24.812036514282227,0.7445507645606995,0.9549064040184021,0.0033021450508385897
333,0810.png#patch0018,24.092405319213867,0.7206096053123474,0.9464327692985535,0.0038972594775259495
334,0810.png#patch0019,26.819297790527344,0.7814537286758423,0.9590858221054077,0.00208003306761384
335,0810.png#patch0020,28.067668914794922,0.8113458156585693,0.9652605056762695,0.0015603890642523766
336,0810.png#patch0021,42.7432746887207,0.9695916175842285,0.9955999851226807,5.3170722821960226e-05
337,0810.png#patch0022,32.73310852050781,0.9080613851547241,0.9853214025497437,0.000532953068614006
338,0810.png#patch0023,33.611846923828125,0.8894278407096863,0.980571985244751,0.0004353264521341771
339,0810.png#patch0024,25.534385681152344,0.7416077852249146,0.9468750953674316,0.0027961558662354946
340,0810.png#patch0025,26.614572525024414,0.7245394587516785,0.9433256387710571,0.002180432667955756
341,0810.png#patch0026,32.06638717651367,0.8661012053489685,0.9751290082931519,0.0006213852902874351
342,0810.png#patch0027,27.328670501708984,0.8009529113769531,0.962445080280304,0.0018498338758945465
343,0810.png#patch0028,37.95109176635742,0.9534310698509216,0.9927172660827637,0.00016028406389523298
344,0810.png#patch0029,34.10568618774414,0.9218912124633789,0.9860711097717285,0.0003885359037667513
345,0810.png#patch0030,31.925128936767578,0.8936328887939453,0.9818834066390991,0.0006419291021302342
346,0810.png#patch0031,30.573684692382812,0.8275384902954102,0.9684854745864868,0.000876257021445781
347,0810.png#patch0032,28.9727840423584,0.7820536494255066,0.9555078744888306,0.001266839331947267
348,0810.png#patch0033,31.674917221069336,0.859636664390564,0.9734383821487427,0.000679998891428113
349,0810.png#patch0034,41.51361846923828,0.9649969935417175,0.9947999715805054,7.057291804812849e-05
350,0810.png#patch0035,34.27873229980469,0.9218003749847412,0.9879024028778076,0.0003733588964678347
351,0810.png#patch0036,33.53150177001953,0.9136126637458801,0.9862253069877625,0.00044345506466925144
352,0810.png#patch0037,33.493953704833984,0.9158716201782227,0.9860783219337463,0.00044730582158081234
353,0810.png#patch0038,34.053321838378906,0.9244474172592163,0.9882275462150574,0.00039324918179772794
354,0810.png#patch0039,37.92692565917969,0.9655237793922424,0.995529055595398,0.00016117857012432069
355,0810.png#patch0040,45.418922424316406,0.978683352470398,0.9974637627601624,2.8714917789329775e-05
356,0810.png#patch0041,45.10844802856445,0.9760014414787292,0.9970489144325256,3.084287891397253e-05
357,0811.png#patch0000,36.12812805175781,0.8978607058525085,0.9819717407226562,0.00024388596648350358
358,0811.png#patch0001,32.449832916259766,0.8771464228630066,0.9796168804168701,0.0005688746459782124
359,0811.png#patch0002,29.933509826660156,0.8367744088172913,0.971960186958313,0.0010154276387766004
360,0811.png#patch0003,30.257535934448242,0.8433203101158142,0.9721311330795288,0.0009424238814972341
361,0811.png#patch0004,30.781871795654297,0.8555735945701599,0.9765599966049194,0.0008352426812052727
362,0811.png#patch0005,32.410953521728516,0.8769125938415527,0.980134129524231,0.000573990517295897
363,0811.png#patch0006,33.2616081237793,0.899662971496582,0.9846286773681641,0.0004718882264569402
364,0811.png#patch0007,33.742916107177734,0.8781740665435791,0.9802924394607544,0.0004223849391564727
365,0811.png#patch0008,35.26420211791992,0.9064914584159851,0.9851595759391785,0.0002975634706672281
366,0811.png#patch0009,32.99867630004883,0.8652417063713074,0.9771102070808411,0.00050133973127231
367,0811.png#patch0010,27.96643829345703,0.7651509642601013,0.9579026103019714,0.0015971879474818707
368,0811.png#patch0011,27.859424591064453,0.8054715394973755,0.9660993218421936,0.0016370333032682538
369,0811.png#patch0012,28.072656631469727,0.8299745917320251,0.9693671464920044,0.0015585985966026783
370,0811.png#patch0013,30.2353515625,0.8880941271781921,0.980536162853241,0.0009472501697018743
371,0811.png#patch0014,32.63599395751953,0.8617901802062988,0.9794251918792725,0.0005450050812214613
372,0811.png#patch0015,30.082984924316406,0.8210031390190125,0.9722170233726501,0.0009810731280595064
373,0811.png#patch0016,29.125072479248047,0.812820553779602,0.9691221117973328,0.0012231862638145685
374,0811.png#patch0017,32.06256103515625,0.8962821960449219,0.9828961491584778,0.0006219330825842917
375,0811.png#patch0018,35.246368408203125,0.9066290855407715,0.9847924113273621,0.0002987878688145429
376,0811.png#patch0019,34.37771224975586,0.8806234002113342,0.9786361455917358,0.000364945997716859
377,0811.png#patch0020,34.109371185302734,0.8809282779693604,0.9782401323318481,0.0003882064193021506
378,0811.png#patch0021,33.88068389892578,0.865118682384491,0.9792776107788086,0.00040919610182754695
379,0811.png#patch0022,32.6881103515625,0.8415294289588928,0.97689288854599,0.0005385038093663752
380,0811.png#patch0023,30.16912841796875,0.8244204521179199,0.9749671220779419,0.0009618053445592523
381,0811.png#patch0024,28.723318099975586,0.7884669899940491,0.9689434766769409,0.0013417390873655677
382,0811.png#patch0025,30.349470138549805,0.8405186533927917,0.9765174984931946,0.000922683859243989
383,0811.png#patch0026,32.740753173828125,0.8673854470252991,0.9810988306999207,0.0005320159834809601
384,0811.png#patch0027,38.5367431640625,0.9499562382698059,0.992479681968689,0.0001400637556798756
385,0811.png#patch0028,38.154361724853516,0.9218578934669495,0.9893739223480225,0.00015295497723855078
386,0811.png#patch0029,36.562232971191406,0.9107774496078491,0.9882221817970276,0.00022068685211706907
387,0811.png#patch0030,32.80482482910156,0.8499472737312317,0.9775193929672241,0.0005242247134447098
388,0811.png#patch0031,34.08017349243164,0.8706283569335938,0.9817169308662415,0.0003908251819666475
389,0811.png#patch0032,38.32439041137695,0.9403997659683228,0.991304337978363,0.0001470824354328215
390,0811.png#patch0033,38.35690689086914,0.9609320759773254,0.9949346780776978,0.00014598526468034834
391,0811.png#patch0034,41.266300201416016,0.9685895442962646,0.9954286217689514,7.470845594070852e-05
392,0812.png#patch0000,47.137115478515625,0.9796065092086792,0.9974405765533447,1.933250496222172e-05
393,0812.png#patch0001,47.539146423339844,0.9811925292015076,0.9976741671562195,1.762321699061431e-05
394,0812.png#patch0002,44.26504135131836,0.9814810156822205,0.9976972937583923,3.745379581232555e-05
395,0812.png#patch0003,31.80748748779297,0.9370740652084351,0.9900739789009094,0.0006595552549697459
396,0812.png#patch0004,32.735042572021484,0.9410222768783569,0.9903920888900757,0.0005327159306034446
397,0812.png#patch0005,47.52582550048828,0.9827760457992554,0.9978250861167908,1.7677366486168467e-05
398,0812.png#patch0006,47.36228942871094,0.9808253049850464,0.9975520372390747,1.835568946262356e-05
399,0812.png#patch0007,47.65159225463867,0.9818289875984192,0.9976948499679565,1.7172769730677828e-05
400,0812.png#patch0008,35.24406051635742,0.9692199230194092,0.994891345500946,0.0002989468921441585
401,0812.png#patch0009,28.10038948059082,0.8638493418693542,0.9752489328384399,0.001548676984384656
402,0812.png#patch0010,28.57231903076172,0.8661118149757385,0.9772161245346069,0.0013892102288082242
403,0812.png#patch0011,28.120471954345703,0.8594954609870911,0.9765229225158691,0.0015415323432534933
404,0812.png#patch0012,28.692657470703125,0.8829999566078186,0.9794514179229736,0.0013512446312233806
405,0812.png#patch0013,37.894630432128906,0.9852596521377563,0.9979977607727051,0.00016238166426774114
406,0812.png#patch0014,29.08012580871582,0.8736222386360168,0.977959394454956,0.0012359111569821835
407,0812.png#patch0015,29.469860076904297,0.8843331933021545,0.9801371693611145,0.0011298316530883312
408,0812.png#patch0016,28.169572830200195,0.854934811592102,0.9788731336593628,0.0015242018271237612
409,0812.png#patch0017,30.216232299804688,0.8966344594955444,0.9827728867530823,0.0009514298872090876
410,0812.png#patch0018,29.50087547302246,0.8686748743057251,0.9786524176597595,0.001121792010962963
411,0812.png#patch0019,28.290864944458008,0.8588727116584778,0.977473795413971,0.0014822222292423248
412,0812.png#patch0020,29.628326416015625,0.8948745131492615,0.9799930453300476,0.001089349272660911
413,0812.png#patch0021,27.623645782470703,0.8360099196434021,0.9726848006248474,0.0017283638007938862
414,0812.png#patch0022,27.685792922973633,0.8363530039787292,0.9726802706718445,0.0017038072692230344
415,0812.png#patch0023,33.795310974121094,0.9132192134857178,0.9842142462730408,0.0004173195338808
416,0812.png#patch0024,33.17542266845703,0.91438889503479,0.9870140552520752,0.0004813463892787695
417,0812.png#patch0025,35.91252136230469,0.9069969058036804,0.9844714999198914,0.00025629939045757055
418,0812.png#patch0026,33.11445236206055,0.8918852806091309,0.9810935854911804,0.0004881513013970107
419,0812.png#patch0027,29.604955673217773,0.8750718832015991,0.9795696139335632,0.0010952274315059185
420,0812.png#patch0028,28.76597785949707,0.8051285743713379,0.9571385979652405,0.0013286242028698325
421,0812.png#patch0029,28.59153175354004,0.8218825459480286,0.9658759832382202,0.0013830781681463122
422,0812.png#patch0030,30.18937873840332,0.8680841326713562,0.9792550802230835,0.000957330921664834
423,0812.png#patch0031,29.579914093017578,0.8876020908355713,0.9793527126312256,0.0011015611235052347
424,0812.png#patch0032,30.165191650390625,0.9010211229324341,0.9823827147483826,0.0009626775281503797
425,0812.png#patch0033,28.88468360900879,0.8818274140357971,0.977661669254303,0.001292800297960639
426,0812.png#patch0034,30.450368881225586,0.8744833469390869,0.9777968525886536,0.0009014941169880331
427,0812.png#patch0035,30.193058013916016,0.7584894895553589,0.9604675769805908,0.0009565197979100049
428,0812.png#patch0036,28.189435958862305,0.7547435760498047,0.9611201882362366,0.0015172470593824983
429,0812.png#patch0037,28.190401077270508,0.7709097266197205,0.9644747376441956,0.0015169100370258093
430,0812.png#patch0038,27.66617202758789,0.769692599773407,0.9625999927520752,0.0017115231603384018
431,0812.png#patch0039,29.062538146972656,0.7958201766014099,0.9659860134124756,0.001240926911123097
432,0812.png#patch0040,27.9982967376709,0.7697434425354004,0.9617004990577698,0.0015855145175009966
433,0812.png#patch0041,28.13702392578125,0.7449902296066284,0.9572175145149231,0.001535668852739036
434,0813.png#patch0000,52.45012283325195,0.9970083832740784,0.9995152950286865,5.688368673872901e-06
435,0813.png#patch0001,40.93647003173828,0.9920814633369446,0.9986809492111206,8.060329128056765e-05
436,0813.png#patch0002,35.93669891357422,0.9789049029350281,0.9967091083526611,0.00025487670791335404
437,0813.png#patch0003,35.23659133911133,0.9569105505943298,0.9937155246734619,0.0002994612732436508
438,0813.png#patch0004,40.439903259277344,0.98415607213974,0.9974101185798645,9.036692063091323e-05
439,0813.png#patch0005,41.54452133178711,0.9942620396614075,0.998426079750061,7.007251406321302e-05
440,0813.png#patch0006,37.877254486083984,0.9464437365531921,0.9928077459335327,0.00016303265874739736
441,0813.png#patch0007,43.86519241333008,0.9866669774055481,0.9980227947235107,4.106581400264986e-05
442,0813.png#patch0008,37.92137145996094,0.9836048483848572,0.9972303509712219,0.00016138475621119142
443,0813.png#patch0009,28.05416488647461,0.8807676434516907,0.9817351698875427,0.0015652483562007546
444,0813.png#patch0010,26.117504119873047,0.8275867700576782,0.9711438417434692,0.002444835379719734
445,0813.png#patch0011,31.477863311767578,0.9296000599861145,0.9884645342826843,0.0007115632179193199
446,0813.png#patch0012,40.321998596191406,0.9817444682121277,0.9973148107528687,9.28538793232292e-05
447,0813.png#patch0013,37.60725402832031,0.9742889404296875,0.9970609545707703,0.00017348997062072158
448,0813.png#patch0014,39.281558990478516,0.9427276849746704,0.9930394291877747,0.00011798970808740705
449,0813.png#patch0015,35.47926330566406,0.9454987645149231,0.9934273362159729,0.0002831868769135326
450,0813.png#patch0016,31.10794448852539,0.8688074946403503,0.9824565052986145,0.0007748281350359321
451,0813.png#patch0017,27.29222869873047,0.8447325825691223,0.976614236831665,0.0018654216546565294
452,0813.png#patch0018,34.181461334228516,0.9411553740501404,0.9918155074119568,0.0003818157420028001
453,0813.png#patch0019,31.935245513916016,0.9081505537033081,0.9866281151771545,0.0006404353189282119
454,0813.png#patch0020,34.77277374267578,0.9372110962867737,0.9923132061958313,0.000333213567500934
455,0813.png#patch0021,38.15380859375,0.9158089756965637,0.9911004304885864,0.0001529744768049568
456,0813.png#patch0022,37.77348327636719,0.8898375034332275,0.9866465926170349,0.00016697503451723605
457,0813.png#patch0023,33.18890380859375,0.8928569555282593,0.9872156977653503,0.0004798544687218964
458,0813.png#patch0024,32.674346923828125,0.9103281497955322,0.9891256093978882,0.0005402128444984555
459,0813.png#patch0025,31.6231746673584,0.866944432258606,0.9823419451713562,0.0006881487206555903
460,0813.png#patch0026,34.43522644042969,0.8611612915992737,0.9815996885299683,0.0003601448843255639
461,0813.png#patch0027,38.197784423828125,0.9257611036300659,0.9906689524650574,0.0001514332980150357
462,0813.png#patch0028,38.30301284790039,0.9133486151695251,0.9908598065376282,0.00014780822675675154
463,0813.png#patch0029,38.195396423339844,0.9001306295394897,0.9892297983169556,0.00015151663683354855
464,0813.png#patch0030,35.80927276611328,0.9250112771987915,0.9909496903419495,0.00026246588095091283
465,0813.png#patch0031,32.27973937988281,0.9109429717063904,0.9884523749351501,0.0005915967631153762
466,0813.png#patch0032,30.798297882080078,0.8680135607719421,0.9817135334014893,0.000832089688628912
467,0813.png#patch0033,33.35517883300781,0.8782181739807129,0.9842885136604309,0.00046182976802811027
468,0813.png#patch0034,37.50423812866211,0.9274663925170898,0.9909963011741638,0.0001776543795131147
469,0814.png#patch0000,56.66594696044922,0.9976696968078613,0.9996987581253052,2.1547891719819745e-06
470,0814.png#patch0001,56.82731628417969,0.9979918599128723,0.9997223019599915,2.076196324196644e-06
471,0814.png#patch0002,57.49283218383789,0.9980735182762146,0.9997500777244568,1.7812157011576346e-06
472,0814.png#patch0003,49.096004486083984,0.9975375533103943,0.9994933605194092,1.2314010746194981e-05
473,0814.png#patch0004,57.5447998046875,0.9980635643005371,0.9997462630271912,1.7600294768271851e-06
474,0814.png#patch0005,56.80443572998047,0.9977471232414246,0.9997107982635498,2.087161874442245e-06
475,0814.png#patch0006,56.46257400512695,0.9975627064704895,0.9996939301490784,2.2580945824302034e-06
476,0814.png#patch0007,56.62208938598633,0.9976137280464172,0.9996953010559082,2.176660245822859e-06
477,0814.png#patch0008,56.79340362548828,0.9977149367332458,0.9997100234031677,2.092470822390169e-06
478,0814.png#patch0009,56.56052780151367,0.9976012706756592,0.999699056148529,2.207735633419361e-06
479,0814.png#patch0010,55.542598724365234,0.9969592094421387,0.999631941318512,2.790869984892197e-06
480,0814.png#patch0011,55.19590377807617,0.996738612651825,0.9996001124382019,3.0228018204070395e-06
481,0814.png#patch0012,55.249515533447266,0.9967631101608276,0.9996030926704407,2.985712853842415e-06
482,0814.png#patch0013,55.00092315673828,0.996600329875946,0.9995934367179871,3.161603899570764e-06
483,0814.png#patch0014,54.58366012573242,0.9961901307106018,0.9995289444923401,3.4804384085873608e-06
484,0814.png#patch0015,54.684322357177734,0.9962668418884277,0.9995405673980713,3.400695732125314e-06
485,0814.png#patch0016,54.483238220214844,0.9960830211639404,0.9995156526565552,3.5618522815639153e-06
486,0814.png#patch0017,31.152917861938477,0.936572253704071,0.9895225167274475,0.0007668457692489028
487,0814.png#patch0018,29.606761932373047,0.9044890999794006,0.9846110939979553,0.0010947718983516097
488,0814.png#patch0019,30.728023529052734,0.9298952221870422,0.9888135194778442,0.0008456631330773234
489,0814.png#patch0020,48.84265899658203,0.9947490096092224,0.999309778213501,1.3053709153609816e-05
490,0814.png#patch0021,31.679105758666992,0.9404082298278809,0.9900071620941162,0.0006793432403355837
491,0814.png#patch0022,26.76344108581543,0.8305750489234924,0.9704627990722656,0.0021069569047540426
492,0814.png#patch0023,24.049470901489258,0.7638975381851196,0.9510352611541748,0.003935978747904301
493,0814.png#patch0024,27.218231201171875,0.8448586463928223,0.9705533981323242,0.0018974782433360815
494,0814.png#patch0025,26.592927932739258,0.8329548239707947,0.9711256623268127,0.0021913270466029644
495,0814.png#patch0026,28.165374755859375,0.8887645602226257,0.980976939201355,0.001525675761513412
496,0814.png#patch0027,26.693679809570312,0.8556573390960693,0.9705162048339844,0.0021410752087831497
497,0814.png#patch0028,31.790254592895508,0.9355407357215881,0.9881764650344849,0.0006621775683015585
498,0814.png#patch0029,27.493955612182617,0.8542785048484802,0.9733993411064148,0.0017807551193982363
499,0814.png#patch0030,26.329051971435547,0.8418020009994507,0.9750925898551941,0.002328599337488413
500,0814.png#patch0031,26.417831420898438,0.8178767561912537,0.9692844152450562,0.0022814814001321793
501,0814.png#patch0032,26.205245971679688,0.8067110776901245,0.9696876406669617,0.0023959362879395485
502,0814.png#patch0033,28.350902557373047,0.8837924599647522,0.9780622720718384,0.0014618722489103675
503,0814.png#patch0034,28.09307861328125,0.8472040295600891,0.9718087315559387,0.001551286200992763
504,0815.png#patch0000,43.443416595458984,0.9746528267860413,0.9972377419471741,4.525413896772079e-05
505,0815.png#patch0001,44.657535552978516,0.9705900549888611,0.997045636177063,3.421734436415136e-05
506,0815.png#patch0002,43.890377044677734,0.9663013219833374,0.9963549971580505,4.082835221197456e-05
507,0815.png#patch0003,43.83474349975586,0.9715291261672974,0.9970531463623047,4.135478593525477e-05
508,0815.png#patch0004,43.67466354370117,0.9697895646095276,0.9969220757484436,4.290751166990958e-05
509,0815.png#patch0005,35.184410095214844,0.9433541893959045,0.9916028380393982,0.00030308120767585933
510,0815.png#patch0006,45.281227111816406,0.9714945554733276,0.996975839138031,2.963992301374674e-05
511,0815.png#patch0007,44.80323028564453,0.9707587361335754,0.9970992207527161,3.3088497730204836e-05
512,0815.png#patch0008,44.49842834472656,0.9678612947463989,0.9969179630279541,3.549416214809753e-05
513,0815.png#patch0009,44.46247100830078,0.9656850099563599,0.9963622093200684,3.578927498892881e-05
514,0815.png#patch0010,43.21710205078125,0.9690372347831726,0.9967580437660217,4.767486825585365e-05
515,0815.png#patch0011,42.54833984375,0.9675287008285522,0.9966697692871094,5.561165016843006e-05
516,0815.png#patch0012,43.92501449584961,0.9766798615455627,0.9976843595504761,4.050401912536472e-05
517,0815.png#patch0013,43.826107025146484,0.9656673669815063,0.9964876770973206,4.1437098843744025e-05
518,0815.png#patch0014,44.545928955078125,0.9689469337463379,0.9968317747116089,3.510805981932208e-05
519,0815.png#patch0015,43.968109130859375,0.9701387286186218,0.9971945285797119,4.0104088839143515e-05
520,0815.png#patch0016,36.3358268737793,0.9338582754135132,0.9902094006538391,0.00023249686637427658
521,0815.png#patch0017,34.060340881347656,0.893280565738678,0.9805099368095398,0.00039261416532099247
522,0815.png#patch0018,30.565950393676758,0.7946878671646118,0.9631041288375854,0.0008778185583651066
523,0815.png#patch0019,35.59098434448242,0.9277316331863403,0.9903736114501953,0.0002759951166808605
524,0815.png#patch0020,44.19203567504883,0.9654746055603027,0.9966643452644348,3.808872861554846e-05
525,0815.png#patch0021,42.68952178955078,0.9730093479156494,0.9973260760307312,5.383287134463899e-05
526,0815.png#patch0022,42.69752502441406,0.9685682654380798,0.9967918992042542,5.373378735384904e-05
527,0815.png#patch0023,43.53389358520508,0.968819260597229,0.9970006942749023,4.4321088353171945e-05
528,0815.png#patch0024,38.8670539855957,0.949159562587738,0.9942930340766907,0.00012980590690858662
529,0815.png#patch0025,41.34172058105469,0.9683083891868591,0.9966499209403992,7.342224853346124e-05
530,0815.png#patch0026,39.2098503112793,0.9586237072944641,0.9951446056365967,0.00011995404202025384
531,0815.png#patch0027,44.23577880859375,0.9711077809333801,0.9972324371337891,3.770698458538391e-05
532,0815.png#patch0028,32.676700592041016,0.9437550902366638,0.9923946261405945,0.0005399202927947044
533,0815.png#patch0029,34.877960205078125,0.9477202296257019,0.9930613040924072,0.0003252399619668722
534,0815.png#patch0030,32.74823760986328,0.9436740875244141,0.9923165440559387,0.0005310996784828603
535,0815.png#patch0031,34.336341857910156,0.9407692551612854,0.9926634430885315,0.0003684390976559371
536,0815.png#patch0032,38.031349182128906,0.9632924199104309,0.9953229427337646,0.00015734943735878915
537,0815.png#patch0033,35.61859130859375,0.940279483795166,0.9915920495986938,0.0002742462675087154
538,0815.png#patch0034,42.046165466308594,0.9688500761985779,0.9966598749160767,6.242856034077704e-05
539,0816.png#patch0000,33.209842681884766,0.8817655444145203,0.9789221286773682,0.00047754638944752514
540,0816.png#patch0001,32.67188262939453,0.8861415982246399,0.9811916351318359,0.0005405198317021132
541,0816.png#patch0002,37.710025787353516,0.9783197045326233,0.9969467520713806,0.00016943275113590062
542,0816.png#patch0003,34.900997161865234,0.9030961990356445,0.9839140176773071,0.0003235192853026092
543,0816.png#patch0004,35.40188980102539,0.9464894533157349,0.9921145439147949,0.00028827774804085493
544,0816.png#patch0005,44.73176956176758,0.9886464476585388,0.9983419179916382,3.3637432352406904e-05
545,0816.png#patch0006,39.05870056152344,0.9746280908584595,0.9955617189407349,0.00012420232815202326
546,0816.png#patch0007,34.8657341003418,0.9375736713409424,0.9896316528320312,0.00032615679083392024
547,0816.png#patch0008,33.22123718261719,0.9085811972618103,0.9849082231521606,0.0004762950411532074
548,0816.png#patch0009,32.721553802490234,0.8862048983573914,0.981807291507721,0.000534373102709651
549,0816.png#patch0010,34.45615005493164,0.9113903641700745,0.9872338771820068,0.00035841407952830195
550,0816.png#patch0011,34.10419845581055,0.9090135097503662,0.9860073924064636,0.0003886690246872604
551,0816.png#patch0012,32.01847457885742,0.8662934899330139,0.9803469181060791,0.0006282789399847388
552,0816.png#patch0013,33.05857849121094,0.8740395307540894,0.98009192943573,0.0004944722168147564
553,0816.png#patch0014,34.2317008972168,0.9001686573028564,0.9850701689720154,0.00037742420681752264
554,0816.png#patch0015,32.38554763793945,0.8792014122009277,0.9827834367752075,0.0005773576558567584
555,0816.png#patch0016,31.6579532623291,0.8571557998657227,0.9791589975357056,0.0006826601456850767
556,0816.png#patch0017,35.238616943359375,0.9107308387756348,0.9873442053794861,0.00029932166216894984
557,0816.png#patch0018,33.954010009765625,0.8918766379356384,0.9841549396514893,0.0004023451474495232
558,0816.png#patch0019,34.68413162231445,0.8998615741729736,0.9857165217399597,0.0003400843415874988
559,0816.png#patch0020,33.55339431762695,0.8668437004089355,0.9800392985343933,0.0004412251873873174
560,0816.png#patch0021,36.601295471191406,0.9345179796218872,0.9896504282951355,0.00021871076023671776
561,0816.png#patch0022,32.77557373046875,0.8763811588287354,0.9806206226348877,0.0005277671734802425
562,0816.png#patch0023,32.4648323059082,0.8617292046546936,0.9768400192260742,0.0005669131060130894
563,0816.png#patch0024,33.51144027709961,0.8792354464530945,0.9822244644165039,0.00044550831080414355
564,0816.png#patch0025,33.79619216918945,0.8760362267494202,0.9797474145889282,0.00041723489994183183
565,0816.png#patch0026,35.07466125488281,0.8952440619468689,0.985162615776062,0.00031083766953088343
566,0816.png#patch0027,34.0694694519043,0.8679713606834412,0.9796047806739807,0.0003917895082850009
567,0816.png#patch0028,39.46654510498047,0.9290785789489746,0.9880717396736145,0.00011306945816613734
568,0816.png#patch0029,35.496726989746094,0.9038301706314087,0.9846429228782654,0.00028205066337250173
569,0816.png#patch0030,33.39379119873047,0.8731561303138733,0.9793420433998108,0.00045774198952130973
570,0816.png#patch0031,32.190147399902344,0.8649747967720032,0.9778879284858704,0.0006039278232492507
571,0816.png#patch0032,33.077945709228516,0.880304217338562,0.9798497557640076,0.000492272200062871
572,0816.png#patch0033,34.39122009277344,0.896063506603241,0.9819090962409973,0.00036381272366270423
573,0816.png#patch0034,35.984657287597656,0.9336915612220764,0.9899312853813171,0.00025207732687704265
574,0817.png#patch0000,41.30076599121094,0.9631634950637817,0.9958149790763855,7.4117946496699e-05
575,0817.png#patch0001,39.366634368896484,0.9459168910980225,0.9941357374191284,0.0001157008737209253
576,0817.png#patch0002,43.32749557495117,0.9712839722633362,0.9964113235473633,4.647828245651908e-05
577,0817.png#patch0003,43.87760925292969,0.9837636351585388,0.997782289981842,4.0948583773570135e-05
578,0817.png#patch0004,38.4911003112793,0.9477450251579285,0.994105875492096,0.00014154349628370255
579,0817.png#patch0005,36.68979263305664,0.9361501932144165,0.9937363266944885,0.00021429912885650992
580,0817.png#patch0006,35.54690170288086,0.9174171686172485,0.9904232025146484,0.00027881094138137996
581,0817.png#patch0007,43.42741012573242,0.9717780947685242,0.9960567355155945,4.5421242248266935e-05
582,0817.png#patch0008,39.2938346862793,0.9586073160171509,0.9939070343971252,0.00011765669478336349
583,0817.png#patch0009,38.342857360839844,0.9563436508178711,0.9929357171058655,0.00014645831834059209
584,0817.png#patch0010,33.125892639160156,0.9042243957519531,0.9852651953697205,0.0004868672403972596
585,0817.png#patch0011,32.61286926269531,0.8938724398612976,0.9848251938819885,0.0005479148821905255
586,0817.png#patch0012,33.50574493408203,0.8945870995521545,0.9842594265937805,0.0004460927739273757
587,0817.png#patch0013,32.34183120727539,0.853122889995575,0.9794797301292419,0.0005831989692524076
588,0817.png#patch0014,40.96456527709961,0.9684911966323853,0.9960319995880127,8.008356962818652e-05
589,0817.png#patch0015,36.2807502746582,0.930455207824707,0.9916785955429077,0.00023546430747956038
590,0817.png#patch0016,35.539634704589844,0.9199904203414917,0.9897274374961853,0.0002792776795104146
591,0817.png#patch0017,31.79166030883789,0.8844317197799683,0.9831343293190002,0.0006619632476940751
592,0817.png#patch0018,28.460079193115234,0.8659622669219971,0.9792643189430237,0.0014255810528993607
593,0817.png#patch0019,34.68284225463867,0.9107763767242432,0.987240195274353,0.00034018539008684456
594,0817.png#patch0020,33.03342819213867,0.8424831032752991,0.9764235615730286,0.0004973441828042269
595,0817.png#patch0021,40.86973571777344,0.9629499912261963,0.9955055117607117,8.185149636119604e-05
596,0817.png#patch0022,31.686203002929688,0.8804871439933777,0.9844630360603333,0.0006782340933568776
597,0817.png#patch0023,30.895666122436523,0.8710826635360718,0.9800967574119568,0.000813641760032624
598,0817.png#patch0024,30.817657470703125,0.8754291534423828,0.981320321559906,0.0008283885545097291
599,0817.png#patch0025,33.649314880371094,0.9066588878631592,0.9868207573890686,0.0004315871628932655
600,0817.png#patch0026,33.53813934326172,0.8904699087142944,0.9850424528121948,0.0004427777312230319
601,0817.png#patch0027,38.637664794921875,0.9589771628379822,0.9950266480445862,0.00013684639998245984
602,0817.png#patch0028,46.00828552246094,0.973803699016571,0.9964845180511475,2.5070979972952046e-05
603,0817.png#patch0029,38.724552154541016,0.9362533092498779,0.9925534725189209,0.00013413577107712626
604,0817.png#patch0030,35.194664001464844,0.9143258929252625,0.9899833798408508,0.00030236641759984195
605,0817.png#patch0031,42.51028823852539,0.9839654564857483,0.99808669090271,5.6101060181390494e-05
606,0817.png#patch0032,35.163360595703125,0.928826093673706,0.9897267818450928,0.0003045536868739873
607,0817.png#patch0033,32.53355407714844,0.869642436504364,0.9832966923713684,0.000558013329282403
608,0817.png#patch0034,36.563289642333984,0.926510214805603,0.9915152788162231,0.0002206330536864698
609,0817.png#patch0035,45.71430206298828,0.9720321297645569,0.9961332082748413,2.6826837711269036e-05
610,0817.png#patch0036,45.906036376953125,0.9781668186187744,0.9971357583999634,2.56682305916911e-05
611,0817.png#patch0037,48.959598541259766,0.9880645871162415,0.9984546899795532,1.2706906090897974e-05
612,0817.png#patch0038,50.789024353027344,0.9910463094711304,0.9988584518432617,8.338676707353443e-06
613,0817.png#patch0039,41.85224914550781,0.95956951379776,0.9945767521858215,6.527921505039558e-05
614,0817.png#patch0040,38.54297637939453,0.9445445537567139,0.992706298828125,0.00013986283738631755
615,0817.png#patch0041,37.8167724609375,0.9429258108139038,0.9933366179466248,0.00016531898290850222
616,0818.png#patch0000,54.57090377807617,0.9962923526763916,0.9994326829910278,3.490675226203166e-06
617,0818.png#patch0001,53.69609069824219,0.9956721067428589,0.9993546605110168,4.269636974640889e-06
618,0818.png#patch0002,53.547481536865234,0.9954302906990051,0.999292254447937,4.418263870320516e-06
619,0818.png#patch0003,53.60098648071289,0.9953922033309937,0.9992865920066833,4.364165761217009e-06
620,0818.png#patch0004,42.19447326660156,0.9919038414955139,0.9988481998443604,6.033266254235059e-05
621,0818.png#patch0005,41.61897659301758,0.9896417856216431,0.9984837770462036,6.888142524985597e-05
622,0818.png#patch0006,53.19751739501953,0.9949297308921814,0.9991931915283203,4.789036211150233e-06
623,0818.png#patch0007,56.590126037597656,0.9976749420166016,0.9996428489685059,2.192739884776529e-06
624,0818.png#patch0008,54.645999908447266,0.996307373046875,0.9994177222251892,3.4308325211895863e-06
625,0818.png#patch0009,42.56819152832031,0.9911609292030334,0.9986738562583923,5.535798845812678e-05
626,0818.png#patch0010,40.017818450927734,0.9876574277877808,0.9978761076927185,9.959057933883741e-05
627,0818.png#patch0011,35.61595916748047,0.9769124388694763,0.9960726499557495,0.0002744125958997756
628,0818.png#patch0012,35.34959030151367,0.9761804342269897,0.996398389339447,0.0002917701203841716
629,0818.png#patch0013,40.78739929199219,0.9895376563072205,0.9985489249229431,8.341801731148735e-05
630,0818.png#patch0014,38.1262092590332,0.986574113368988,0.9982336759567261,0.00015394971705973148
631,0818.png#patch0015,39.38142395019531,0.9846661686897278,0.9976990222930908,0.00011530752090038732
632,0818.png#patch0016,34.91131591796875,0.974069356918335,0.996144711971283,0.0003227516426704824
633,0818.png#patch0017,31.3212947845459,0.9407923817634583,0.9902278184890747,0.0007376839057542384
634,0818.png#patch0018,29.025190353393555,0.9207773208618164,0.9867439866065979,0.0012516442220658064
635,0818.png#patch0019,27.64690589904785,0.9090064167976379,0.98511803150177,0.001719131600111723
636,0818.png#patch0020,31.177827835083008,0.9376451373100281,0.9902905225753784,0.0007624602876603603
637,0818.png#patch0021,31.847352981567383,0.944124162197113,0.9916675090789795,0.0006535286665894091
638,0818.png#patch0022,32.722347259521484,0.9397026300430298,0.9902230501174927,0.0005342753720469773
639,0818.png#patch0023,29.070953369140625,0.9095249176025391,0.9857953786849976,0.0012385239824652672
640,0818.png#patch0024,27.61886215209961,0.8992128968238831,0.9839659333229065,0.0017302685882896185
641,0818.png#patch0025,26.86625099182129,0.8813443183898926,0.9816040992736816,0.0020576659590005875
642,0818.png#patch0026,29.435651779174805,0.9219098687171936,0.9885991215705872,0.0011387664126232266
643,0818.png#patch0027,30.45808982849121,0.9476961493492126,0.9915790557861328,0.00089989323168993
644,0818.png#patch0028,30.013986587524414,0.9185135364532471,0.9868746399879456,0.0009967845398932695
645,0818.png#patch0029,28.751270294189453,0.8942563533782959,0.9817425012588501,0.001333130756393075
646,0818.png#patch0030,28.77190589904785,0.8887819647789001,0.9821593761444092,0.0013268116163089871
647,0818.png#patch0031,27.01771354675293,0.8584083914756775,0.9776331782341003,0.001987139694392681
648,0818.png#patch0032,25.84060287475586,0.8531814813613892,0.9771064519882202,0.0026057919021695852
649,0818.png#patch0033,29.96864128112793,0.9186269044876099,0.9874919652938843,0.0010072460863739252
650,0818.png#patch0034,30.803264617919922,0.9344373345375061,0.9895969033241272,0.0008311384590342641
651,0818.png#patch0035,38.19902038574219,0.9685752391815186,0.9949836730957031,0.0001513902097940445
652,0818.png#patch0036,32.77216720581055,0.9402210712432861,0.9893617630004883,0.0005281814956106246
653,0818.png#patch0037,34.25171661376953,0.9396085739135742,0.9894549250602722,0.0003756889491342008
654,0818.png#patch0038,35.40208435058594,0.9465876221656799,0.9912033677101135,0.0002882647095248103
655,0818.png#patch0039,35.52565383911133,0.948971688747406,0.9921247959136963,0.00028017826844006777
656,0818.png#patch0040,35.064605712890625,0.9537854194641113,0.9930132627487183,0.00031155836768448353
657,0818.png#patch0041,35.928035736083984,0.9503974318504333,0.9921646118164062,0.00025538544286973774
658,0819.png#patch0000,44.98369598388672,0.9891458749771118,0.9982853531837463,3.174168523401022e-05
659,0819.png#patch0001,43.65911102294922,0.9843340516090393,0.996974766254425,4.30614709330257e-05
660,0819.png#patch0002,41.739990234375,0.9826006889343262,0.9969807863235474,6.698859215248376e-05
661,0819.png#patch0003,39.02498245239258,0.9733538627624512,0.9953117966651917,0.00012517032155301422
662,0819.png#patch0004,41.54790496826172,0.979278564453125,0.9967056512832642,7.001790800131857e-05
663,0819.png#patch0005,38.90186309814453,0.9753782749176025,0.9960072636604309,0.00012876966502517462
664,0819.png#patch0006,42.44990539550781,0.9897679090499878,0.9984315037727356,5.688652890967205e-05
665,0819.png#patch0007,39.72846221923828,0.9716343283653259,0.9949234127998352,0.00010645196016412228
666,0819.png#patch0008,34.53921890258789,0.9513265490531921,0.9919065833091736,0.00035162351559847593
667,0819.png#patch0009,32.00840377807617,0.9268904328346252,0.9890599846839905,0.0006297374493442476
668,0819.png#patch0010,33.404605865478516,0.9426143765449524,0.9911172389984131,0.0004566036514006555
669,0819.png#patch0011,35.4610595703125,0.9457687735557556,0.991256058216095,0.00028437661239877343
670,0819.png#patch0012,31.979719161987305,0.9204960465431213,0.9866262078285217,0.0006339106475934386
671,0819.png#patch0013,39.349178314208984,0.9811692833900452,0.9971258640289307,0.00011616672418313101
672,0819.png#patch0014,35.584415435791016,0.9167735576629639,0.9832345843315125,0.0002764128730632365
673,0819.png#patch0015,31.652851104736328,0.9048493504524231,0.9839861989021301,0.0006834626547060907
674,0819.png#patch0016,32.04948806762695,0.9210692048072815,0.9856752157211304,0.0006238085334189236
675,0819.png#patch0017,33.55978012084961,0.9262468814849854,0.9887823462486267,0.0004405768122524023
676,0819.png#patch0018,33.52272033691406,0.9354431629180908,0.9904338717460632,0.0004443527723196894
677,0819.png#patch0019,32.9090461730957,0.9360089302062988,0.9903374910354614,0.0005117941764183342
678,0819.png#patch0020,35.037567138671875,0.9608917236328125,0.9937705397605896,0.00031350404606200755
679,0819.png#patch0021,30.111024856567383,0.8315560221672058,0.9688380360603333,0.0009747594012878835
680,0819.png#patch0022,28.44532012939453,0.8124762177467346,0.9691036939620972,0.0014304337091743946
681,0819.png#patch0023,28.951534271240234,0.8274356126785278,0.9710780382156372,0.0012730529997497797
682,0819.png#patch0024,28.82408905029297,0.8179797530174255,0.9699272513389587,0.001310965046286583
683,0819.png#patch0025,31.85198211669922,0.9181897640228271,0.9870812892913818,0.0006528320955112576
684,0819.png#patch0026,33.649776458740234,0.9225120544433594,0.9879012107849121,0.0004315411497373134
685,0819.png#patch0027,33.292667388916016,0.9348728656768799,0.9894881248474121,0.00046852530795149505
686,0819.png#patch0028,26.61285972595215,0.7403095960617065,0.9501773715019226,0.0021812922786921263
687,0819.png#patch0029,26.643606185913086,0.7676663994789124,0.9638323783874512,0.002165904501453042
688,0819.png#patch0030,28.526273727416992,0.8180476427078247,0.9728415012359619,0.0014040175592526793
689,0819.png#patch0031,27.966033935546875,0.8004618883132935,0.9687671661376953,0.0015973371919244528
690,0819.png#patch0032,28.34075164794922,0.7935998439788818,0.96262526512146,0.0014652939280495048
691,0819.png#patch0033,28.857574462890625,0.8121199011802673,0.9662653207778931,0.0013008954701945186
692,0819.png#patch0034,30.001245498657227,0.8540982007980347,0.9758186936378479,0.0009997127344831824
693,0820.png#patch0000,27.836505889892578,0.9118534326553345,0.9823281168937683,0.0016456947196274996
694,0820.png#patch0001,27.327672958374023,0.9284628629684448,0.9871644377708435,0.001850259373895824
695,0820.png#patch0002,27.319358825683594,0.9396619200706482,0.9889242053031921,0.0018538053845986724
696,0820.png#patch0003,25.19336700439453,0.8879256248474121,0.9809303283691406,0.003024567849934101
697,0820.png#patch0004,26.102331161499023,0.9143165946006775,0.9865108132362366,0.0024533909745514393
698,0820.png#patch0005,27.03647804260254,0.9434239864349365,0.9911624193191528,0.001978572690859437
699,0820.png#patch0006,26.291391372680664,0.932860255241394,0.9896838665008545,0.0023488798178732395
700,0820.png#patch0007,28.01577377319336,0.8894822597503662,0.9801133871078491,0.0015791471814736724
701,0820.png#patch0008,29.513708114624023,0.8815402388572693,0.9805759191513062,0.0011184824397787452
702,0820.png#patch0009,29.123023986816406,0.8771538734436035,0.9795101881027222,0.0012237632181495428
703,0820.png#patch0010,27.842540740966797,0.8866482973098755,0.9810636043548584,0.0016434096032753587
704,0820.png#patch0011,28.322423934936523,0.9159883260726929,0.986862063407898,0.0014714905992150307
705,0820.png#patch0012,26.47689437866211,0.8998914957046509,0.9828782081604004,0.002250662539154291
706,0820.png#patch0013,25.649730682373047,0.8910388350486755,0.9801217913627625,0.002722869860008359
707,0820.png#patch0014,30.768659591674805,0.9167106747627258,0.9859247803688049,0.0008377876365557313
708,0820.png#patch0015,32.64030456542969,0.9162015914916992,0.9873978495597839,0.0005444641574285924
709,0820.png#patch0016,26.744108200073242,0.8052716255187988,0.9646474123001099,0.0021163576748222113
710,0820.png#patch0017,29.351865768432617,0.8685512542724609,0.9800483584403992,0.001160949352197349
711,0820.png#patch0018,28.475311279296875,0.8764845728874207,0.9778335690498352,0.0014205902116373181
712,0820.png#patch0019,26.12026596069336,0.852170467376709,0.9621995091438293,0.0024432805366814137
713,0820.png#patch0020,25.252269744873047,0.8003259897232056,0.956070065498352,0.0029838215559720993
714,0820.png#patch0021,31.345075607299805,0.9065842032432556,0.9852058291435242,0.0007336556445807219
715,0820.png#patch0022,30.26399040222168,0.9205478429794312,0.9883697628974915,0.0009410243364982307
716,0820.png#patch0023,31.704837799072266,0.923747181892395,0.9864920973777771,0.0006753299385309219
717,0820.png#patch0024,27.37241554260254,0.8548065423965454,0.9696428775787354,0.0018312946194782853
718,0820.png#patch0025,29.33351707458496,0.8725635409355164,0.9787673950195312,0.0011658649891614914
719,0820.png#patch0026,27.318157196044922,0.8488402962684631,0.9749047160148621,0.001854317612014711
720,0820.png#patch0027,27.025480270385742,0.7978523969650269,0.9620319604873657,0.001983589492738247
721,0820.png#patch0028,27.672229766845703,0.8347190022468567,0.9712604880332947,0.0017091374611482024
722,0820.png#patch0029,28.18314552307129,0.8653685450553894,0.9774306416511536,0.0015194459119811654
723,0820.png#patch0030,27.224123001098633,0.8436605334281921,0.972808837890625,0.00189490569755435
724,0820.png#patch0031,26.160602569580078,0.838969886302948,0.9727995991706848,0.002420692006126046
725,0820.png#patch0032,25.622406005859375,0.8044815063476562,0.9642199873924255,0.0027400553226470947
726,0820.png#patch0033,25.839216232299805,0.7349963188171387,0.9497273564338684,0.0026066224090754986
727,0820.png#patch0034,25.400127410888672,0.7498229146003723,0.9484988451004028,0.002883946057409048
728,0821.png#patch0000,33.694480895996094,0.9687482714653015,0.9959700703620911,0.0004271220532245934
729,0821.png#patch0001,32.37617111206055,0.9550204277038574,0.9940926432609558,0.0005786058609373868
730,0821.png#patch0002,32.761016845703125,0.9404699206352234,0.9912467002868652,0.0005295395967550576
731,0821.png#patch0003,32.188697814941406,0.962235152721405,0.9945228695869446,0.0006041298038326204
732,0821.png#patch0004,33.409793853759766,0.9593427181243896,0.9938672184944153,0.0004560584493447095
733,0821.png#patch0005,34.556575775146484,0.9693365693092346,0.9953767657279968,0.0003502210893202573
734,0821.png#patch0006,35.032711029052734,0.9623739719390869,0.9939300417900085,0.00031385503825731575
735,0821.png#patch0007,30.25306510925293,0.9085150957107544,0.9864446520805359,0.0009433946688659489
736,0821.png#patch0008,30.437498092651367,0.9340766072273254,0.9908366799354553,0.0009041698649525642
737,0821.png#patch0009,32.592037200927734,0.9551397562026978,0.9936398863792419,0.0005505493027158082
738,0821.png#patch0010,32.40620422363281,0.9479122757911682,0.9922231435775757,0.0005746180540882051
739,0821.png#patch0011,31.118040084838867,0.9288437366485596,0.9879818558692932,0.0007730291108600795
740,0821.png#patch0012,34.134727478027344,0.9634255170822144,0.9943692088127136,0.0003859464777633548
741,0821.png#patch0013,34.04972839355469,0.9700846076011658,0.9955607652664185,0.00039357447531074286
742,0821.png#patch0014,29.69241714477539,0.9190560579299927,0.9869866371154785,0.0010733914095908403
743,0821.png#patch0015,29.36011505126953,0.9125696420669556,0.9843108654022217,0.0011587466578930616
744,0821.png#patch0016,31.20686149597168,0.9284385442733765,0.9887705445289612,0.0007573799230158329
745,0821.png#patch0017,32.5803108215332,0.947862982749939,0.9918681383132935,0.0005520377308130264
746,0821.png#patch0018,39.46303176879883,0.9771555662155151,0.996853768825531,0.00011316093150526285
747,0821.png#patch0019,31.388416290283203,0.9350895285606384,0.9898721575737,0.0007263706647790968
748,0821.png#patch0020,32.584529876708984,0.9462840557098389,0.9918543100357056,0.0005515015800483525
749,0821.png#patch0021,30.48666000366211,0.9562293887138367,0.9945957064628601,0.0008939924300648272
750,0821.png#patch0022,29.52483558654785,0.9364343881607056,0.9909677505493164,0.0011156200198456645
751,0821.png#patch0023,32.420352935791016,0.954502284526825,0.9934819936752319,0.0005727491807192564
752,0821.png#patch0024,30.91720962524414,0.9349102973937988,0.9898359179496765,0.000809615827165544
753,0821.png#patch0025,32.09258270263672,0.9418278336524963,0.9911718964576721,0.0006176491151563823
754,0821.png#patch0026,31.101198196411133,0.9277830719947815,0.9889680743217468,0.0007760326843708754
755,0821.png#patch0027,30.534385681152344,0.9305720925331116,0.9897142648696899,0.000884222041349858
756,0821.png#patch0028,32.861053466796875,0.9458001852035522,0.9927259087562561,0.0005174812395125628
757,0821.png#patch0029,31.298871994018555,0.9486836194992065,0.9936072826385498,0.0007415026775561273
758,0821.png#patch0030,31.083032608032227,0.9385765790939331,0.9904274940490723,0.0007792856195010245
759,0821.png#patch0031,31.115354537963867,0.9511095881462097,0.993001401424408,0.0007735071121715009
760,0821.png#patch0032,32.463661193847656,0.9445637464523315,0.9920429587364197,0.0005670664831995964
761,0821.png#patch0033,32.20053482055664,0.937755823135376,0.9908172488212585,0.0006024849717505276
762,0821.png#patch0034,30.68613624572754,0.9169183969497681,0.9861535429954529,0.000853859179187566
763,0822.png#patch0000,39.381683349609375,0.9778755307197571,0.996219277381897,0.00011530057236086577
764,0822.png#patch0001,39.32728576660156,0.9769218564033508,0.9963749647140503,0.00011675380665110424
765,0822.png#patch0002,40.19933319091797,0.9820626974105835,0.9971864223480225,9.551392577122897e-05
766,0822.png#patch0003,38.926597595214844,0.9649401307106018,0.9945170283317566,0.00012803832942154258
767,0822.png#patch0004,37.803829193115234,0.9412712454795837,0.9897924065589905,0.00016581232193857431
768,0822.png#patch0005,39.95985412597656,0.980690598487854,0.9971075057983398,0.0001009286570479162
769,0822.png#patch0006,38.239418029785156,0.9665160179138184,0.9943622350692749,0.00014998859842307866
770,0822.png#patch0007,37.90909194946289,0.9699028730392456,0.9949670433998108,0.00016184180276468396
771,0822.png#patch0008,38.2686882019043,0.9706540107727051,0.9953149557113647,0.00014898112567607313
772,0822.png#patch0009,36.30900192260742,0.956871509552002,0.9931036233901978,0.0002339373022550717
773,0822.png#patch0010,34.480125427246094,0.9327009916305542,0.9890934228897095,0.0003564407234080136
774,0822.png#patch0011,32.366920471191406,0.903225302696228,0.9828820824623108,0.0005798397469334304
775,0822.png#patch0012,36.96501159667969,0.9628377556800842,0.993950366973877,0.0002011400938499719
776,0822.png#patch0013,37.94567108154297,0.9672639966011047,0.994518518447876,0.00016048441466409713
777,0822.png#patch0014,39.06144332885742,0.9738029837608337,0.9955979585647583,0.0001241238642251119
778,0822.png#patch0015,34.9520149230957,0.9282826781272888,0.9891439080238342,0.00031974082230590284
779,0822.png#patch0016,33.800010681152344,0.9091088771820068,0.9852352738380432,0.00041686833719722927
780,0822.png#patch0017,32.40400314331055,0.8750858306884766,0.9796661734580994,0.0005749097908847034
781,0822.png#patch0018,32.80258560180664,0.8646240830421448,0.9773116111755371,0.0005244949134066701
782,0822.png#patch0019,30.13159942626953,0.8579850196838379,0.97782301902771,0.0009701522067189217
783,0822.png#patch0020,34.661109924316406,0.9129145741462708,0.9860491752624512,0.0003418918640818447
784,0822.png#patch0021,39.36498260498047,0.9751238822937012,0.9956045150756836,0.00011574490781640634
785,0822.png#patch0022,32.73202133178711,0.9034655690193176,0.9858037829399109,0.0005330865387804806
786,0822.png#patch0023,31.74867057800293,0.8890224099159241,0.9836504459381104,0.0006685483967885375
787,0822.png#patch0024,30.23413848876953,0.8513772487640381,0.9760761857032776,0.0009475146071054041
788,0822.png#patch0025,30.405006408691406,0.8277037739753723,0.9727514386177063,0.0009109598468057811
789,0822.png#patch0026,26.35417938232422,0.7535579800605774,0.9564402103424072,0.0023151645436882973
790,0822.png#patch0027,29.890079498291016,0.8666298985481262,0.9800974726676941,0.0010256331879645586
791,0822.png#patch0028,33.6874885559082,0.9312609434127808,0.9892340898513794,0.00042780989315360785
792,0822.png#patch0029,36.371891021728516,0.9528160691261292,0.9926363825798035,0.00023057418002281338
793,0822.png#patch0030,33.71315002441406,0.9149468541145325,0.9876144528388977,0.00042528967605903745
794,0822.png#patch0031,31.08638572692871,0.8869274258613586,0.9836329817771912,0.0007786842761561275
795,0822.png#patch0032,29.69287109375,0.8687378764152527,0.9808447360992432,0.001073279301635921
796,0822.png#patch0033,29.93836784362793,0.8844650983810425,0.9843429327011108,0.001014292356558144
797,0822.png#patch0034,33.91108322143555,0.9404094815254211,0.9913880825042725,0.00040634177275933325
798,0822.png#patch0035,33.519134521484375,0.925300121307373,0.9882277250289917,0.0004447196261025965
799,0822.png#patch0036,34.4106559753418,0.9377259612083435,0.9902560114860535,0.0003621882351581007
800,0822.png#patch0037,34.843318939208984,0.937010645866394,0.9897682070732117,0.00032784443465061486
801,0822.png#patch0038,33.80751419067383,0.9155676364898682,0.9876886606216431,0.0004161486285738647
802,0822.png#patch0039,31.78730010986328,0.9063443541526794,0.9867542386054993,0.0006626279791817069
803,0822.png#patch0040,32.743106842041016,0.9241840839385986,0.9889785647392273,0.0005317276227287948
804,0822.png#patch0041,36.13758850097656,0.9536609649658203,0.9919813275337219,0.000243355447310023
805,0823.png#patch0000,38.45637512207031,0.9815263152122498,0.9966316223144531,0.00014267978258430958
806,0823.png#patch0001,53.87158203125,0.9968959093093872,0.9996548891067505,4.100546448171372e-06
807,0823.png#patch0002,55.452880859375,0.9968876838684082,0.9996446967124939,2.8491258490248583e-06
808,0823.png#patch0003,55.368804931640625,0.9968181848526001,0.9996503591537476,2.904819893956301e-06
809,0823.png#patch0004,55.2078742980957,0.9967136979103088,0.9996329545974731,3.014477215401712e-06
810,0823.png#patch0005,55.02153778076172,0.9965466260910034,0.9996150732040405,3.146631343042827e-06
811,0823.png#patch0006,54.82305908203125,0.9963964819908142,0.9996058344841003,3.2937746254901867e-06
812,0823.png#patch0007,26.68054962158203,0.8331157565116882,0.9732151627540588,0.002147557446733117
813,0823.png#patch0008,27.341848373413086,0.848519504070282,0.9749720692634583,0.0018442299915477633
814,0823.png#patch0009,27.70140266418457,0.8319628238677979,0.973861038684845,0.001697694999165833
815,0823.png#patch0010,28.88435935974121,0.8690176606178284,0.9782484173774719,0.001292897155508399
816,0823.png#patch0011,36.56217956542969,0.9393119215965271,0.9899958372116089,0.00022068945690989494
817,0823.png#patch0012,35.55805969238281,0.9341538548469543,0.9879540801048279,0.00027809556922875345
818,0823.png#patch0013,33.97761154174805,0.9137067794799805,0.9851667284965515,0.000400164833990857
819,0823.png#patch0014,26.4962158203125,0.8265984058380127,0.9735219478607178,0.0022406724747270346
820,0823.png#patch0015,24.237844467163086,0.8056578040122986,0.9667965769767761,0.003768907394260168
821,0823.png#patch0016,27.729259490966797,0.8474364876747131,0.9752283692359924,0.001686840201728046
822,0823.png#patch0017,25.665681838989258,0.8197997212409973,0.9703444242477417,0.002712886780500412
823,0823.png#patch0018,27.59703254699707,0.833513617515564,0.9743843078613281,0.0017389885615557432
824,0823.png#patch0019,37.266380310058594,0.8882933855056763,0.9815044403076172,0.0001876557362265885
825,0823.png#patch0020,39.45083999633789,0.9081219434738159,0.9852545857429504,0.00011347905092407018
826,0823.png#patch0021,26.625886917114258,0.8538193106651306,0.9731367826461792,0.002174758818000555
827,0823.png#patch0022,25.53717613220215,0.8390831351280212,0.9729164838790894,0.002794360276311636
828,0823.png#patch0023,24.878162384033203,0.7816559672355652,0.9672664999961853,0.003252247581258416
829,0823.png#patch0024,25.713266372680664,0.8296661376953125,0.9723173975944519,0.0026833252049982548
830,0823.png#patch0025,24.743379592895508,0.7524978518486023,0.9629751443862915,0.0033547640778124332
831,0823.png#patch0026,25.589868545532227,0.7484422922134399,0.9601166844367981,0.0027606599032878876
832,0823.png#patch0027,30.858089447021484,0.798537015914917,0.963586688041687,0.0008207122446037829
833,0823.png#patch0028,27.419212341308594,0.8838915228843689,0.9826199412345886,0.0018116686260327697
834,0823.png#patch0029,26.272079467773438,0.8595707416534424,0.9807819128036499,0.0023593471851199865
835,0823.png#patch0030,28.237653732299805,0.9110696315765381,0.9853902459144592,0.001500495127402246
836,0823.png#patch0031,25.514739990234375,0.819222629070282,0.9722272157669067,0.002808832563459873
837,0823.png#patch0032,26.097707748413086,0.7937310338020325,0.9678198099136353,0.0024560042656958103
838,0823.png#patch0033,23.528789520263672,0.7581983208656311,0.960296094417572,0.004437323659658432
839,0823.png#patch0034,28.365917205810547,0.8048034906387329,0.966097891330719,0.0014568278566002846
840,0824.png#patch0000,46.73674011230469,0.9867428541183472,0.9982663989067078,2.119951204804238e-05
841,0824.png#patch0001,43.45485305786133,0.9898900389671326,0.9983322024345398,4.5135111577110365e-05
842,0824.png#patch0002,31.78145408630371,0.9593485593795776,0.9946816563606262,0.0006635204772464931
843,0824.png#patch0003,29.989151000976562,0.9468786716461182,0.9925094246864319,0.0010025006486102939
844,0824.png#patch0004,30.043209075927734,0.9398866891860962,0.9916048049926758,0.0009900996228680015
845,0824.png#patch0005,31.995996475219727,0.9393624663352966,0.9901260733604431,0.000631539267487824
846,0824.png#patch0006,36.217525482177734,0.965663492679596,0.993739664554596,0.00023891718592494726
847,0824.png#patch0007,50.58562469482422,0.9963208436965942,0.9994321465492249,8.738506039662752e-06
848,0824.png#patch0008,52.7884521484375,0.9966967701911926,0.9994906187057495,5.2620448514062446e-06
849,0824.png#patch0009,38.36745071411133,0.9873656630516052,0.9986084699630737,0.00014563134755007923
850,0824.png#patch0010,28.01357078552246,0.8783793449401855,0.9835991859436035,0.0015799483517184854
851,0824.png#patch0011,26.703393936157227,0.8840742111206055,0.9841604828834534,0.0021362914703786373
852,0824.png#patch0012,30.87592124938965,0.9678388833999634,0.9941757321357727,0.0008173492387868464
853,0824.png#patch0013,33.05105209350586,0.974437952041626,0.9940218925476074,0.0004953299649059772
854,0824.png#patch0014,32.498382568359375,0.9531202912330627,0.9922323822975159,0.0005625505582429469
855,0824.png#patch0015,30.875484466552734,0.9468605518341064,0.9919130802154541,0.0008174314862117171
856,0824.png#patch0016,27.91689682006836,0.8813237547874451,0.9824591875076294,0.0016155114863067865
857,0824.png#patch0017,24.963808059692383,0.8210042715072632,0.9750344157218933,0.003188739763572812
858,0824.png#patch0018,23.97520637512207,0.8035909533500671,0.9706882238388062,0.00400386331602931
859,0824.png#patch0019,25.042118072509766,0.8369044065475464,0.9759480357170105,0.003131756791844964
860,0824.png#patch0020,27.743995666503906,0.9202360510826111,0.9893274307250977,0.0016811261884868145
861,0824.png#patch0021,32.46866989135742,0.9397976398468018,0.9931915402412415,0.0005664125201292336
862,0824.png#patch0022,33.71599197387695,0.9483319520950317,0.9942282438278198,0.0004250113561283797
863,0824.png#patch0023,37.345733642578125,0.956473708152771,0.9954298734664917,0.00018425802409183234
864,0824.png#patch0024,28.578420639038086,0.8826684951782227,0.9827783703804016,0.0013872599229216576
865,0824.png#patch0025,24.956493377685547,0.818741500377655,0.9760194420814514,0.00319411582313478
866,0824.png#patch0026,32.99184799194336,0.9635635018348694,0.9961294531822205,0.0005021288525313139
867,0824.png#patch0027,34.62784194946289,0.9624472260475159,0.9951267242431641,0.00034452113322913647
868,0824.png#patch0028,46.53287124633789,0.9813302159309387,0.9976731538772583,2.221838803961873e-05
869,0824.png#patch0029,34.65306091308594,0.9314402341842651,0.9910109639167786,0.0003425263275858015
870,0824.png#patch0030,33.194271087646484,0.8967024087905884,0.9839610457420349,0.0004792618565261364
871,0824.png#patch0031,29.936729431152344,0.8713820576667786,0.9805858135223389,0.0010146748973056674
872,0824.png#patch0032,27.721336364746094,0.8043882250785828,0.9683564305305481,0.0016899205511435866
873,0824.png#patch0033,28.131254196166992,0.8465571999549866,0.9747167229652405,0.0015377105446532369
874,0824.png#patch0034,30.746660232543945,0.8939157128334045,0.9817085266113281,0.0008420422673225403
875,0825.png#patch0000,33.05710220336914,0.9206976890563965,0.9883508086204529,0.00049464066978544
876,0825.png#patch0001,35.04990768432617,0.9406872987747192,0.9898297190666199,0.0003126146038994193
877,0825.png#patch0002,32.8632926940918,0.9234781861305237,0.9832372665405273,0.0005172144738025963
878,0825.png#patch0003,29.648887634277344,0.9011470079421997,0.983700156211853,0.0010842039482668042
879,0825.png#patch0004,28.79073143005371,0.8874318599700928,0.979979395866394,0.001321073155850172
880,0825.png#patch0005,31.06508445739746,0.9217850565910339,0.9841670393943787,0.0007825125940144062
881,0825.png#patch0006,34.1237678527832,0.9480461478233337,0.9898137450218201,0.00038692192174494267
882,0825.png#patch0007,31.5841007232666,0.852817177772522,0.9769924283027649,0.0006943681510165334
883,0825.png#patch0008,29.824508666992188,0.8211404085159302,0.9731177091598511,0.0010412355186417699
884,0825.png#patch0009,28.362308502197266,0.7649832367897034,0.9620073437690735,0.0014580385759472847
885,0825.png#patch0010,26.811243057250977,0.7839171290397644,0.9656118750572205,0.0020838933996856213
886,0825.png#patch0011,25.576147079467773,0.8091943264007568,0.9717658162117004,0.0027693971060216427
887,0825.png#patch0012,29.84893035888672,0.8560125827789307,0.9764279127120972,0.0010353968245908618
888,0825.png#patch0013,34.527923583984375,0.91153883934021,0.9864791631698608,0.0003525393840391189
889,0825.png#patch0014,30.81383514404297,0.8810163736343384,0.9818037748336792,0.0008291180711239576
890,0825.png#patch0015,28.166913986206055,0.7992929816246033,0.9717019200325012,0.0015251358272507787
891,0825.png#patch0016,27.383127212524414,0.7812154293060303,0.964191734790802,0.001826783991418779
892,0825.png#patch0017,25.12839698791504,0.8437439203262329,0.9759711623191833,0.003070153994485736
893,0825.png#patch0018,25.034563064575195,0.8568572998046875,0.9765627384185791,0.0031372096855193377
894,0825.png#patch0019,30.337047576904297,0.8820052146911621,0.9832051396369934,0.0009253268362954259
895,0825.png#patch0020,30.835861206054688,0.898500919342041,0.9852014780044556,0.0008249235688708723
896,0825.png#patch0021,30.746320724487305,0.9213958382606506,0.9869520664215088,0.0008421082166023552
897,0825.png#patch0022,27.911746978759766,0.8177359700202942,0.9736559987068176,0.0016174284974113107
898,0825.png#patch0023,27.744848251342773,0.8490791916847229,0.9788901209831238,0.001680796267464757
899,0825.png#patch0024,28.644350051879883,0.869013249874115,0.9815531373023987,0.0013663587160408497
900,0825.png#patch0025,28.14736557006836,0.878752589225769,0.9823215007781982,0.0015320160891860723
901,0825.png#patch0026,28.090410232543945,0.8890811800956726,0.9831137657165527,0.0015522399917244911
902,0825.png#patch0027,29.96954917907715,0.924216091632843,0.9892187714576721,0.0010070359567180276
903,0825.png#patch0028,30.908042907714844,0.9002132415771484,0.9832085371017456,0.0008113261428661644
904,0825.png#patch0029,30.85710906982422,0.9116727113723755,0.9864407777786255,0.0008208978688344359
905,0825.png#patch0030,29.943683624267578,0.8979011178016663,0.9835875034332275,0.001013051369227469
906,0825.png#patch0031,31.303417205810547,0.9087392091751099,0.9863091111183167,0.0007407268858514726
907,0825.png#patch0032,30.624570846557617,0.8857461810112,0.9818585515022278,0.0008660495514050126
908,0825.png#patch0033,27.976062774658203,0.8834866881370544,0.9815671443939209,0.001593652879819274
909,0825.png#patch0034,32.877593994140625,0.9260997176170349,0.988247275352478,0.000515514169819653
910,0826.png#patch0000,49.764198303222656,0.9886841773986816,0.9986167550086975,1.0557958376011811e-05
911,0826.png#patch0001,50.902122497558594,0.9911681413650513,0.9989290833473206,8.1243269960396e-06
912,0826.png#patch0002,51.71607971191406,0.9926801323890686,0.999127209186554,6.735842362104449e-06
913,0826.png#patch0003,51.994327545166016,0.9931511878967285,0.9991688132286072,6.317820407275576e-06
914,0826.png#patch0004,52.25002670288086,0.9935780167579651,0.9992078542709351,5.956581389909843e-06
915,0826.png#patch0005,52.924720764160156,0.9946207404136658,0.9993563890457153,5.099500867800089e-06
916,0826.png#patch0006,51.24431228637695,0.991834819316864,0.9990047812461853,7.508766429964453e-06
917,0826.png#patch0007,36.84746551513672,0.9790694117546082,0.9968116879463196,0.00020665863121394068
918,0826.png#patch0008,28.235746383666992,0.8744547367095947,0.9788010120391846,0.001501153688877821
919,0826.png#patch0009,26.562475204467773,0.8601090312004089,0.9771861433982849,0.0022067460231482983
920,0826.png#patch0010,25.249073028564453,0.8039366006851196,0.9657853841781616,0.0029860185459256172
921,0826.png#patch0011,24.951629638671875,0.7989863753318787,0.9667431712150574,0.003197694895789027
922,0826.png#patch0012,27.210037231445312,0.8564265966415405,0.976578950881958,0.0019010615069419146
923,0826.png#patch0013,27.5545654296875,0.8527126908302307,0.9762811660766602,0.0017560755368322134
924,0826.png#patch0014,25.454381942749023,0.8238246440887451,0.9685931205749512,0.002848142059519887
925,0826.png#patch0015,22.584564208984375,0.724811851978302,0.9503336548805237,0.005514974240213633
926,0826.png#patch0016,21.41434669494629,0.6911466717720032,0.9403988122940063,0.007220465689897537
927,0826.png#patch0017,21.557479858398438,0.7003098726272583,0.942164957523346,0.0069863754324615
928,0826.png#patch0018,21.509788513183594,0.6870592832565308,0.940185010433197,0.0070635173469781876
929,0826.png#patch0019,22.510379791259766,0.7031199932098389,0.9456173181533813,0.00560999009758234
930,0826.png#patch0020,23.326066970825195,0.7256814241409302,0.9489166140556335,0.0046493615955114365
931,0826.png#patch0021,23.779083251953125,0.7563781142234802,0.9532995223999023,0.004188817925751209
932,0826.png#patch0022,20.752344131469727,0.6005654335021973,0.9206030368804932,0.008409409783780575
933,0826.png#patch0023,22.988750457763672,0.6931871175765991,0.9365688562393188,0.005024870857596397
934,0826.png#patch0024,22.672163009643555,0.49264347553253174,0.8469012975692749,0.005404849536716938
935,0826.png#patch0025,22.6556453704834,0.4733498990535736,0.84246426820755,0.005425446201115847
936,0826.png#patch0026,24.61263656616211,0.7542927265167236,0.9550418257713318,0.003457294311374426
937,0826.png#patch0027,22.041522979736328,0.611407995223999,0.924670934677124,0.006249533966183662
938,0826.png#patch0028,33.856834411621094,0.9012594223022461,0.9820326566696167,0.0004114494367968291
939,0826.png#patch0029,30.431394577026367,0.8566707968711853,0.9759688973426819,0.0009054415859282017
940,0826.png#patch0030,29.460954666137695,0.7986215353012085,0.9651464819908142,0.0011321515776216984
941,0826.png#patch0031,27.537952423095703,0.7712435722351074,0.9573944211006165,0.0017628064379096031
942,0826.png#patch0032,26.793323516845703,0.7733351588249207,0.9568598866462708,0.0020925092976540327
943,0826.png#patch0033,28.268035888671875,0.7871734499931335,0.9632524847984314,0.0014900342794135213
944,0826.png#patch0034,31.819353103637695,0.8686296343803406,0.9798065423965454,0.0006577555905096233
945,0826.png#patch0035,33.034027099609375,0.8679718375205994,0.9745851159095764,0.0004972756723873317
946,0826.png#patch0036,32.087135314941406,0.8645073175430298,0.9712162613868713,0.0006184239173308015
947,0826.png#patch0037,30.9588565826416,0.8374195098876953,0.9657225608825684,0.0008018890512175858
948,0826.png#patch0038,30.671175003051758,0.8398892879486084,0.9659444093704224,0.0008568057673983276
949,0826.png#patch0039,31.871429443359375,0.8498408794403076,0.9670049548149109,0.0006499154842458665
950,0826.png#patch0040,31.32744026184082,0.8474442362785339,0.9703105092048645,0.0007366409408859909
951,0826.png#patch0041,32.815345764160156,0.8787244558334351,0.9783743023872375,0.0005229561938904226
952,0827.png#patch0000,42.602699279785156,0.9758589267730713,0.9962798953056335,5.4919932154007256e-05
953,0827.png#patch0001,41.19779586791992,0.9614940285682678,0.9938883185386658,7.589629967696965e-05
954,0827.png#patch0002,43.32817077636719,0.9639680981636047,0.993546724319458,4.647104651667178e-05
955,0827.png#patch0003,32.35322952270508,0.9234618544578552,0.9844673275947571,0.000581670377869159
956,0827.png#patch0004,29.358827590942383,0.9128791093826294,0.9813243746757507,0.0011590893846005201
957,0827.png#patch0005,41.49153518676758,0.9455440044403076,0.9900557994842529,7.093267049640417e-05
958,0827.png#patch0006,45.827205657958984,0.9761239886283875,0.9959438443183899,2.613841206766665e-05
959,0827.png#patch0007,46.78333282470703,0.9817079305648804,0.9970216751098633,2.0973295249859802e-05
960,0827.png#patch0008,41.5032958984375,0.952619731426239,0.9920679926872253,7.074088352965191e-05
961,0827.png#patch0009,39.67904281616211,0.9298653602600098,0.9876371026039124,0.00010767028288682923
962,0827.png#patch0010,33.374183654785156,0.9024760723114014,0.9798877239227295,0.0004598130763042718
963,0827.png#patch0011,30.37135887145996,0.9117167592048645,0.9825436472892761,0.000918045116122812
964,0827.png#patch0012,39.77717208862305,0.9269630312919617,0.9874747395515442,0.00010526464029680938
965,0827.png#patch0013,38.2029914855957,0.9034481048583984,0.9825901985168457,0.00015125192294362932
966,0827.png#patch0014,40.135345458984375,0.9413575530052185,0.9880430698394775,9.693151514511555e-05
967,0827.png#patch0015,36.38078308105469,0.8834734559059143,0.9750093817710876,0.0002301024505868554
968,0827.png#patch0016,36.044803619384766,0.8662086129188538,0.972885012626648,0.0002486104494892061
969,0827.png#patch0017,33.838401794433594,0.906906008720398,0.9819485545158386,0.0004131993337068707
970,0827.png#patch0018,31.486997604370117,0.9159156084060669,0.9867574572563171,0.0007100683869794011
971,0827.png#patch0019,40.022003173828125,0.9231128692626953,0.9865052103996277,9.949460218194872e-05
972,0827.png#patch0020,39.459774017333984,0.9181587100028992,0.9853711128234863,0.00011324592196615413
973,0827.png#patch0021,40.570831298828125,0.9407222867012024,0.9895487427711487,8.768324187258258e-05
974,0827.png#patch0022,38.687828063964844,0.9154902100563049,0.9859176278114319,0.00013527479313779622
975,0827.png#patch0023,36.074974060058594,0.8906826972961426,0.9803621768951416,0.0002468894817866385
976,0827.png#patch0024,31.720775604248047,0.8799163699150085,0.977275550365448,0.0006728561129420996
977,0827.png#patch0025,32.0582275390625,0.9227374196052551,0.9841771125793457,0.0006225540419109166
978,0827.png#patch0026,41.00795364379883,0.9473981857299805,0.9908151030540466,7.928745617391542e-05
979,0827.png#patch0027,36.57013702392578,0.9537118673324585,0.9916073679924011,0.0002202856121584773
980,0827.png#patch0028,36.261817932128906,0.9461159706115723,0.9909765124320984,0.00023649290960747749
981,0827.png#patch0029,31.879409790039062,0.9142463803291321,0.9860920310020447,0.0006487223436124623
982,0827.png#patch0030,35.331722259521484,0.9012880325317383,0.9832132458686829,0.00029297280707396567
983,0827.png#patch0031,33.098548889160156,0.8887749910354614,0.9759934544563293,0.0004899423802271485
984,0827.png#patch0032,30.955263137817383,0.9205026626586914,0.9815549850463867,0.0008025525603443384
985,0827.png#patch0033,41.1484489440918,0.9567651748657227,0.992431104183197,7.676355016883463e-05
986,0827.png#patch0034,34.5439338684082,0.9323471784591675,0.988754153251648,0.0003512419352773577
987,0827.png#patch0035,48.88126754760742,0.9863603115081787,0.9981207847595215,1.2938181498611812e-05
988,0827.png#patch0036,34.26329803466797,0.9423211216926575,0.9904534816741943,0.0003746883012354374
989,0827.png#patch0037,33.45091247558594,0.9039256572723389,0.983605682849884,0.000451760774012655
990,0827.png#patch0038,34.02591323852539,0.9049797058105469,0.9823670983314514,0.0003957387525588274
991,0827.png#patch0039,31.0401611328125,0.929716169834137,0.9861920475959778,0.0007870161789469421
992,0827.png#patch0040,38.902164459228516,0.9529508948326111,0.9919594526290894,0.00012876077380497009
993,0827.png#patch0041,40.28168487548828,0.9588930606842041,0.9927594065666199,9.371982014272362e-05
994,0828.png#patch0000,26.328371047973633,0.9432206153869629,0.9916472434997559,0.0023289646487683058
995,0828.png#patch0001,20.57450294494629,0.8536113500595093,0.9724674224853516,0.00876091793179512
996,0828.png#patch0002,19.819063186645508,0.8557071685791016,0.9661068916320801,0.010425422340631485
997,0828.png#patch0003,19.131103515625,0.8444353938102722,0.9645877480506897,0.012214889749884605
998,0828.png#patch0004,20.0535831451416,0.8701451420783997,0.9753549098968506,0.009877377189695835
999,0828.png#patch0005,20.229965209960938,0.8591004610061646,0.9713680744171143,0.009484254755079746
1000,0828.png#patch0006,23.294475555419922,0.9081475138664246,0.9800260066986084,0.00468330318108201
1001,0828.png#patch0007,24.174774169921875,0.9337238073348999,0.988850474357605,0.003824041225016117
1002,0828.png#patch0008,18.567960739135742,0.8097424507141113,0.9658216834068298,0.013906054198741913
1003,0828.png#patch0009,17.726787567138672,0.7837682366371155,0.9541692733764648,0.016878006979823112
1004,0828.png#patch0010,17.870473861694336,0.792262613773346,0.9583820104598999,0.016328731551766396
1005,0828.png#patch0011,18.34380531311035,0.8165693879127502,0.9638656973838806,0.014642643742263317
1006,0828.png#patch0012,20.17945671081543,0.8684194684028625,0.971138060092926,0.009595205076038837
1007,0828.png#patch0013,20.995302200317383,0.868710458278656,0.9680832624435425,0.00795187707990408
1008,0828.png#patch0014,26.42548179626465,0.9498682022094727,0.9875705242156982,0.0022774641402065754
1009,0828.png#patch0015,21.41880989074707,0.8961304426193237,0.978358268737793,0.007213050499558449
1010,0828.png#patch0016,20.471939086914062,0.8741093873977661,0.9752873182296753,0.008970278315246105
1011,0828.png#patch0017,17.85940933227539,0.7698058485984802,0.9560264945030212,0.016370384022593498
1012,0828.png#patch0018,16.087541580200195,0.6610906720161438,0.9218499660491943,0.02461760677397251
1013,0828.png#patch0019,17.000057220458984,0.7342000007629395,0.9237867593765259,0.019952353090047836
1014,0828.png#patch0020,18.525686264038086,0.7706554532051086,0.9463313817977905,0.014042078517377377
1015,0828.png#patch0021,34.24565505981445,0.9915582537651062,0.9983858466148376,0.000376213516574353
1016,0828.png#patch0022,39.51491928100586,0.9946840405464172,0.9991596341133118,0.00011181696754647419
1017,0828.png#patch0023,49.51737594604492,0.9911679029464722,0.9986388683319092,1.117537703976268e-05
1018,0828.png#patch0024,33.77123260498047,0.9901567101478577,0.9988350868225098,0.0004196397785563022
1019,0828.png#patch0025,18.282730102539062,0.8113933801651001,0.9562059044837952,0.014850015752017498
1020,0828.png#patch0026,17.390151977539062,0.7624226212501526,0.9477807283401489,0.018238317221403122
1021,0828.png#patch0027,19.348983764648438,0.8003695011138916,0.9549931287765503,0.011617203243076801
1022,0828.png#patch0028,27.4542236328125,0.9448390603065491,0.9895926713943481,0.0017971216002479196
1023,0828.png#patch0029,27.400785446166992,0.9632197022438049,0.9922205805778503,0.001819371827878058
1024,0828.png#patch0030,26.588462829589844,0.9640992283821106,0.9926999807357788,0.0021935810800641775
1025,0828.png#patch0031,22.514272689819336,0.9238873720169067,0.9807259440422058,0.005604963283985853
1026,0828.png#patch0032,20.826274871826172,0.873321533203125,0.9736474752426147,0.00826746504753828
1027,0828.png#patch0033,19.075946807861328,0.798668384552002,0.9613543748855591,0.012371009215712547
1028,0828.png#patch0034,20.494577407836914,0.8332090377807617,0.9696488380432129,0.00892364326864481
1029,0829.png#patch0000,30.601852416992188,0.543020486831665,0.9320780038833618,0.000870591844432056
1030,0829.png#patch0001,30.015512466430664,0.5126341581344604,0.9247737526893616,0.000996434479020536
1031,0829.png#patch0002,31.098581314086914,0.5681200623512268,0.9397823810577393,0.0007765005575492978
1032,0829.png#patch0003,30.296621322631836,0.5589569807052612,0.9373035430908203,0.0009339802199974656
1033,0829.png#patch0004,30.182559967041016,0.5492315888404846,0.9384246468544006,0.0009588353568688035
1034,0829.png#patch0005,32.188846588134766,0.6302648186683655,0.9521855115890503,0.0006041086162440479
1035,0829.png#patch0006,31.410615921020508,0.5908492207527161,0.9438018798828125,0.0007226669113151729
1036,0829.png#patch0007,31.438899993896484,0.6003169417381287,0.9478230476379395,0.0007179757230915129
1037,0829.png#patch0008,31.069664001464844,0.620107889175415,0.9510976672172546,0.0007816883153282106
1038,0829.png#patch0009,31.344432830810547,0.6506901383399963,0.9557982683181763,0.0007337640854530036
1039,0829.png#patch0010,30.726285934448242,0.6165878772735596,0.9501582384109497,0.0008460017270408571
1040,0829.png#patch0011,30.272254943847656,0.6349765062332153,0.9542604088783264,0.0009392353822477162
1041,0829.png#patch0012,31.890182495117188,0.6564165353775024,0.957564651966095,0.0006471153465099633
1042,0829.png#patch0013,31.118127822875977,0.5971201658248901,0.9461491107940674,0.0007730135112069547
1043,0829.png#patch0014,29.995540618896484,0.6493085622787476,0.9549188017845154,0.0010010270634666085
1044,0829.png#patch0015,30.707414627075195,0.7277112007141113,0.9648453593254089,0.0008496858645230532
1045,0829.png#patch0016,30.498449325561523,0.7338429689407349,0.9686759114265442,0.0008915690123103559
1046,0829.png#patch0017,25.092540740966797,0.6276477575302124,0.9427182674407959,0.0030956065747886896
1047,0829.png#patch0018,25.28856086730957,0.6869022250175476,0.9537728428840637,0.0029589924961328506
1048,0829.png#patch0019,32.056304931640625,0.8121157884597778,0.9792086482048035,0.0006228300044313073
1049,0829.png#patch0020,32.94591522216797,0.8098876476287842,0.9791903495788574,0.0005074675427749753
1050,0829.png#patch0021,29.228986740112305,0.6282568573951721,0.9460286498069763,0.0011942664859816432
1051,0829.png#patch0022,26.64720916748047,0.6108897924423218,0.9345744848251343,0.002164107747375965
1052,0829.png#patch0023,25.12837791442871,0.573034405708313,0.9306015968322754,0.0030701677314937115
1053,0829.png#patch0024,26.361814498901367,0.681841254234314,0.9502980709075928,0.0023110981564968824
1054,0829.png#patch0025,26.87622833251953,0.7026240825653076,0.9525546431541443,0.0020529439207166433
1055,0829.png#patch0026,27.11525535583496,0.6841781139373779,0.95404052734375,0.0019430076936259866
1056,0829.png#patch0027,28.174774169921875,0.6270177364349365,0.9460410475730896,0.0015223780646920204
1057,0829.png#patch0028,29.629989624023438,0.6171400547027588,0.9481927752494812,0.0010889327386394143
1058,0829.png#patch0029,29.049026489257812,0.6394063234329224,0.9464899301528931,0.0012447930639609694
1059,0829.png#patch0030,27.46737289428711,0.6458091139793396,0.9475735425949097,0.0017916893120855093
1060,0829.png#patch0031,27.675600051879883,0.6976819634437561,0.9591546058654785,0.0017078106757253408
1061,0829.png#patch0032,27.679946899414062,0.6919519305229187,0.959742546081543,0.0017061025137081742
1062,0829.png#patch0033,25.985532760620117,0.6050550937652588,0.9359186291694641,0.0025202676188200712
1063,0829.png#patch0034,27.1357479095459,0.5667925477027893,0.9232102632522583,0.0019338607089594007
1064,0830.png#patch0000,53.48275375366211,0.9954143166542053,0.9993404746055603,4.4846087803307455e-06
1065,0830.png#patch0001,35.7169303894043,0.9789952039718628,0.9971314072608948,0.000268106086878106
1066,0830.png#patch0002,50.36009216308594,0.9946256279945374,0.9991824626922607,9.204292837239336e-06
1067,0830.png#patch0003,28.535959243774414,0.9081214070320129,0.984559178352356,0.0014008894795551896
1068,0830.png#patch0004,28.02906036376953,0.9111645221710205,0.9840883016586304,0.0015743231633678079
1069,0830.png#patch0005,52.46099090576172,0.994816780090332,0.9992164373397827,5.6741523621894885e-06
1070,0830.png#patch0006,36.11005401611328,0.9784542918205261,0.9964383244514465,0.00024490320356562734
1071,0830.png#patch0007,34.96492004394531,0.9344039559364319,0.9919001460075378,0.0003187923284713179
1072,0830.png#patch0008,28.994892120361328,0.8888816833496094,0.9854515790939331,0.001260406686924398
1073,0830.png#patch0009,24.98567008972168,0.7955865263938904,0.9685299396514893,0.003172728233039379
1074,0830.png#patch0010,23.598875045776367,0.7368310689926147,0.9602273106575012,0.004366287030279636
1075,0830.png#patch0011,25.803144454956055,0.773890495300293,0.964150071144104,0.0026283639017492533
1076,0830.png#patch0012,26.655750274658203,0.8382996916770935,0.9764150977134705,0.002159856492653489
1077,0830.png#patch0013,27.239376068115234,0.8713976144790649,0.9831637144088745,0.0018882615258917212
1078,0830.png#patch0014,26.519189834594727,0.7201667428016663,0.9451552629470825,0.002228850033134222
1079,0830.png#patch0015,25.901508331298828,0.6898519992828369,0.9381638765335083,0.002569501753896475
1080,0830.png#patch0016,25.733989715576172,0.6837688684463501,0.939559817314148,0.0026705509517341852
1081,0830.png#patch0017,24.47518539428711,0.6688060760498047,0.9336276650428772,0.0035684644244611263
1082,0830.png#patch0018,24.710041046142578,0.676056981086731,0.9339816570281982,0.0033806166611611843
1083,0830.png#patch0019,24.679841995239258,0.6467317938804626,0.9241288304328918,0.003404205199331045
1084,0830.png#patch0020,24.971349716186523,0.6381335854530334,0.9246086478233337,0.0031832074746489525
1085,0831.png#patch0000,28.50707244873047,0.9270414710044861,0.9897835850715637,0.001410238561220467
1086,0831.png#patch0001,31.007692337036133,0.9473360776901245,0.9928424954414368,0.0007929223938845098
1087,0831.png#patch0002,31.143686294555664,0.9547635316848755,0.9933204650878906,0.0007684775628149509
1088,0831.png#patch0003,32.82088851928711,0.952940046787262,0.9934386610984802,0.0005222889012657106
1089,0831.png#patch0004,38.26105499267578,0.9652794599533081,0.9942406415939331,0.0001492431911174208
1090,0831.png#patch0005,35.7984504699707,0.9604993462562561,0.9939414262771606,0.00026312071713618934
1091,0831.png#patch0006,31.893033981323242,0.9614753723144531,0.9946143627166748,0.0006466906052082777
1092,0831.png#patch0007,34.493709564208984,0.9504901170730591,0.9920074939727783,0.00035532756010070443
1093,0831.png#patch0008,36.952247619628906,0.9516594409942627,0.9918748736381531,0.0002017322403844446
1094,0831.png#patch0009,36.36384582519531,0.923918604850769,0.9862596392631531,0.00023100180260371417
1095,0831.png#patch0010,31.502471923828125,0.8718097805976868,0.9649919271469116,0.0007075426983647048
1096,0831.png#patch0011,29.81117057800293,0.8669204711914062,0.9605158567428589,0.001044438686221838
1097,0831.png#patch0012,33.03895568847656,0.9027546644210815,0.9765163064002991,0.0004967116983607411
1098,0831.png#patch0013,32.18764114379883,0.9027513265609741,0.9706273674964905,0.0006042763707228005
1099,0831.png#patch0014,32.96380615234375,0.9096369743347168,0.983615517616272,0.0005053814966231585
1100,0831.png#patch0015,31.949859619140625,0.8892238140106201,0.9795833826065063,0.0006382837309502065
1101,0831.png#patch0016,32.8592643737793,0.8936358690261841,0.9816829562187195,0.0005176941631361842
1102,0831.png#patch0017,30.37286949157715,0.8783568143844604,0.9722743630409241,0.0009177260799333453
1103,0831.png#patch0018,32.65812683105469,0.9372877478599548,0.987838089466095,0.0005422346293926239
1104,0831.png#patch0019,36.3066291809082,0.9563117623329163,0.991629958152771,0.0002340652426937595
1105,0831.png#patch0020,38.739280700683594,0.9619642496109009,0.9938786625862122,0.00013368160580284894
1106,0831.png#patch0021,31.60909080505371,0.9053369760513306,0.98504239320755,0.0006903839530423284
1107,0831.png#patch0022,29.0556583404541,0.8891590237617493,0.9817731976509094,0.0012428940972313285
1108,0831.png#patch0023,28.38473129272461,0.8588941097259521,0.9759516716003418,0.0014505299041047692
1109,0831.png#patch0024,30.60364532470703,0.8852083086967468,0.9821491241455078,0.0008702325285412371
1110,0831.png#patch0025,31.36004066467285,0.9174109101295471,0.9869027733802795,0.0007311317604035139
1111,0831.png#patch0026,32.14738464355469,0.9250633716583252,0.987744152545929,0.0006099041202105582
1112,0831.png#patch0027,35.1919059753418,0.9332708716392517,0.9895889759063721,0.00030255832825787365
1113,0831.png#patch0028,32.33979797363281,0.9258588552474976,0.9856008291244507,0.0005834720213897526
1114,0831.png#patch0029,29.852140426635742,0.8826606273651123,0.9795076251029968,0.0010346317430958152
1115,0831.png#patch0030,31.779443740844727,0.8979521989822388,0.982991635799408,0.000663827930111438
1116,0831.png#patch0031,33.42159652709961,0.9269320964813232,0.9881280660629272,0.0004548204888124019
1117,0831.png#patch0032,31.301185607910156,0.9086551070213318,0.9850389957427979,0.0007411077967844903
1118,0831.png#patch0033,38.4214973449707,0.9650611877441406,0.9938368201255798,0.00014383018424268812
1119,0831.png#patch0034,36.24565124511719,0.9551923274993896,0.9925968050956726,0.00023737478477414697
1120,0832.png#patch0000,32.58503723144531,0.9406619668006897,0.9904847145080566,0.0005514375516213477
1121,0832.png#patch0001,33.056819915771484,0.954704225063324,0.9922159314155579,0.0004946728004142642
1122,0832.png#patch0002,32.26509094238281,0.9470024108886719,0.990807056427002,0.0005935956141911447
1123,0832.png#patch0003,34.21004104614258,0.9372934103012085,0.9878633618354797,0.00037931129918433726
1124,0832.png#patch0004,29.83537483215332,0.9354309439659119,0.988743007183075,0.0010386337526142597
1125,0832.png#patch0005,34.687644958496094,0.9730923771858215,0.9955434799194336,0.0003398095432203263
1126,0832.png#patch0006,35.34624099731445,0.9703418612480164,0.99471515417099,0.0002919953258242458
1127,0832.png#patch0007,33.89607620239258,0.9436109662055969,0.9900997877120972,0.00040774818626232445
1128,0832.png#patch0008,31.821949005126953,0.9492883086204529,0.9914087653160095,0.0006573626887984574
1129,0832.png#patch0009,34.42131042480469,0.9382693767547607,0.987949550151825,0.000361300801159814
1130,0832.png#patch0010,34.756019592285156,0.9419304132461548,0.9906981587409973,0.0003345012664794922
1131,0832.png#patch0011,31.54825210571289,0.9283457398414612,0.9876745939254761,0.0007001236663199961
1132,0832.png#patch0012,30.064178466796875,0.9288094639778137,0.9885808229446411,0.0009853309020400047
1133,0832.png#patch0013,31.02874755859375,0.9379822015762329,0.9904912114143372,0.0007890876149758697
1134,0832.png#patch0014,35.9942741394043,0.9485087990760803,0.9909131526947021,0.00025151981390081346
1135,0832.png#patch0015,35.87721252441406,0.9579103589057922,0.9931883811950684,0.00025839172303676605
1136,0832.png#patch0016,39.54765319824219,0.9682425260543823,0.994535505771637,0.00011097740934928879
1137,0832.png#patch0017,35.77952194213867,0.9572325944900513,0.9929661750793457,0.0002642699400894344
1138,0832.png#patch0018,37.89277267456055,0.9858840107917786,0.9980612993240356,0.00016245112055912614
1139,0832.png#patch0019,37.11491394042969,0.9708349704742432,0.9956391453742981,0.00019431597320362926
1140,0832.png#patch0020,33.069515228271484,0.9505589604377747,0.9924706220626831,0.000493228726554662
1141,0832.png#patch0021,38.485660552978516,0.9741901159286499,0.9955825805664062,0.00014172084047459066
1142,0832.png#patch0022,36.19358825683594,0.966282844543457,0.994370698928833,0.00024023751029744744
1143,0832.png#patch0023,40.47541427612305,0.9801945686340332,0.9965620636940002,8.96310739335604e-05
1144,0832.png#patch0024,38.49299240112305,0.9762892723083496,0.9959701299667358,0.00014148176705930382
1145,0832.png#patch0025,36.2083740234375,0.9733134508132935,0.9954345226287842,0.00023942110419739038
1146,0832.png#patch0026,40.636390686035156,0.9808013439178467,0.9963901042938232,8.636956772534177e-05
1147,0832.png#patch0027,36.689048767089844,0.9659578800201416,0.9941332340240479,0.0002143360034096986
1148,0832.png#patch0028,35.036842346191406,0.8996529579162598,0.9830692410469055,0.000313556200126186
1149,0832.png#patch0029,34.63056945800781,0.8860673308372498,0.9792684316635132,0.0003443048626650125
1150,0832.png#patch0030,33.72265625,0.8616963028907776,0.9749282598495483,0.00042435963405296206
1151,0832.png#patch0031,36.03517532348633,0.9199187159538269,0.9879404306411743,0.00024916219990700483
1152,0832.png#patch0032,35.8482666015625,0.9218184947967529,0.9879363179206848,0.00026011973386630416
1153,0832.png#patch0033,35.3416862487793,0.9272522926330566,0.9887011051177979,0.00029230170184746385
1154,0832.png#patch0034,35.21921920776367,0.9027685523033142,0.9836207032203674,0.0003006615152116865
1155,0833.png#patch0000,43.429203033447266,0.9552120566368103,0.9923228621482849,4.540247391560115e-05
1156,0833.png#patch0001,43.530086517333984,0.955998420715332,0.9925122261047363,4.4359952880768105e-05
1157,0833.png#patch0002,43.68940353393555,0.9572583436965942,0.9927613139152527,4.27621380367782e-05
1158,0833.png#patch0003,43.66971206665039,0.9573497176170349,0.9927484393119812,4.2956460674759e-05
1159,0833.png#patch0004,43.603973388671875,0.9564080238342285,0.9924899935722351,4.3611675209831446e-05
1160,0833.png#patch0005,43.64414978027344,0.9570810794830322,0.9927634596824646,4.321004234952852e-05
1161,0833.png#patch0006,43.740814208984375,0.9580042958259583,0.9926119446754456,4.225892189424485e-05
1162,0833.png#patch0007,35.89081573486328,0.9401182532310486,0.9915197491645813,0.0002575838007032871
1163,0833.png#patch0008,35.06834411621094,0.9429785013198853,0.99114590883255,0.0003112902631983161
1164,0833.png#patch0009,37.80916213989258,0.9279335141181946,0.9884239435195923,0.0001656088134041056
1165,0833.png#patch0010,34.23752212524414,0.8946139812469482,0.9827292561531067,0.00037691861507482827
1166,0833.png#patch0011,39.92251205444336,0.9441017508506775,0.9911487698554993,0.00010180027311434969
1167,0833.png#patch0012,31.063323974609375,0.9013940095901489,0.9859455823898315,0.0007828300585970283
1168,0833.png#patch0013,32.236907958984375,0.9152292609214783,0.9879962205886841,0.0005974604864604771
1169,0833.png#patch0014,34.072669982910156,0.9230702519416809,0.9868731498718262,0.0003915010311175138
1170,0833.png#patch0015,30.28036117553711,0.9009525179862976,0.9842185974121094,0.0009374836809001863
1171,0833.png#patch0016,34.49119567871094,0.9250864386558533,0.9887625575065613,0.0003555332950782031
1172,0833.png#patch0017,28.61029624938965,0.8729210495948792,0.9791007041931152,0.0013771153753623366
1173,0833.png#patch0018,33.47105026245117,0.9339004158973694,0.990281343460083,0.0004496708861552179
1174,0833.png#patch0019,30.20577049255371,0.9288364052772522,0.9899147748947144,0.0009537246078252792
1175,0833.png#patch0020,33.29401779174805,0.9402420520782471,0.9901688098907471,0.00046837961417622864
1176,0833.png#patch0021,43.5035514831543,0.9567340016365051,0.9926842451095581,4.463182995095849e-05
1177,0833.png#patch0022,43.47294998168945,0.9567354917526245,0.992692768573761,4.494741733651608e-05
1178,0833.png#patch0023,43.5198974609375,0.9567054510116577,0.9928231835365295,4.44641373178456e-05
1179,0833.png#patch0024,43.480796813964844,0.9577454924583435,0.9929257035255432,4.4866294047096744e-05
1180,0833.png#patch0025,43.736228942871094,0.9581936597824097,0.9928137063980103,4.230354534229264e-05
1181,0833.png#patch0026,43.837711334228516,0.9592610597610474,0.9929016828536987,4.1326493374072015e-05
1182,0833.png#patch0027,43.75937271118164,0.9580742716789246,0.9928581714630127,4.207871461403556e-05
1183,0833.png#patch0028,35.79808807373047,0.9452735781669617,0.9915707111358643,0.00026314242859371006
1184,0833.png#patch0029,37.33993148803711,0.9469913244247437,0.9914803504943848,0.00018450430070515722
1185,0833.png#patch0030,35.360992431640625,0.9346535205841064,0.9899211525917053,0.0002910051553044468
1186,0833.png#patch0031,38.56672668457031,0.9509876370429993,0.9926931262016296,0.0001390999968862161
1187,0833.png#patch0032,41.21918487548828,0.9559597373008728,0.9928514361381531,7.552337046945468e-05
1188,0833.png#patch0033,41.402645111083984,0.9553021788597107,0.9928884506225586,7.23994235158898e-05
1189,0833.png#patch0034,41.446815490722656,0.95731121301651,0.993230402469635,7.166684372350574e-05
1190,0833.png#patch0035,38.10152053833008,0.9462230801582336,0.9923673868179321,0.00015482728485949337
1191,0833.png#patch0036,36.49068832397461,0.9478909373283386,0.9929386973381042,0.0002243525377707556
1192,0833.png#patch0037,35.53925323486328,0.939569890499115,0.9907342791557312,0.00027930212672799826
1193,0833.png#patch0038,35.213470458984375,0.939477801322937,0.9911302924156189,0.000301059742923826
1194,0833.png#patch0039,41.39442443847656,0.9550143480300903,0.9932467341423035,7.253662624862045e-05
1195,0833.png#patch0040,31.035398483276367,0.9054636359214783,0.9856201410293579,0.0007878797478042543
1196,0833.png#patch0041,34.74651336669922,0.914360761642456,0.9871878623962402,0.00033523442107252777
1197,0834.png#patch0000,60.38396453857422,0.9990423917770386,0.999848484992981,9.1538407787084e-07
1198,0834.png#patch0001,58.922203063964844,0.9986380338668823,0.9997934699058533,1.2816802836823626e-06
1199,0834.png#patch0002,34.8723258972168,0.9794918298721313,0.9973782896995544,0.0003256622003391385
1200,0834.png#patch0003,29.025049209594727,0.8694411516189575,0.9784278869628906,0.001251684851013124
1201,0834.png#patch0004,43.01820373535156,0.9951045513153076,0.9994696378707886,4.9909049266716465e-05
1202,0834.png#patch0005,55.90487289428711,0.9972587823867798,0.9996201395988464,2.567511955930968e-06
1203,0834.png#patch0006,54.684513092041016,0.996566116809845,0.9994584321975708,3.4005468023678986e-06
1204,0834.png#patch0007,63.39830017089844,0.999527633190155,0.9999270439147949,4.5726704911430716e-07
1205,0834.png#patch0008,36.311798095703125,0.9859715700149536,0.9984025955200195,0.00023378677724394947
1206,0834.png#patch0009,24.153244018554688,0.6372674703598022,0.9276883602142334,0.0038430453278124332
1207,0834.png#patch0010,24.630027770996094,0.726783812046051,0.9475407600402832,0.003443476976826787
1208,0834.png#patch0011,29.177734375,0.9169496893882751,0.9848294854164124,0.001208443776704371
1209,0834.png#patch0012,55.466949462890625,0.9971299767494202,0.9995157122612,2.839911303453846e-06
1210,0834.png#patch0013,56.85466384887695,0.9979008436203003,0.9996758103370667,2.0631634924939135e-06
1211,0834.png#patch0014,71.59619140625,0.9999362826347351,0.9999879002571106,6.924375384187442e-08
1212,0834.png#patch0015,29.195510864257812,0.8939861059188843,0.9841398000717163,0.0012035071849822998
1213,0834.png#patch0016,25.981983184814453,0.8393703103065491,0.9735559225082397,0.0025223277043551207
1214,0834.png#patch0017,28.481449127197266,0.8255185484886169,0.9722872972488403,0.0014185835607349873
1215,0834.png#patch0018,32.87556076049805,0.8800724148750305,0.9820386171340942,0.0005157553241588175
1216,0834.png#patch0019,31.993234634399414,0.9353607296943665,0.9913414716720581,0.0006319407257251441
1217,0834.png#patch0020,32.480255126953125,0.9653900861740112,0.9940664172172546,0.0005649038939736784
1218,0834.png#patch0021,27.226608276367188,0.7721788883209229,0.9623409509658813,0.0018938221037387848
1219,0834.png#patch0022,27.131811141967773,0.8304129242897034,0.9736878871917725,0.0019356139237061143
1220,0834.png#patch0023,27.616071701049805,0.8362727761268616,0.9734848141670227,0.0017313810531049967
1221,0834.png#patch0024,31.935287475585938,0.8702854514122009,0.979315459728241,0.000640429207123816
1222,0834.png#patch0025,32.65409851074219,0.8608562350273132,0.9772849678993225,0.0005427375435829163
1223,0834.png#patch0026,30.288928985595703,0.8690821528434753,0.9797866344451904,0.0009356357040815055
1224,0834.png#patch0027,22.924448013305664,0.6790894269943237,0.9412928819656372,0.005099821370095015
1225,0834.png#patch0028,23.745441436767578,0.6536628603935242,0.9353380799293518,0.00422139186412096
1226,0834.png#patch0029,26.787294387817383,0.8702217936515808,0.9756821393966675,0.002095417119562626
1227,0834.png#patch0030,27.61811065673828,0.8453930616378784,0.9717846512794495,0.0017305680084973574
1228,0834.png#patch0031,27.019752502441406,0.7753313779830933,0.959587037563324,0.0019862083718180656
1229,0834.png#patch0032,28.658283233642578,0.7853438258171082,0.9607323408126831,0.0013619824312627316
1230,0834.png#patch0033,28.90926742553711,0.788023829460144,0.9640960097312927,0.0012855030363425612
1231,0834.png#patch0034,25.04843521118164,0.6997235417366028,0.9471853971481323,0.0031272040214389563
1232,0835.png#patch0000,31.799230575561523,0.871868371963501,0.9776492714881897,0.0006608101539313793
1233,0835.png#patch0001,27.263694763183594,0.755866527557373,0.9552728533744812,0.0018777177901938558
1234,0835.png#patch0002,25.62248992919922,0.8073527812957764,0.9660958647727966,0.002740002004429698
1235,0835.png#patch0003,21.95223617553711,0.7159174680709839,0.9527276158332825,0.00637934822589159
1236,0835.png#patch0004,23.652835845947266,0.7148321866989136,0.9505293965339661,0.004312373232096434
1237,0835.png#patch0005,28.136688232421875,0.7841695547103882,0.960697591304779,0.001535787363536656
1238,0835.png#patch0006,25.455421447753906,0.7300460338592529,0.9535756707191467,0.002847460564225912
1239,0835.png#patch0007,23.21780776977539,0.6003064513206482,0.9251614212989807,0.004766715690493584
1240,0835.png#patch0008,27.390819549560547,0.6920831799507141,0.9463284611701965,0.0018235512543469667
1241,0835.png#patch0009,24.42601776123047,0.6957758069038391,0.9470382332801819,0.003609093837440014
1242,0835.png#patch0010,22.27918815612793,0.6505556702613831,0.9387213587760925,0.005916719790548086
1243,0835.png#patch0011,24.286069869995117,0.7381131052970886,0.9541842937469482,0.0037272886838763952
1244,0835.png#patch0012,26.838376998901367,0.7193260788917542,0.9526260495185852,0.0020709154196083546
1245,0835.png#patch0013,22.312780380249023,0.5934455394744873,0.926116406917572,0.005871133878827095
1246,0835.png#patch0014,24.955760955810547,0.7049965262413025,0.9547489285469055,0.0031946550589054823
1247,0835.png#patch0015,24.412029266357422,0.6727083921432495,0.945048451423645,0.003620737697929144
1248,0835.png#patch0016,22.58676528930664,0.6685171127319336,0.9464388489723206,0.005512179806828499
1249,0835.png#patch0017,24.784269332885742,0.6775389909744263,0.9475288391113281,0.0033233268186450005
1250,0835.png#patch0018,31.158615112304688,0.8336341977119446,0.9729207158088684,0.0007658405811525881
1251,0835.png#patch0019,23.11300277709961,0.6271253824234009,0.9374248385429382,0.00488314451649785
1252,0835.png#patch0020,25.691692352294922,0.6963698863983154,0.9526686668395996,0.002696688286960125
1253,0835.png#patch0021,28.3719482421875,0.7995877861976624,0.9709702730178833,0.0014548057224601507
1254,0835.png#patch0022,24.564624786376953,0.670868456363678,0.9461129307746887,0.0034957260359078646
1255,0835.png#patch0023,24.335630416870117,0.687179446220398,0.9502443075180054,0.0036849945317953825
1256,0835.png#patch0024,29.09926414489746,0.7746913433074951,0.9637511372566223,0.0012304767733439803
1257,0835.png#patch0025,25.85992431640625,0.753657877445221,0.9645124077796936,0.0025942239444702864
1258,0835.png#patch0026,29.86380386352539,0.7731870412826538,0.9661024808883667,0.0010318568674847484
1259,0835.png#patch0027,24.652353286743164,0.7202854752540588,0.9566653370857239,0.0034258204977959394
1260,0835.png#patch0028,21.813112258911133,0.6084006428718567,0.9307803511619568,0.006587016396224499
1261,0835.png#patch0029,22.773977279663086,0.6401786804199219,0.9403327107429504,0.005279614590108395
1262,0835.png#patch0030,28.362607955932617,0.7501804232597351,0.9584468007087708,0.0014579382259398699
1263,0835.png#patch0031,25.924911499023438,0.6600387692451477,0.935060977935791,0.0025556928012520075
1264,0835.png#patch0032,27.30597686767578,0.6897936463356018,0.9350530505180359,0.0018595263827592134
1265,0835.png#patch0033,24.133068084716797,0.5890668034553528,0.9192566275596619,0.0038609395269304514
1266,0835.png#patch0034,23.34765625,0.5978307127952576,0.9183555841445923,0.00462630670517683
1267,0835.png#patch0035,23.937620162963867,0.6133409738540649,0.9271849989891052,0.004038666374981403
1268,0835.png#patch0036,31.76966094970703,0.8419696092605591,0.9699723720550537,0.0006653247983194888
1269,0835.png#patch0037,26.90376853942871,0.754662811756134,0.9490967392921448,0.0020399661734700203
1270,0835.png#patch0038,34.39398956298828,0.8615267872810364,0.9759677052497864,0.00036358064971864223
1271,0835.png#patch0039,29.230215072631836,0.8111521005630493,0.9651802778244019,0.001193928997963667
1272,0835.png#patch0040,25.768163681030273,0.7232184410095215,0.9506273865699768,0.002649620408192277
1273,0835.png#patch0041,26.800750732421875,0.7475353479385376,0.9528847932815552,0.002088934415951371
1274,0836.png#patch0000,56.11898422241211,0.9973800778388977,0.9996346831321716,2.4440016659355024e-06
1275,0836.png#patch0001,30.896759033203125,0.9319992065429688,0.9871320724487305,0.0008134371018968523
1276,0836.png#patch0002,32.236419677734375,0.9411774277687073,0.9887252449989319,0.000597527832724154
1277,0836.png#patch0003,35.044498443603516,0.9733126759529114,0.9965357184410095,0.00031300430418923497
1278,0836.png#patch0004,41.912845611572266,0.9957330822944641,0.9993798732757568,6.437468982767314e-05
1279,0836.png#patch0005,58.750160217285156,0.9985288381576538,0.999796450138092,1.333470663666958e-06
1280,0836.png#patch0006,60.52384948730469,0.9990311861038208,0.999855637550354,8.863690936777857e-07
1281,0836.png#patch0007,28.633464813232422,0.9128730297088623,0.9856459498405457,0.001369788427837193
1282,0836.png#patch0008,29.4388370513916,0.9368288516998291,0.9879908561706543,0.0011379314819350839
1283,0836.png#patch0009,26.97978973388672,0.8263557553291321,0.9577664136886597,0.0020045682322233915
1284,0836.png#patch0010,25.649919509887695,0.7830541729927063,0.946208119392395,0.002722750185057521
1285,0836.png#patch0011,26.678611755371094,0.8062976598739624,0.9574084281921387,0.00214851601049304
1286,0836.png#patch0012,26.054311752319336,0.7959723472595215,0.9592222571372986,0.0024806694127619267
1287,0836.png#patch0013,26.050636291503906,0.8483380079269409,0.9692443609237671,0.0024827683810144663
1288,0836.png#patch0014,28.210540771484375,0.8666806817054749,0.9785100817680359,0.0015098912408575416
1289,0836.png#patch0015,26.55976676940918,0.8289992809295654,0.9659018516540527,0.0022081229835748672
1290,0836.png#patch0016,25.607215881347656,0.7841968536376953,0.9507064819335938,0.0027496546972543
1291,0836.png#patch0017,25.677658081054688,0.7687599062919617,0.946229100227356,0.0027054164092987776
1292,0836.png#patch0018,24.89702606201172,0.7336097955703735,0.94996577501297,0.003238153178244829
1293,0836.png#patch0019,24.347810745239258,0.7199559211730957,0.9460251927375793,0.00367467338219285
1294,0836.png#patch0020,24.257099151611328,0.7402821779251099,0.953285813331604,0.0037522336933761835
1295,0836.png#patch0021,26.786052703857422,0.8564151525497437,0.9775640368461609,0.00209601572714746
1296,0836.png#patch0022,27.536529541015625,0.895013153553009,0.9836382865905762,0.0017633845563977957
1297,0836.png#patch0023,27.86048126220703,0.8183454871177673,0.9661343693733215,0.0016366353956982493
1298,0836.png#patch0024,25.302654266357422,0.7892304062843323,0.9648693203926086,0.002949405461549759
1299,0836.png#patch0025,27.79222869873047,0.820127010345459,0.968823254108429,0.0016625586431473494
1300,0836.png#patch0026,27.71473503112793,0.8188322186470032,0.9646125435829163,0.0016924915835261345
1301,0836.png#patch0027,25.532114028930664,0.8024396896362305,0.964479386806488,0.002797618741169572
1302,0836.png#patch0028,27.627113342285156,0.8942570090293884,0.9823976755142212,0.0017269848613068461
1303,0836.png#patch0029,26.82347869873047,0.8776716589927673,0.9804592132568359,0.002078031189739704
1304,0836.png#patch0030,28.78122901916504,0.8196635842323303,0.9698006510734558,0.0013239664258435369
1305,0836.png#patch0031,26.505769729614258,0.8088238835334778,0.9718002676963806,0.0022357478737831116
1306,0836.png#patch0032,29.832618713378906,0.8187538981437683,0.9673416614532471,0.0010392931289970875
1307,0836.png#patch0033,24.96980857849121,0.7259746789932251,0.942648708820343,0.0031843374017626047
1308,0836.png#patch0034,25.233613967895508,0.6995526552200317,0.9409098029136658,0.0029966668225824833
1309,0836.png#patch0035,34.294403076171875,0.9578797221183777,0.992056131362915,0.0003720142412930727
1310,0836.png#patch0036,27.307804107666016,0.8561112880706787,0.9748860001564026,0.0018587432568892837
1311,0836.png#patch0037,28.623762130737305,0.816322386264801,0.9704775214195251,0.0013728520134463906
1312,0836.png#patch0038,26.93370246887207,0.822838544845581,0.972449779510498,0.002025953959673643
1313,0836.png#patch0039,26.237842559814453,0.8236233592033386,0.969377875328064,0.002378020668402314
1314,0836.png#patch0040,29.193439483642578,0.7991490960121155,0.9626731872558594,0.001204081578180194
1315,0836.png#patch0041,32.082218170166016,0.8759329915046692,0.9791424870491028,0.000619124504737556
1316,0837.png#patch0000,25.979368209838867,0.8673936724662781,0.9796503782272339,0.0025238478556275368
1317,0837.png#patch0001,25.546804428100586,0.8564746379852295,0.9771230816841125,0.002788170473650098
1318,0837.png#patch0002,28.98177146911621,0.9208546876907349,0.9879373908042908,0.001264219987206161
1319,0837.png#patch0003,28.908708572387695,0.9154661297798157,0.9857978224754333,0.0012856685789301991
1320,0837.png#patch0004,28.681203842163086,0.9065364003181458,0.9850414991378784,0.0013548132264986634
1321,0837.png#patch0005,29.585750579833984,0.9275551438331604,0.9874768853187561,0.0011000814847648144
1322,0837.png#patch0006,33.19694519042969,0.9604715704917908,0.9932290315628052,0.00047896680189296603
1323,0837.png#patch0007,25.752052307128906,0.826142430305481,0.970363974571228,0.0026594677474349737
1324,0837.png#patch0008,27.503467559814453,0.8502309322357178,0.9745970368385315,0.0017768599791452289
1325,0837.png#patch0009,28.082677841186523,0.8710827827453613,0.9796245098114014,0.001555006136186421
1326,0837.png#patch0010,28.36216926574707,0.8611339926719666,0.9782143235206604,0.0014580856077373028
1327,0837.png#patch0011,27.46417236328125,0.8310638666152954,0.9718809127807617,0.0017930095782503486
1328,0837.png#patch0012,29.57744026184082,0.8834775686264038,0.9782170653343201,0.0011021882528439164
1329,0837.png#patch0013,32.952579498291016,0.9351394772529602,0.9893409013748169,0.0005066895973868668
1330,0837.png#patch0014,31.844226837158203,0.9313920736312866,0.9889612793922424,0.0006539990426972508
1331,0837.png#patch0015,28.89585304260254,0.8998693227767944,0.9841766357421875,0.001289480016566813
1332,0837.png#patch0016,26.409509658813477,0.8427819609642029,0.9766658544540405,0.0022858562879264355
1333,0837.png#patch0017,28.268293380737305,0.8910577297210693,0.9831793904304504,0.001489945687353611
1334,0837.png#patch0018,26.743602752685547,0.8342393040657043,0.9723518490791321,0.0021166042424738407
1335,0837.png#patch0019,28.387460708618164,0.8745790719985962,0.9785979986190796,0.0014496190706267953
1336,0837.png#patch0020,35.382362365722656,0.955272376537323,0.992572546005249,0.00028957679751329124
1337,0837.png#patch0021,25.093595504760742,0.8066806197166443,0.9683757424354553,0.0030948545318096876
1338,0837.png#patch0022,28.388713836669922,0.866148829460144,0.9793592691421509,0.0014492003247141838
1339,0837.png#patch0023,28.682966232299805,0.8628573417663574,0.9795534610748291,0.0013542633969336748
1340,0837.png#patch0024,31.40454864501953,0.919369101524353,0.9862233400344849,0.0007236773381009698
1341,0837.png#patch0025,29.77643394470215,0.8796172142028809,0.9800540804862976,0.0010528255952522159
1342,0837.png#patch0026,28.478967666625977,0.8670777082443237,0.9767424464225769,0.0014193940442055464
1343,0837.png#patch0027,30.502302169799805,0.9153558015823364,0.9867244958877563,0.0008907783776521683
1344,0837.png#patch0028,27.268457412719727,0.8567538261413574,0.9764089584350586,0.0018756600329652429
1345,0837.png#patch0029,28.0557918548584,0.8321620225906372,0.9721649885177612,0.0015646627871319652
1346,0837.png#patch0030,30.328569412231445,0.890704333782196,0.9827771186828613,0.0009271351154893637
1347,0837.png#patch0031,30.795475006103516,0.9172328114509583,0.9848339557647705,0.0008326306706294417
1348,0837.png#patch0032,25.95694923400879,0.8478628396987915,0.9718180894851685,0.002536909654736519
1349,0837.png#patch0033,26.37289047241211,0.8431839942932129,0.974556565284729,0.002305211964994669
1350,0837.png#patch0034,24.193510055541992,0.7657509446144104,0.9582372903823853,0.003807579167187214
1351,0838.png#patch0000,37.434452056884766,0.9406909346580505,0.9913495779037476,0.00018053226813208312
1352,0838.png#patch0001,38.531673431396484,0.9470469355583191,0.9921005964279175,0.00014022731920704246
1353,0838.png#patch0002,40.75922775268555,0.9513266086578369,0.9935232996940613,8.396085468120873e-05
1354,0838.png#patch0003,39.97502899169922,0.94174724817276,0.9917354583740234,0.00010057660256279632
1355,0838.png#patch0004,38.55004119873047,0.9287136793136597,0.9898217916488647,0.00013963547826278955
1356,0838.png#patch0005,41.41429901123047,0.9452658891677856,0.9927226901054382,7.220539555419236e-05
1357,0838.png#patch0006,39.2702522277832,0.9382443428039551,0.9910498261451721,0.00011829727736767381
1358,0838.png#patch0007,41.59931182861328,0.9517491459846497,0.9938527941703796,6.919400038896129e-05
1359,0838.png#patch0008,42.31113815307617,0.9566672444343567,0.9937410950660706,5.87335234740749e-05
1360,0838.png#patch0009,41.15730667114258,0.9466540217399597,0.9921556115150452,7.660708070034161e-05
1361,0838.png#patch0010,40.02147674560547,0.9362406730651855,0.9914759993553162,9.95065929600969e-05
1362,0838.png#patch0011,40.661888122558594,0.9416609406471252,0.9925448298454285,8.586399053456262e-05
1363,0838.png#patch0012,44.00478744506836,0.9649298191070557,0.9956942796707153,3.9766859117662534e-05
1364,0838.png#patch0013,40.501705169677734,0.9463140368461609,0.9920730590820312,8.909004100132734e-05
1365,0838.png#patch0014,43.75027847290039,0.9574849009513855,0.9940415024757385,4.2166935600107536e-05
1366,0838.png#patch0015,39.092247009277344,0.9304531812667847,0.9902605414390564,0.00012324673298280686
1367,0838.png#patch0016,37.51014709472656,0.9021066427230835,0.9842536449432373,0.00017741299234330654
1368,0838.png#patch0017,39.94442367553711,0.9322113394737244,0.9902656674385071,0.00010128784197149798
1369,0838.png#patch0018,42.05913162231445,0.9512108564376831,0.9941653609275818,6.224248500075191e-05
1370,0838.png#patch0019,43.45427322387695,0.9574683308601379,0.994517982006073,4.514116881182417e-05
1371,0838.png#patch0020,41.5999755859375,0.9399051070213318,0.9919288754463196,6.918345752637833e-05
1372,0838.png#patch0021,43.90160369873047,0.9581769704818726,0.9940751194953918,4.072297451784834e-05
1373,0838.png#patch0022,41.94703674316406,0.9513683319091797,0.9933986663818359,6.386988388840109e-05
1374,0838.png#patch0023,39.50529861450195,0.9492816925048828,0.9931938648223877,0.00011206498311366886
1375,0838.png#patch0024,41.80437469482422,0.9485105872154236,0.9936893582344055,6.600276537938043e-05
1376,0838.png#patch0025,42.894508361816406,0.953815758228302,0.994245171546936,5.1350976718822494e-05
1377,0838.png#patch0026,44.18183135986328,0.9626001715660095,0.9949225783348083,3.817829929175787e-05
1378,0838.png#patch0027,42.53682327270508,0.9443680047988892,0.9922378063201904,5.575931936618872e-05
1379,0838.png#patch0028,43.88692092895508,0.9581247568130493,0.9941678643226624,4.0860893932403997e-05
1380,0838.png#patch0029,43.40259552001953,0.9724527597427368,0.995897114276886,4.568151052808389e-05
1381,0838.png#patch0030,43.76496124267578,0.9832695722579956,0.9975615739822388,4.2024610593216494e-05
1382,0838.png#patch0031,41.87116241455078,0.9598599672317505,0.994957447052002,6.499557639472187e-05
1383,0838.png#patch0032,43.453155517578125,0.9595305323600769,0.9944322109222412,4.515279215411283e-05
1384,0838.png#patch0033,44.96470260620117,0.9680526852607727,0.9956279397010803,3.188080881955102e-05
1385,0838.png#patch0034,42.68507766723633,0.9464632868766785,0.9926183223724365,5.388801218941808e-05
1386,0839.png#patch0000,77.80135345458984,0.9999977946281433,0.9999986290931702,1.6590675500083307e-08
1387,0839.png#patch0001,38.99161148071289,0.9879409074783325,0.9987525343894958,0.00012613597209565341
1388,0839.png#patch0002,32.20176315307617,0.9167588353157043,0.9878001809120178,0.0006023146561346948
1389,0839.png#patch0003,32.37963104248047,0.9292044043540955,0.9899585247039795,0.0005781450308859348
1390,0839.png#patch0004,40.210575103759766,0.9941712617874146,0.9994562268257141,9.526703070150688e-05
1391,0839.png#patch0005,74.87220001220703,0.9999819993972778,0.9999972581863403,3.256714720123455e-08
1392,0839.png#patch0006,77.68927764892578,0.999997615814209,0.9999986290931702,1.7024385456920754e-08
1393,0839.png#patch0007,41.85392379760742,0.9968911409378052,0.9997150301933289,6.525404751300812e-05
1394,0839.png#patch0008,30.236392974853516,0.8209036588668823,0.9723915457725525,0.0009470230434089899
1395,0839.png#patch0009,29.63541030883789,0.8008638024330139,0.9711571931838989,0.0010875737061724067
1396,0839.png#patch0010,29.835214614868164,0.8197183012962341,0.9730644822120667,0.0010386720532551408
1397,0839.png#patch0011,28.365070343017578,0.7706083059310913,0.963082492351532,0.001457111444324255
1398,0839.png#patch0012,35.00278854370117,0.9584887027740479,0.9948369264602661,0.00031602467061020434
1399,0839.png#patch0013,76.79631042480469,0.9999926686286926,0.9999979138374329,2.0910723819156374e-08
1400,0839.png#patch0014,27.634782791137695,0.7997226119041443,0.9708936214447021,0.0017239376902580261
1401,0839.png#patch0015,31.103145599365234,0.8871473670005798,0.9855437278747559,0.0007756850100122392
1402,0839.png#patch0016,34.69017028808594,0.8398371338844299,0.978434681892395,0.00033961195731535554
1403,0839.png#patch0017,33.903133392333984,0.8628249168395996,0.9829879403114319,0.0004070863069500774
1404,0839.png#patch0018,36.7680549621582,0.8992443680763245,0.9890453815460205,0.0002104720624629408
1405,0839.png#patch0019,31.546709060668945,0.8447805643081665,0.9772452116012573,0.0007003723294474185
1406,0839.png#patch0020,76.47171783447266,0.9999932646751404,0.9999980330467224,2.253346487179897e-08
1407,0839.png#patch0021,26.456912994384766,0.7690855264663696,0.9662185311317444,0.0022610416635870934
1408,0839.png#patch0022,28.341243743896484,0.7850951552391052,0.971402108669281,0.0014651281526312232
1409,0839.png#patch0023,33.48748779296875,0.8225951790809631,0.9759316444396973,0.00044797221198678017
1410,0839.png#patch0024,34.69045639038086,0.9080610871315002,0.9891489744186401,0.00033958934363909066
1411,0839.png#patch0025,33.78873825073242,0.8854869604110718,0.986640453338623,0.0004179514944553375
1412,0839.png#patch0026,36.272029876708984,0.9523323774337769,0.9940314888954163,0.00023593733203597367
1413,0839.png#patch0027,55.51224899291992,0.9981119632720947,0.9998193979263306,2.810443220369052e-06
1414,0839.png#patch0028,31.557889938354492,0.8332552909851074,0.9764269590377808,0.0006985715008340776
1415,0839.png#patch0029,30.57647705078125,0.8273919224739075,0.976698100566864,0.0008756936294957995
1416,0839.png#patch0030,29.929773330688477,0.7984369993209839,0.9721128940582275,0.0010163015685975552
1417,0839.png#patch0031,30.639602661132812,0.8197617530822754,0.9743467569351196,0.0008630575030110776
1418,0839.png#patch0032,30.79766082763672,0.8155535459518433,0.9738671183586121,0.0008322115754708648
1419,0839.png#patch0033,28.74681854248047,0.7782161235809326,0.9687744379043579,0.0013344987528398633
1420,0839.png#patch0034,28.970619201660156,0.7908454537391663,0.9726255536079407,0.0012674708850681782
1421,0840.png#patch0000,30.827835083007812,0.843417763710022,0.9761022925376892,0.0008264498319476843
1422,0840.png#patch0001,30.373886108398438,0.8728551864624023,0.9795891642570496,0.0009175112354569137
1423,0840.png#patch0002,33.57813262939453,0.9368870258331299,0.9910069108009338,0.00043871899833902717
1424,0840.png#patch0003,41.78996276855469,0.9790685176849365,0.9976831078529358,6.622223008889705e-05
1425,0840.png#patch0004,41.60371398925781,0.9733598828315735,0.9963699579238892,6.912392564117908e-05
1426,0840.png#patch0005,42.18029022216797,0.9812564849853516,0.9977349638938904,6.053001925465651e-05
1427,0840.png#patch0006,46.707942962646484,0.9866437315940857,0.9985559582710266,2.1340540115488693e-05
1428,0840.png#patch0007,32.704349517822266,0.8898311853408813,0.9842604398727417,0.000536494015250355
1429,0840.png#patch0008,33.565223693847656,0.9204526543617249,0.9878188967704773,0.00044002506183460355
1430,0840.png#patch0009,31.302589416503906,0.8527239561080933,0.9785235524177551,0.0007408681558445096
1431,0840.png#patch0010,35.1739387512207,0.9269105195999146,0.9896813035011292,0.00030381273245438933
1432,0840.png#patch0011,38.975284576416016,0.9733261466026306,0.9962268471717834,0.0001266110484721139
1433,0840.png#patch0012,36.88233947753906,0.9576811194419861,0.9935892820358276,0.0002050056355074048
1434,0840.png#patch0013,33.43256759643555,0.9249167442321777,0.9892657995223999,0.00045367301208898425
1435,0840.png#patch0014,31.56171989440918,0.8605362176895142,0.9798191785812378,0.0006979556055739522
1436,0840.png#patch0015,36.586402893066406,0.9375424981117249,0.990552544593811,0.00021946222113911062
1437,0840.png#patch0016,37.585140228271484,0.9445195198059082,0.9914042949676514,0.00017437570204492658
1438,0840.png#patch0017,33.49110412597656,0.911732017993927,0.9866213798522949,0.0004475992463994771
1439,0840.png#patch0018,30.56081199645996,0.8834031820297241,0.9822983741760254,0.0008788582636043429
1440,0840.png#patch0019,30.57903289794922,0.9037845134735107,0.9858765602111816,0.0008751782588660717
1441,0840.png#patch0020,32.529571533203125,0.8862767219543457,0.9813258647918701,0.000558525207452476
1442,0840.png#patch0021,28.39149284362793,0.8282030820846558,0.9734850525856018,0.001448273309506476
1443,0840.png#patch0022,32.64013671875,0.8852386474609375,0.9808881282806396,0.0005444851703941822
1444,0840.png#patch0023,32.195152282714844,0.8778031468391418,0.9816305041313171,0.0006032322417013347
1445,0840.png#patch0024,29.581253051757812,0.8588905334472656,0.9779863953590393,0.0011012214235961437
1446,0840.png#patch0025,29.71599769592285,0.8416578769683838,0.9758810997009277,0.0010675796074792743
1447,0840.png#patch0026,27.884328842163086,0.8009898066520691,0.9672055840492249,0.0016276726964861155
1448,0840.png#patch0027,29.87493133544922,0.8508155345916748,0.9747676849365234,0.001029216917231679
1449,0840.png#patch0028,32.223209381103516,0.9303691387176514,0.9911125898361206,0.0005993476952426136
1450,0840.png#patch0029,30.762941360473633,0.8633072972297668,0.9797434210777283,0.0008388911955989897
1451,0840.png#patch0030,29.64808464050293,0.8027046918869019,0.967679500579834,0.0010844048811122775
1452,0840.png#patch0031,29.350494384765625,0.8195600509643555,0.9714024662971497,0.001161316060461104
1453,0840.png#patch0032,29.12558364868164,0.8413008451461792,0.9745653867721558,0.0012230422580614686
1454,0840.png#patch0033,28.385160446166992,0.8592243790626526,0.9795746803283691,0.0014503871789202094
1455,0840.png#patch0034,31.602184295654297,0.9030426740646362,0.9850370287895203,0.000691482680849731
1456,0841.png#patch0000,35.4711799621582,0.9498642086982727,0.9923490285873413,0.0002837147912941873
1457,0841.png#patch0001,30.312835693359375,0.9109998941421509,0.9865022897720337,0.0009304998675361276
1458,0841.png#patch0002,30.55453872680664,0.8934250473976135,0.9841547608375549,0.000880128238350153
1459,0841.png#patch0003,32.156925201416016,0.9042518138885498,0.984613299369812,0.0006085657514631748
1460,0841.png#patch0004,35.545440673828125,0.9181302785873413,0.9873627424240112,0.00027890459750778973
1461,0841.png#patch0005,32.958038330078125,0.8908687829971313,0.9830328226089478,0.000506053096614778
1462,0841.png#patch0006,30.1533260345459,0.9000175595283508,0.9850342869758606,0.0009653108427301049
1463,0841.png#patch0007,39.903507232666016,0.9581937789916992,0.9928234219551086,0.00010224666766589507
1464,0841.png#patch0008,27.203031539916992,0.8863900899887085,0.9828734993934631,0.0019041307969018817
1465,0841.png#patch0009,26.19256591796875,0.839225172996521,0.9742718935012817,0.002402941230684519
1466,0841.png#patch0010,29.06003189086914,0.856623649597168,0.9774290919303894,0.0012416429817676544
1467,0841.png#patch0011,30.81350326538086,0.8624647259712219,0.977851390838623,0.0008291811682283878
1468,0841.png#patch0012,27.33904266357422,0.8407924771308899,0.9745116829872131,0.0018454220844432712
1469,0841.png#patch0013,26.585956573486328,0.8759452700614929,0.9797947406768799,0.0021948472131043673
1470,0841.png#patch0014,38.1102294921875,0.9414691925048828,0.9900652766227722,0.00015451727085746825
1471,0841.png#patch0015,33.310386657714844,0.8974425792694092,0.9811741709709167,0.00046661790111102164
1472,0841.png#patch0016,27.46363067626953,0.8476445078849792,0.9747376441955566,0.0017932333284989
1473,0841.png#patch0017,25.591094970703125,0.7871522903442383,0.9638417363166809,0.0027598810847848654
1474,0841.png#patch0018,24.877063751220703,0.7815865278244019,0.9638189077377319,0.0032530701719224453
1475,0841.png#patch0019,28.129873275756836,0.8461779356002808,0.9739221930503845,0.0015381990233436227
1476,0841.png#patch0020,26.5139217376709,0.8835856318473816,0.9753644466400146,0.002231556223705411
1477,0841.png#patch0021,43.793418884277344,0.9768583178520203,0.995978057384491,4.1750146920094267e-05
1478,0841.png#patch0022,36.62845230102539,0.9359984397888184,0.9887223243713379,0.00021734742040280253
1479,0841.png#patch0023,37.17814636230469,0.9439978003501892,0.9908961057662964,0.00019150720618199557
1480,0841.png#patch0024,36.5192756652832,0.9126151204109192,0.9860467910766602,0.0002228805242339149
1481,0841.png#patch0025,36.42875289916992,0.9267258048057556,0.988593578338623,0.0002275748847750947
1482,0841.png#patch0026,41.43608474731445,0.9629127383232117,0.993704080581665,7.184414425864816e-05
1483,0841.png#patch0027,30.53029441833496,0.9302924275398254,0.9856088161468506,0.0008850551676005125
1484,0841.png#patch0028,54.49428176879883,0.9962782859802246,0.9995436668395996,3.552806674633757e-06
1485,0841.png#patch0029,50.63765335083008,0.9920015931129456,0.9989315867424011,8.634450750832912e-06
1486,0841.png#patch0030,44.42596435546875,0.9806237816810608,0.9972530603408813,3.609135819715448e-05
1487,0841.png#patch0031,38.920928955078125,0.9274764657020569,0.9879915118217468,0.0001282054727198556
1488,0841.png#patch0032,39.33699417114258,0.9270390272140503,0.9883401989936829,0.0001164931381936185
1489,0841.png#patch0033,40.33056640625,0.9364482760429382,0.9912089705467224,9.267091081710532e-05
1490,0841.png#patch0034,34.88528823852539,0.9207888841629028,0.9874038100242615,0.0003246915293857455
1491,0842.png#patch0000,58.823673248291016,0.9986087083816528,0.9998498558998108,1.3110899317325675e-06
1492,0842.png#patch0001,55.46006774902344,0.9978987574577332,0.999783992767334,2.844416485459078e-06
1493,0842.png#patch0002,57.64605712890625,0.9982483386993408,0.9998053312301636,1.7194679458043538e-06
1494,0842.png#patch0003,31.833755493164062,0.9378373622894287,0.9895190000534058,0.0006555779837071896
1495,0842.png#patch0004,31.1931095123291,0.9493654370307922,0.9912493824958801,0.0007597816875204444
1496,0842.png#patch0005,56.47553634643555,0.9975302219390869,0.9997292160987854,2.251365913252812e-06
1497,0842.png#patch0006,55.70779037475586,0.9970795512199402,0.9996785521507263,2.686709876797977e-06
1498,0842.png#patch0007,54.08709716796875,0.9964549541473389,0.9996015429496765,3.902026037394535e-06
1499,0842.png#patch0008,42.607688903808594,0.9899837970733643,0.9989975690841675,5.485686779138632e-05
1500,0842.png#patch0009,30.047096252441406,0.8444470763206482,0.976972758769989,0.0009892137022688985
1501,0842.png#patch0010,30.41206932067871,0.864612877368927,0.9789555668830872,0.0009094798588193953
1502,0842.png#patch0011,27.878128051757812,0.771665632724762,0.9613378047943115,0.0016299976268783212
1503,0842.png#patch0012,45.8226432800293,0.9955719709396362,0.9995079040527344,2.6165878807660192e-05
1504,0842.png#patch0013,56.86886978149414,0.9977866411209106,0.9997584819793701,2.056425046248478e-06
1505,0842.png#patch0014,50.21738815307617,0.9916844964027405,0.9990007877349854,9.511759344604798e-06
1506,0842.png#patch0015,32.75044631958008,0.8637130856513977,0.9778099060058594,0.0005308297113515437
1507,0842.png#patch0016,36.13795471191406,0.9425020217895508,0.992924153804779,0.00024333500186912715
1508,0842.png#patch0017,36.57850646972656,0.8923919200897217,0.9843945503234863,0.00021986139472573996
1509,0842.png#patch0018,35.48011016845703,0.9556134939193726,0.9948124289512634,0.0002831319288816303
1510,0842.png#patch0019,36.73329162597656,0.9827977418899536,0.998283863067627,0.00021216347522567958
1511,0842.png#patch0020,49.727813720703125,0.9959798455238342,0.9995701313018799,1.0646790542523377e-05
1512,0842.png#patch0021,45.27168655395508,0.9905677437782288,0.9989294409751892,2.970511923194863e-05
1513,0842.png#patch0022,31.17612075805664,0.7959328889846802,0.963353157043457,0.0007627599406987429
1514,0842.png#patch0023,34.5367317199707,0.8864840865135193,0.9822555780410767,0.0003518251469358802
1515,0842.png#patch0024,30.933460235595703,0.7654991745948792,0.9569295048713684,0.0008065918809734285
1516,0842.png#patch0025,29.2907772064209,0.7671160697937012,0.9614306688308716,0.0011773948790505528
1517,0842.png#patch0026,30.41192054748535,0.9172778725624084,0.9870163202285767,0.000909510359633714
1518,0842.png#patch0027,32.23680114746094,0.9112727642059326,0.9855037331581116,0.00059747532941401
1519,0842.png#patch0028,26.8697566986084,0.8039600849151611,0.9697308540344238,0.0020560056436806917
1520,0842.png#patch0029,30.053300857543945,0.8056501746177673,0.9666696190834045,0.0009878018172457814
1521,0842.png#patch0030,30.547687530517578,0.820815920829773,0.9685120582580566,0.0008815178298391402
1522,0842.png#patch0031,31.689029693603516,0.8293398022651672,0.9672459363937378,0.0006777926464565098
1523,0842.png#patch0032,29.537006378173828,0.8281984925270081,0.971659243106842,0.0011124976444989443
1524,0842.png#patch0033,35.6086311340332,0.9483656883239746,0.9924412369728088,0.00027487572515383363
1525,0842.png#patch0034,34.30917739868164,0.9576778411865234,0.9936632513999939,0.0003707508440129459
1526,0843.png#patch0000,79.74609375,0.9999994039535522,1.0000003576278687,1.0602072997301093e-08
1527,0843.png#patch0001,79.82362365722656,0.9999994039535522,1.0000003576278687,1.041447905691939e-08
1528,0843.png#patch0002,78.90077209472656,0.9999972581863403,0.9999995827674866,1.2880195576769893e-08
1529,0843.png#patch0003,74.43496704101562,0.999973475933075,0.9999964237213135,3.601657638796496e-08
1530,0843.png#patch0004,74.52383422851562,0.9999785423278809,0.9999977946281433,3.528712966271996e-08
1531,0843.png#patch0005,79.47671508789062,0.9999982118606567,0.9999997615814209,1.1280506306832194e-08
1532,0843.png#patch0006,79.83245849609375,0.9999994039535522,1.0000001192092896,1.0393307547928998e-08
1533,0843.png#patch0007,79.74609375,0.9999994039535522,1.0000003576278687,1.0602072997301093e-08
1534,0843.png#patch0008,79.75988006591797,0.9999990463256836,1.0000004768371582,1.0568446562331246e-08
1535,0843.png#patch0009,45.24392318725586,0.9866703152656555,0.9987360835075378,2.989559834531974e-05
1536,0843.png#patch0010,37.63798522949219,0.9339315295219421,0.99236661195755,0.00017226673662662506
1537,0843.png#patch0011,38.497642517089844,0.9475069642066956,0.9942957758903503,0.00014133035438135266
1538,0843.png#patch0012,46.3044319152832,0.9933889508247375,0.9994049072265625,2.341836443520151e-05
1539,0843.png#patch0013,79.82038116455078,0.9999992251396179,1.000000238418579,1.0422249729913347e-08
1540,0843.png#patch0014,79.74609375,0.9999994039535522,1.0000003576278687,1.0602072997301093e-08
1541,0843.png#patch0015,79.80480194091797,0.9999992251396179,1.000000238418579,1.0459691779374225e-08
1542,0843.png#patch0016,37.40247344970703,0.9498002529144287,0.9937514662742615,0.00018186650413554162
1543,0843.png#patch0017,31.30266761779785,0.9341176748275757,0.9920066595077515,0.0007408547680824995
1544,0843.png#patch0018,34.57715606689453,0.932231068611145,0.9923099279403687,0.00034856516867876053
1545,0843.png#patch0019,37.08204650878906,0.9543154835700989,0.9951410889625549,0.00019579223589971662
1546,0843.png#patch0020,79.55338287353516,0.9999985098838806,1.0000001192092896,1.1083097106734385e-08
1547,0843.png#patch0021,79.74913787841797,0.9999994039535522,1.000000238418579,1.0594623844895068e-08
1548,0843.png#patch0022,79.22760772705078,0.9999974370002747,0.9999998211860657,1.1946453604139151e-08
1549,0843.png#patch0023,43.26142120361328,0.9922714829444885,0.999210774898529,4.719083881354891e-05
1550,0843.png#patch0024,35.258609771728516,0.955610454082489,0.9951791167259216,0.00029794705915264785
1551,0843.png#patch0025,35.452239990234375,0.9407191872596741,0.9933350086212158,0.00028495481819845736
1552,0843.png#patch0026,40.316341400146484,0.9651780724525452,0.9956008195877075,9.29749003262259e-05
1553,0843.png#patch0027,79.84712219238281,0.9999994039535522,1.0000001192092896,1.0358273350163927e-08
1554,0843.png#patch0028,79.74609375,0.9999994039535522,1.0000003576278687,1.0602072997301093e-08
1555,0843.png#patch0029,79.87664031982422,0.9999994039535522,1.000000238418579,1.0288115248613394e-08
1556,0843.png#patch0030,79.87664031982422,0.9999994039535522,1.000000238418579,1.0288115248613394e-08
1557,0843.png#patch0031,43.11896896362305,0.9818780422210693,0.997687041759491,4.87644319946412e-05
1558,0843.png#patch0032,51.031707763671875,0.9950724244117737,0.9994261860847473,7.885495506343432e-06
1559,0843.png#patch0033,76.31636810302734,0.9999837279319763,0.9999982714653015,2.335406357190095e-08
1560,0843.png#patch0034,79.84086608886719,0.9999994039535522,1.0000001192092896,1.037322050478906e-08
1561,0844.png#patch0000,57.886531829833984,0.9982214570045471,0.9997509121894836,1.6268467106783646e-06
1562,0844.png#patch0001,59.20849609375,0.9986904859542847,0.9998164772987366,1.1999137541351956e-06
1563,0844.png#patch0002,60.513919830322266,0.9990243911743164,0.9998635649681091,8.883981763574411e-07
1564,0844.png#patch0003,58.70173263549805,0.9986384510993958,0.9998138546943665,1.3484246892403462e-06
1565,0844.png#patch0004,54.43321228027344,0.9964951276779175,0.99948650598526,3.6031192394148093e-06
1566,0844.png#patch0005,59.41849136352539,0.998764157295227,0.9998244047164917,1.1432745168349356e-06
1567,0844.png#patch0006,61.59892272949219,0.9992426633834839,0.9998918175697327,6.920022315171082e-07
1568,0844.png#patch0007,61.56731033325195,0.9992486238479614,0.9998912215232849,6.970581694076827e-07
1569,0844.png#patch0008,56.16468811035156,0.9976138472557068,0.9996581077575684,2.418415988358902e-06
1570,0844.png#patch0009,55.15745162963867,0.9970695972442627,0.9995543956756592,3.0496830731863156e-06
1571,0844.png#patch0010,60.5677604675293,0.9990485906600952,0.9998558759689331,8.774526918386982e-07
1572,0844.png#patch0011,61.705345153808594,0.999274730682373,0.9999029040336609,6.752511580998544e-07
1573,0844.png#patch0012,59.1957893371582,0.9987409114837646,0.9998282194137573,1.2034298606522498e-06
1574,0844.png#patch0013,54.8574104309082,0.9970203638076782,0.9995582103729248,3.2678244679118507e-06
1575,0844.png#patch0014,54.735958099365234,0.9969506859779358,0.999504804611206,3.3605026601435384e-06
1576,0844.png#patch0015,61.90361404418945,0.9993173480033875,0.9999030828475952,6.451166427723365e-07
1577,0844.png#patch0016,59.645084381103516,0.9988420009613037,0.9998471140861511,1.0851537126654875e-06
1578,0844.png#patch0017,57.678504943847656,0.9981891512870789,0.9997444152832031,1.7066702184820315e-06
1579,0844.png#patch0018,55.97930145263672,0.9976310133934021,0.9996333122253418,2.5238839498342713e-06
1580,0844.png#patch0019,52.12010955810547,0.9952840209007263,0.9991517066955566,6.13746033195639e-06
1581,0844.png#patch0020,59.10028839111328,0.998657763004303,0.9998059868812561,1.2301861715968698e-06
1582,0844.png#patch0021,56.01557922363281,0.9980618953704834,0.9997263550758362,2.5028889467648696e-06
1583,0844.png#patch0022,34.598228454589844,0.9793928861618042,0.9969936609268188,0.0003468783397693187
1584,0844.png#patch0023,38.31132888793945,0.9841094017028809,0.9975080490112305,0.00014752543938811868
1585,0844.png#patch0024,40.69623565673828,0.982271134853363,0.997043788433075,8.518758841091767e-05
1586,0844.png#patch0025,57.52293395996094,0.9980750679969788,0.9997314214706421,1.7689128526399145e-06
1587,0844.png#patch0026,42.94806671142578,0.9933200478553772,0.9989848732948303,5.0721646402962506e-05
1588,0844.png#patch0027,46.75167465209961,0.9904868006706238,0.9984120726585388,2.1126721549080685e-05
1589,0844.png#patch0028,40.31037521362305,0.983502209186554,0.9973931312561035,9.310274617746472e-05
1590,0844.png#patch0029,36.36784362792969,0.9683297276496887,0.9949543476104736,0.00023078903905116022
1591,0844.png#patch0030,45.65482711791992,0.9958195686340332,0.9993672966957092,2.7196740120416507e-05
1592,0844.png#patch0031,45.55293273925781,0.9923017024993896,0.9988566637039185,2.7842384952236898e-05
1593,0844.png#patch0032,53.3066291809082,0.9952756762504578,0.9993887543678284,4.670217549573863e-06
1594,0844.png#patch0033,48.378231048583984,0.9937856197357178,0.9991231560707092,1.4527025086863432e-05
1595,0844.png#patch0034,43.97420120239258,0.9848376512527466,0.9974827766418457,4.004787842859514e-05
1596,0845.png#patch0000,28.28875732421875,0.7907862663269043,0.9671639204025269,0.001482942490838468
1597,0845.png#patch0001,22.520702362060547,0.6887177228927612,0.9533471465110779,0.005596670787781477
1598,0845.png#patch0002,23.94851303100586,0.8110926151275635,0.9725443720817566,0.004028548486530781
1599,0845.png#patch0003,23.160053253173828,0.7437032461166382,0.9580124616622925,0.004830528981983662
1600,0845.png#patch0004,23.21552848815918,0.743423581123352,0.9574630260467529,0.004769216291606426
1601,0845.png#patch0005,25.45840072631836,0.8293806910514832,0.9757501482963562,0.002845507813617587
1602,0845.png#patch0006,22.145160675048828,0.7704985737800598,0.9674827456474304,0.006102161481976509
1603,0845.png#patch0007,22.693777084350586,0.7833554148674011,0.9623327255249023,0.005378016270697117
1604,0845.png#patch0008,22.19298553466797,0.6648932099342346,0.9433309435844421,0.006035333964973688
1605,0845.png#patch0009,28.9936580657959,0.8824635744094849,0.9857120513916016,0.0012607646640390158
1606,0845.png#patch0010,20.913171768188477,0.6177522540092468,0.9233295917510986,0.008103689178824425
1607,0845.png#patch0011,21.85276222229004,0.6514852046966553,0.9332596063613892,0.006527151446789503
1608,0845.png#patch0012,33.40207290649414,0.887798011302948,0.9862456917762756,0.0004568700969684869
1609,0845.png#patch0013,23.42851448059082,0.8066269159317017,0.9728343486785889,0.004540968686342239
1610,0845.png#patch0014,39.11250686645508,0.8854864239692688,0.9857560396194458,0.0001226730237249285
1611,0845.png#patch0015,39.60999298095703,0.8963935375213623,0.9870882034301758,0.00010939568164758384
1612,0845.png#patch0016,41.0089225769043,0.9221523404121399,0.990650475025177,7.926979014882818e-05
1613,0845.png#patch0017,41.7909049987793,0.9337987303733826,0.9920138716697693,6.62077873130329e-05
1614,0845.png#patch0018,41.35996627807617,0.9274476170539856,0.9912146329879761,7.31144828023389e-05
1615,0845.png#patch0019,40.01671600341797,0.9044515490531921,0.9882810115814209,9.961578325601295e-05
1616,0845.png#patch0020,39.251319885253906,0.8891484141349792,0.9862732291221619,0.00011881408136105165
1617,0845.png#patch0021,31.76837730407715,0.8294435143470764,0.9751527905464172,0.0006655216566286981
1618,0845.png#patch0022,26.085771560668945,0.7809966206550598,0.9639927744865417,0.0024627638049423695
1619,0845.png#patch0023,27.159564971923828,0.8615904450416565,0.9818545579910278,0.0019232836784794927
1620,0845.png#patch0024,23.717985153198242,0.7135052680969238,0.9459628462791443,0.004248165525496006
1621,0845.png#patch0025,23.86275291442871,0.7160699963569641,0.9460474848747253,0.00410888995975256
1622,0845.png#patch0026,25.54218101501465,0.8281059861183167,0.9765481352806091,0.0027911406941711903
1623,0845.png#patch0027,24.659257888793945,0.778519332408905,0.9625654816627502,0.003420378314331174
1624,0845.png#patch0028,38.26449966430664,0.9201372265815735,0.9893735647201538,0.00014912482583895326
1625,0845.png#patch0029,29.352937698364258,0.8516207933425903,0.9797797203063965,0.0011606633197516203
1626,0845.png#patch0030,23.79538345336914,0.7969668507575989,0.9675979614257812,0.004173126071691513
1627,0845.png#patch0031,23.011327743530273,0.7628270983695984,0.9540882110595703,0.0049988157115876675
1628,0845.png#patch0032,22.425743103027344,0.7580469250679016,0.9481654167175293,0.005720390938222408
1629,0845.png#patch0033,23.97583770751953,0.8020535707473755,0.9722885489463806,0.004003280773758888
1630,0845.png#patch0034,28.863821029663086,0.858856201171875,0.9815576672554016,0.0012990257237106562
1631,0846.png#patch0000,35.30675506591797,0.9888778924942017,0.9983212351799011,0.0002946619060821831
1632,0846.png#patch0001,61.76132583618164,0.9992976188659668,0.9999076724052429,6.666031140412088e-07
1633,0846.png#patch0002,62.52123260498047,0.9994024038314819,0.9999092221260071,5.595982770500996e-07
1634,0846.png#patch0003,27.12337303161621,0.9259271621704102,0.983090877532959,0.0019393784459680319
1635,0846.png#patch0004,25.996496200561523,0.9023339152336121,0.9787166118621826,0.002513912972062826
1636,0846.png#patch0005,98.8177490234375,0.9999957084655762,1.0,1.3128792497596464e-10
1637,0846.png#patch0006,98.8177490234375,0.9999957084655762,1.0,1.3128792497596464e-10
1638,0846.png#patch0007,24.159582138061523,0.8957880139350891,0.979519248008728,0.0038374406285583973
1639,0846.png#patch0008,28.690326690673828,0.9599303603172302,0.994094729423523,0.0013519703643396497
1640,0846.png#patch0009,27.548246383666992,0.9310069680213928,0.9883445501327515,0.0017586336471140385
1641,0846.png#patch0010,20.541250228881836,0.742899477481842,0.925827145576477,0.008828257210552692
1642,0846.png#patch0011,20.328161239624023,0.7378694415092468,0.9241438508033752,0.00927222240716219
1643,0846.png#patch0012,26.711563110351562,0.9124499559402466,0.9863663911819458,0.0021322763059288263
1644,0846.png#patch0013,34.001407623291016,0.975745439529419,0.9967917799949646,0.0003979782050009817
1645,0846.png#patch0014,28.112314224243164,0.825437068939209,0.9720321893692017,0.0015444309683516622
1646,0846.png#patch0015,27.263538360595703,0.767648458480835,0.9670628905296326,0.0018777858931571245
1647,0846.png#patch0016,25.102781295776367,0.7987871170043945,0.9719171524047852,0.0030883154831826687
1648,0846.png#patch0017,21.273168563842773,0.7445459961891174,0.953571081161499,0.007459040265530348
1649,0846.png#patch0018,21.340356826782227,0.7481403946876526,0.9523403644561768,0.0073445332236588
1650,0846.png#patch0019,26.124740600585938,0.7885034084320068,0.9687726497650146,0.0024407641030848026
1651,0846.png#patch0020,23.758655548095703,0.7453185319900513,0.9636531472206116,0.004208568017929792
1652,0846.png#patch0021,32.973148345947266,0.8076226115226746,0.9712902307510376,0.0005042956327088177
1653,0846.png#patch0022,30.580921173095703,0.7325779795646667,0.9605085849761963,0.0008747977553866804
1654,0846.png#patch0023,27.075822830200195,0.8059978485107422,0.9737826585769653,0.0019607292488217354
1655,0846.png#patch0024,23.941204071044922,0.7082204222679138,0.9504772424697876,0.0040353345684707165
1656,0846.png#patch0025,23.846553802490234,0.7251102924346924,0.9541548490524292,0.004124244675040245
1657,0846.png#patch0026,33.27449035644531,0.8794146180152893,0.9824919700622559,0.0004704902821686119
1658,0846.png#patch0027,26.438247680664062,0.6800042986869812,0.9562686681747437,0.0022707802709192038
1659,0846.png#patch0028,34.29680633544922,0.8281125426292419,0.9712316989898682,0.0003718086227308959
1660,0846.png#patch0029,31.281578063964844,0.746101975440979,0.9598619341850281,0.0007444610819220543
1661,0846.png#patch0030,32.53083419799805,0.8577860593795776,0.9799451231956482,0.0005583628662861884
1662,0846.png#patch0031,28.03936004638672,0.7395759224891663,0.9558056592941284,0.0015705933328717947
1663,0846.png#patch0032,28.711505889892578,0.7750808596611023,0.9626997113227844,0.0013453938299790025
1664,0846.png#patch0033,38.04254150390625,0.9268909692764282,0.9890229105949402,0.00015694426838308573
1665,0846.png#patch0034,30.398365020751953,0.7690825462341309,0.9557738304138184,0.0009123540949076414
1666,0847.png#patch0000,72.40746307373047,0.9999881386756897,1.0000033378601074,5.744507447502656e-08
1667,0847.png#patch0001,34.560142517089844,0.956000566482544,0.9926311373710632,0.0003499335434753448
1668,0847.png#patch0002,33.95957946777344,0.9484096169471741,0.9918532967567444,0.000401829369366169
1669,0847.png#patch0003,35.84281539916992,0.9364776611328125,0.9883697032928467,0.000260446424363181
1670,0847.png#patch0004,33.12432861328125,0.9365733861923218,0.9902663826942444,0.00048704276559874415
1671,0847.png#patch0005,66.29730224609375,0.9997642636299133,0.9999715685844421,2.3456830433588038e-07
1672,0847.png#patch0006,36.852943420410156,0.9709293246269226,0.9953667521476746,0.0002063978899968788
1673,0847.png#patch0007,36.107704162597656,0.9625518918037415,0.9936736226081848,0.00024503565509803593
1674,0847.png#patch0008,33.197425842285156,0.9585608839988708,0.9934127926826477,0.0004789134836755693
1675,0847.png#patch0009,33.160030364990234,0.9566454291343689,0.9932169318199158,0.0004830552206840366
1676,0847.png#patch0010,37.4305305480957,0.9724245667457581,0.9946451783180237,0.00018069542420562357
1677,0847.png#patch0011,34.54698181152344,0.9561994671821594,0.992544949054718,0.00035099557135254145
1678,0847.png#patch0012,32.95560073852539,0.9404118061065674,0.9903293251991272,0.0005063370335847139
1679,0847.png#patch0013,34.16757583618164,0.9524034857749939,0.9920673370361328,0.00038303816108964384
1680,0847.png#patch0014,38.96207809448242,0.9721340537071228,0.9953213930130005,0.0001269965578103438
1681,0847.png#patch0015,33.79739761352539,0.9568740129470825,0.9926941990852356,0.0004171191540081054
1682,0847.png#patch0016,28.066871643066406,0.9022147059440613,0.9832012057304382,0.0015606754459440708
1683,0847.png#patch0017,30.369417190551758,0.9125484228134155,0.9854099154472351,0.0009184555383399129
1684,0847.png#patch0018,32.66283416748047,0.9274827241897583,0.987858772277832,0.0005416472558863461
1685,0847.png#patch0019,35.339515686035156,0.961884617805481,0.9943588972091675,0.000292447890387848
1686,0847.png#patch0020,29.792919158935547,0.9247949719429016,0.9879425764083862,0.0010488369734957814
1687,0847.png#patch0021,27.620086669921875,0.87333083152771,0.9784849882125854,0.001729781273752451
1688,0847.png#patch0022,26.203338623046875,0.8536892533302307,0.9758492708206177,0.002396987983956933
1689,0847.png#patch0023,26.825048446655273,0.8523488640785217,0.972011387348175,0.002077279845252633
1690,0847.png#patch0024,27.837995529174805,0.8983750939369202,0.9835755228996277,0.0016451304545626044
1691,0847.png#patch0025,34.26295852661133,0.9498689770698547,0.9927067160606384,0.0003747172886505723
1692,0847.png#patch0026,28.38483238220215,0.8873214721679688,0.9818192720413208,0.0014504961436614394
1693,0847.png#patch0027,25.748291015625,0.7899132370948792,0.9592938423156738,0.002661772072315216
1694,0847.png#patch0028,23.649166107177734,0.664132297039032,0.9069655537605286,0.004316017031669617
1695,0847.png#patch0029,27.14548683166504,0.88658207654953,0.9827550649642944,0.001929528545588255
1696,0847.png#patch0030,34.768917083740234,0.8392897844314575,0.9717810153961182,0.000333509553456679
1697,0847.png#patch0031,28.02614402770996,0.8477072715759277,0.9708536863327026,0.0015753803309053183
1698,0847.png#patch0032,27.42154312133789,0.8563082218170166,0.9768655896186829,0.0018106963252648711
1699,0847.png#patch0033,28.085512161254883,0.8495606780052185,0.9766786694526672,0.0015539913438260555
1700,0847.png#patch0034,27.437118530273438,0.8536312580108643,0.9743261933326721,0.0018042143201455474
1701,0848.png#patch0000,33.191184997558594,0.8033693432807922,0.9704088568687439,0.0004796024295501411
1702,0848.png#patch0001,30.828041076660156,0.824895977973938,0.9764246344566345,0.0008264104835689068
1703,0848.png#patch0002,26.2888126373291,0.7975001335144043,0.9691367745399475,0.0023502742405980825
1704,0848.png#patch0003,32.277976989746094,0.8564438223838806,0.9829019904136658,0.0005918369861319661
1705,0848.png#patch0004,27.103862762451172,0.8542379140853882,0.9778416156768799,0.001948110992088914
1706,0848.png#patch0005,33.772560119628906,0.8819229006767273,0.9858235716819763,0.00041951151797547936
1707,0848.png#patch0006,35.037322998046875,0.8679667711257935,0.9835060238838196,0.0003135217702947557
1708,0848.png#patch0007,32.9422492980957,0.8002053499221802,0.9732349514961243,0.0005078961257822812
1709,0848.png#patch0008,31.701496124267578,0.8339747786521912,0.9783430099487305,0.0006758497329428792
1710,0848.png#patch0009,30.244211196899414,0.8271088600158691,0.9792062640190125,0.0009453199454583228
1711,0848.png#patch0010,25.689538955688477,0.7721816897392273,0.9660879373550415,0.00269802613183856
1712,0848.png#patch0011,24.621553421020508,0.7725465297698975,0.963859498500824,0.003450202289968729
1713,0848.png#patch0012,29.665264129638672,0.8261590600013733,0.9793288707733154,0.001080123707652092
1714,0848.png#patch0013,26.123050689697266,0.8019958138465881,0.970845639705658,0.0024417140521109104
1715,0848.png#patch0014,33.58013916015625,0.823444664478302,0.9774144291877747,0.00043851661030203104
1716,0848.png#patch0015,26.802021026611328,0.8079646825790405,0.9727916121482849,0.00208832323551178
1717,0848.png#patch0016,28.998952865600586,0.8212277293205261,0.9785688519477844,0.0012592282146215439
1718,0848.png#patch0017,24.88916778564453,0.7531896233558655,0.961506187915802,0.0032440179493278265
1719,0848.png#patch0018,24.32933807373047,0.7746346592903137,0.9674437642097473,0.003690337296575308
1720,0848.png#patch0019,29.32898712158203,0.8021286129951477,0.9748769998550415,0.0011670816456899047
1721,0848.png#patch0020,28.70325469970703,0.7858110666275024,0.9712080359458923,0.0013479519402608275
1722,0848.png#patch0021,34.40683364868164,0.8202505707740784,0.97784823179245,0.00036250700941309333
1723,0848.png#patch0022,32.438377380371094,0.8221607804298401,0.9772415161132812,0.000570376927498728
1724,0848.png#patch0023,26.10495376586914,0.8146226406097412,0.975406289100647,0.0024519097059965134
1725,0848.png#patch0024,24.76323890686035,0.762256920337677,0.9650728702545166,0.0033394580241292715
1726,0848.png#patch0025,25.613147735595703,0.7525910139083862,0.9634532332420349,0.0027459021657705307
1727,0848.png#patch0026,30.54132080078125,0.8191303610801697,0.9754979014396667,0.0008828113204799592
1728,0848.png#patch0027,30.917879104614258,0.7695492506027222,0.964074969291687,0.0008094909717328846
1729,0848.png#patch0028,33.50529098510742,0.8293314576148987,0.9798929691314697,0.0004461394564714283
1730,0848.png#patch0029,31.63755989074707,0.7711912393569946,0.9680796265602112,0.0006858731503598392
1731,0848.png#patch0030,25.12566375732422,0.7341452240943909,0.9567365646362305,0.0030720869544893503
1732,0848.png#patch0031,30.760833740234375,0.7867870330810547,0.9701488614082336,0.0008392987656407058
1733,0848.png#patch0032,25.372638702392578,0.7849112153053284,0.9725416302680969,0.0029022579547017813
1734,0848.png#patch0033,29.67461585998535,0.8202895522117615,0.9783984422683716,0.00107780029065907
1735,0848.png#patch0034,32.963809967041016,0.7847182750701904,0.9678004384040833,0.0005053809145465493
1736,0848.png#patch0035,30.94394874572754,0.8293229341506958,0.9768015742301941,0.0008046462316997349
1737,0848.png#patch0036,33.81928253173828,0.7950326204299927,0.972332775592804,0.00041502254316583276
1738,0848.png#patch0037,31.77086067199707,0.8031596541404724,0.969702422618866,0.0006651413277722895
1739,0848.png#patch0038,30.937255859375,0.7842051982879639,0.9668915867805481,0.0008058873936533928
1740,0848.png#patch0039,30.815309524536133,0.7994916439056396,0.9730924963951111,0.0008288367534987628
1741,0848.png#patch0040,29.64908218383789,0.781705379486084,0.9659369587898254,0.0010841555194929242
1742,0848.png#patch0041,32.81549835205078,0.8577094674110413,0.9812385439872742,0.0005229378584772348
1743,0849.png#patch0000,25.669933319091797,0.8641946911811829,0.9788169264793396,0.0027102320455014706
1744,0849.png#patch0001,24.938522338867188,0.828453540802002,0.9716808795928955,0.0032073596958070993
1745,0849.png#patch0002,23.74300193786621,0.7947205901145935,0.9669116735458374,0.0042237634770572186
1746,0849.png#patch0003,23.459224700927734,0.8003295063972473,0.9689083099365234,0.004508971236646175
1747,0849.png#patch0004,24.68999671936035,0.8314927220344543,0.9735760688781738,0.003396254498511553
1748,0849.png#patch0005,24.333757400512695,0.827528178691864,0.974093496799469,0.003686584299430251
1749,0849.png#patch0006,25.782188415527344,0.8145411014556885,0.9687319397926331,0.0026410764548927546
1750,0849.png#patch0007,22.299388885498047,0.816361129283905,0.9695815443992615,0.0058892639353871346
1751,0849.png#patch0008,26.802026748657227,0.842706561088562,0.9723822474479675,0.0020883209072053432
1752,0849.png#patch0009,24.84560203552246,0.8298602104187012,0.9733213186264038,0.003276723437011242
1753,0849.png#patch0010,23.39702796936035,0.8018437623977661,0.9690600633621216,0.004574011079967022
1754,0849.png#patch0011,23.894542694091797,0.8015117645263672,0.9690554141998291,0.004078923724591732
1755,0849.png#patch0012,24.467586517333984,0.8306803107261658,0.9741916060447693,0.003574714530259371
1756,0849.png#patch0013,26.005739212036133,0.851446807384491,0.9785922765731812,0.0025085690431296825
1757,0849.png#patch0014,22.638309478759766,0.8190314769744873,0.9701671004295349,0.0054471455514431
1758,0849.png#patch0015,25.039321899414062,0.8486260771751404,0.9753815531730652,0.003133774735033512
1759,0849.png#patch0016,24.22730827331543,0.8104332089424133,0.9685470461845398,0.0037780622951686382
1760,0849.png#patch0017,23.442663192749023,0.8221869468688965,0.9723310470581055,0.004526198375970125
1761,0849.png#patch0018,24.071521759033203,0.8226156830787659,0.9721224904060364,0.003916045650839806
1762,0849.png#patch0019,24.560251235961914,0.8417372703552246,0.9738785624504089,0.0034992480650544167
1763,0849.png#patch0020,23.916757583618164,0.8189652562141418,0.9714787602424622,0.0040581123903393745
1764,0849.png#patch0021,26.500104904174805,0.861117422580719,0.9772287011146545,0.0022386666387319565
1765,0849.png#patch0022,23.048200607299805,0.8396593928337097,0.9749019145965576,0.004956554621458054
1766,0849.png#patch0023,22.9017333984375,0.807420551776886,0.9690638184547424,0.005126567091792822
1767,0849.png#patch0024,22.900775909423828,0.7773566246032715,0.9654660820960999,0.005127694457769394
1768,0849.png#patch0025,25.07042121887207,0.8371458649635315,0.9750925898551941,0.003111414145678282
1769,0849.png#patch0026,23.389846801757812,0.8196830153465271,0.972116231918335,0.004581578075885773
1770,0849.png#patch0027,25.522192001342773,0.8300992846488953,0.9732370972633362,0.0028040166944265366
1771,0849.png#patch0028,23.153554916381836,0.8343521952629089,0.9749428629875183,0.004837762098759413
1772,0849.png#patch0029,24.425193786621094,0.8647629022598267,0.97884202003479,0.003609778592363
1773,0849.png#patch0030,24.680936813354492,0.8551095128059387,0.9762149453163147,0.0034033481497317553
1774,0849.png#patch0031,23.649444580078125,0.8344792127609253,0.9725654125213623,0.0043157413601875305
1775,0849.png#patch0032,24.348031997680664,0.8175941705703735,0.9708725214004517,0.0036744873505085707
1776,0849.png#patch0033,23.604827880859375,0.8228771686553955,0.971133828163147,0.004360307473689318
1777,0849.png#patch0034,24.49343490600586,0.8079392910003662,0.9695917367935181,0.0035535015631467104
1778,0850.png#patch0000,37.433746337890625,0.9696429371833801,0.9949691295623779,0.00018056143017020077
1779,0850.png#patch0001,36.027679443359375,0.9655269384384155,0.9950937032699585,0.00024959270376712084
1780,0850.png#patch0002,39.532745361328125,0.9818956851959229,0.9973486065864563,0.00011135890963487327
1781,0850.png#patch0003,39.72405242919922,0.9743528366088867,0.9961124062538147,0.00010656005179043859
1782,0850.png#patch0004,33.22135925292969,0.9381119608879089,0.9892592430114746,0.00047628171159885824
1783,0850.png#patch0005,32.92268753051758,0.9315267205238342,0.9889978766441345,0.0005101892165839672
1784,0850.png#patch0006,31.472475051879883,0.9169414043426514,0.9874157309532166,0.0007124464609660208
1785,0850.png#patch0007,30.459049224853516,0.8571621775627136,0.9754664301872253,0.0008996943361125886
1786,0850.png#patch0008,30.2580509185791,0.8048478364944458,0.9655326008796692,0.000942312297411263
1787,0850.png#patch0009,28.483423233032227,0.8167216777801514,0.9709380269050598,0.0014179388526827097
1788,0850.png#patch0010,27.109148025512695,0.7947214841842651,0.9651694893836975,0.0019457413582131267
1789,0850.png#patch0011,27.315837860107422,0.8365525007247925,0.972831130027771,0.0018553086556494236
1790,0850.png#patch0012,27.172000885009766,0.8313608169555664,0.9725817441940308,0.0019177849171683192
1791,0850.png#patch0013,26.630943298339844,0.8207476735115051,0.9722064137458801,0.002172228880226612
1792,0850.png#patch0014,34.61576843261719,0.9362155795097351,0.9894636869430542,0.00034548001713119447
1793,0850.png#patch0015,31.39765739440918,0.9065082669258118,0.9839181303977966,0.0007248265901580453
1794,0850.png#patch0016,30.27440643310547,0.8950012922286987,0.9797281622886658,0.0009387698955833912
1795,0850.png#patch0017,29.70527458190918,0.8951942920684814,0.9745203256607056,0.0010702185099944472
1796,0850.png#patch0018,27.376087188720703,0.8411380052566528,0.9723801612854004,0.001829747692681849
1797,0850.png#patch0019,30.448179244995117,0.853112518787384,0.9779543280601501,0.0009019492426887155
1798,0850.png#patch0020,32.8038215637207,0.8845757842063904,0.9819102883338928,0.0005243458435870707
1799,0850.png#patch0021,37.606964111328125,0.9617364406585693,0.993190348148346,0.0001735015684971586
1800,0850.png#patch0022,32.58885955810547,0.9286842942237854,0.988793671131134,0.000550952332559973
1801,0850.png#patch0023,29.12605094909668,0.8902525901794434,0.9838743805885315,0.0012229104759171605
1802,0850.png#patch0024,31.10987663269043,0.885460615158081,0.9806784391403198,0.0007744834874756634
1803,0850.png#patch0025,29.834308624267578,0.8203566074371338,0.9714757800102234,0.0010388889349997044
1804,0850.png#patch0026,34.003509521484375,0.8540637493133545,0.9762285351753235,0.000397785595851019
1805,0850.png#patch0027,29.708656311035156,0.7805109620094299,0.96446692943573,0.0010693855583667755
1806,0850.png#patch0028,38.67493438720703,0.9671142101287842,0.994573712348938,0.00013567699352279305
1807,0850.png#patch0029,35.57350540161133,0.929136335849762,0.9887210726737976,0.000277108047157526
1808,0850.png#patch0030,29.938949584960938,0.86690753698349,0.9783185720443726,0.0010141563834622502
1809,0850.png#patch0031,31.367801666259766,0.8905458450317383,0.9819597005844116,0.0007298265700228512
1810,0850.png#patch0032,30.061912536621094,0.8895078301429749,0.9822506308555603,0.0009858449921011925
1811,0850.png#patch0033,35.78260803222656,0.8940525650978088,0.9842048287391663,0.000264082191279158
1812,0850.png#patch0034,36.39872360229492,0.9091435670852661,0.9857641458511353,0.00022915408771950752
1813,0851.png#patch0000,45.507572174072266,0.9701603055000305,0.996061384677887,2.8134711101301946e-05
1814,0851.png#patch0001,45.41010284423828,0.9697635769844055,0.9960174560546875,2.877327824535314e-05
1815,0851.png#patch0002,45.60813903808594,0.9710514545440674,0.9961753487586975,2.7490712454891764e-05
1816,0851.png#patch0003,41.117652893066406,0.9691365957260132,0.995675802230835,7.730983634246513e-05
1817,0851.png#patch0004,40.90830612182617,0.9694607853889465,0.9955549240112305,8.112772775348276e-05
1818,0851.png#patch0005,46.25698471069336,0.9747779369354248,0.9966117739677429,2.3675609554629773e-05
1819,0851.png#patch0006,46.58244323730469,0.9767246246337891,0.9968862533569336,2.1966225176583976e-05
1820,0851.png#patch0007,29.61859130859375,0.9156742095947266,0.9871959686279297,0.0010917942272499204
1821,0851.png#patch0008,27.514999389648438,0.8907101154327393,0.9826030731201172,0.001772147137671709
1822,0851.png#patch0009,34.256900787353516,0.9461361765861511,0.9925811290740967,0.00037524051731452346
1823,0851.png#patch0010,30.032718658447266,0.9054383635520935,0.984331488609314,0.0009924941696226597
1824,0851.png#patch0011,29.628936767578125,0.9085690379142761,0.985105037689209,0.0010891965357586741
1825,0851.png#patch0012,32.70235824584961,0.9418060183525085,0.9916127324104309,0.0005367398844100535
1826,0851.png#patch0013,26.75640106201172,0.878169596195221,0.9808175563812256,0.002110375789925456
1827,0851.png#patch0014,29.193498611450195,0.9196427464485168,0.9887117147445679,0.0012040651636198163
1828,0851.png#patch0015,26.408056259155273,0.8696940541267395,0.9801814556121826,0.0022866218350827694
1829,0851.png#patch0016,31.703201293945312,0.9177152514457703,0.9893282651901245,0.0006755847134627402
1830,0851.png#patch0017,26.762264251708984,0.8688960671424866,0.9785149693489075,0.002107528503984213
1831,0851.png#patch0018,27.487409591674805,0.8641829490661621,0.9765438437461853,0.0017834416357800364
1832,0851.png#patch0019,31.809207916259766,0.9134774208068848,0.988237738609314,0.0006592938443645835
1833,0851.png#patch0020,26.36247444152832,0.8708029985427856,0.9810828566551208,0.0023107470478862524
1834,0851.png#patch0021,45.23955154418945,0.968288779258728,0.9959174394607544,2.9925722628831863e-05
1835,0851.png#patch0022,42.53706359863281,0.9500471353530884,0.9934960603713989,5.575625618803315e-05
1836,0851.png#patch0023,41.367855072021484,0.9659721851348877,0.9957436919212341,7.298176933545619e-05
1837,0851.png#patch0024,30.70555877685547,0.8923229575157166,0.983738124370575,0.0008500490221194923
1838,0851.png#patch0025,29.69337272644043,0.8674432635307312,0.9777320623397827,0.0010731552029028535
1839,0851.png#patch0026,42.024532318115234,0.9599023461341858,0.9949491620063782,6.274029874475673e-05
1840,0851.png#patch0027,41.83572006225586,0.9494101405143738,0.9940032362937927,6.552814738824964e-05
1841,0851.png#patch0028,40.00314712524414,0.9138331413269043,0.9881489276885986,9.992752893595025e-05
1842,0851.png#patch0029,37.59235382080078,0.9012794494628906,0.9863739013671875,0.00017408616258762777
1843,0851.png#patch0030,38.829471588134766,0.9366487860679626,0.9919810891151428,0.00013093407324049622
1844,0851.png#patch0031,27.563549041748047,0.8662363290786743,0.9789700508117676,0.0017524472204968333
1845,0851.png#patch0032,27.377365112304688,0.831997275352478,0.9691707491874695,0.0018292090389877558
1846,0851.png#patch0033,38.82218551635742,0.9406046867370605,0.9925265908241272,0.00013115390902385116
1847,0851.png#patch0034,35.62798309326172,0.9409885406494141,0.9926748871803284,0.0002736537135206163
1848,0852.png#patch0000,63.422943115234375,0.9995439052581787,0.9999129772186279,4.546795651094726e-07
1849,0852.png#patch0001,49.4030876159668,0.9910389184951782,0.9982643127441406,1.147337297879858e-05
1850,0852.png#patch0002,30.73632049560547,0.8325396180152893,0.9687035083770752,0.0008440492092631757
1851,0852.png#patch0003,29.976675033569336,0.792535662651062,0.963426947593689,0.0010053848382085562
1852,0852.png#patch0004,28.270126342773438,0.7461552023887634,0.951394259929657,0.001489317393861711
1853,0852.png#patch0005,38.27009201049805,0.9310078620910645,0.9877338409423828,0.00014893290062900633
1854,0852.png#patch0006,39.16669464111328,0.9455896019935608,0.9906972050666809,0.00012115193385398015
1855,0852.png#patch0007,52.29398727416992,0.995032787322998,0.9990702271461487,5.89659066463355e-06
1856,0852.png#patch0008,36.74528121948242,0.9440282583236694,0.9894384741783142,0.00021157870651222765
1857,0852.png#patch0009,25.954792022705078,0.7215256690979004,0.9491373896598816,0.0025381699670106173
1858,0852.png#patch0010,25.860267639160156,0.7676587700843811,0.9582394957542419,0.00259401835501194
1859,0852.png#patch0011,34.91161346435547,0.9226102828979492,0.9875761866569519,0.000322729378240183
1860,0852.png#patch0012,35.21397018432617,0.8917933702468872,0.9817498922348022,0.0003010252839885652
1861,0852.png#patch0013,33.66001892089844,0.8593280911445618,0.9768383502960205,0.00043052469845861197
1862,0852.png#patch0014,35.98025894165039,0.9056894183158875,0.9822326898574829,0.00025233280030079186
1863,0852.png#patch0015,32.08567428588867,0.8297622203826904,0.967224657535553,0.0006186323007568717
1864,0852.png#patch0016,28.125730514526367,0.7740784287452698,0.9576175808906555,0.0015396667877212167
1865,0852.png#patch0017,27.942596435546875,0.8508637547492981,0.9722861647605896,0.0016059798654168844
1866,0852.png#patch0018,34.140384674072266,0.9209970235824585,0.9856123924255371,0.0003854443202726543
1867,0852.png#patch0019,33.18613052368164,0.871478259563446,0.9802082180976868,0.000480161135783419
1868,0852.png#patch0020,34.09011459350586,0.8760724067687988,0.9805143475532532,0.00038993157795630395
1869,0852.png#patch0021,34.266170501708984,0.8848121762275696,0.978226363658905,0.0003744405403267592
1870,0852.png#patch0022,38.447120666503906,0.9346010684967041,0.9875908493995667,0.00014298407768364996
1871,0852.png#patch0023,30.908340454101562,0.908617377281189,0.9821728467941284,0.0008112709620036185
1872,0852.png#patch0024,37.9829216003418,0.9723743200302124,0.9958585500717163,0.00015911375521682203
1873,0852.png#patch0025,31.85932159423828,0.8586643934249878,0.9775611758232117,0.0006517299916595221
1874,0852.png#patch0026,34.820125579833984,0.9053850769996643,0.9844412803649902,0.0003296001232229173
1875,0852.png#patch0027,35.78562545776367,0.9071744680404663,0.9825335741043091,0.00026389857521280646
1876,0853.png#patch0000,47.95866394042969,0.9832661747932434,0.9971941709518433,1.6000503819668666e-05
1877,0853.png#patch0001,49.641414642333984,0.9884129762649536,0.9979673027992249,1.0860708243853878e-05
1878,0853.png#patch0002,50.42841720581055,0.9903579950332642,0.9983311295509338,9.060628144652583e-06
1879,0853.png#patch0003,49.68870162963867,0.9885593056678772,0.9980241060256958,1.0743097845988814e-05
1880,0853.png#patch0004,48.96885681152344,0.9865192174911499,0.9976441264152527,1.2679844985541422e-05
1881,0853.png#patch0005,49.06200408935547,0.9867929220199585,0.9977332949638367,1.2410791896400042e-05
1882,0853.png#patch0006,50.85643005371094,0.9912905693054199,0.998494565486908,8.210259693441913e-06
1883,0853.png#patch0007,48.76187515258789,0.9860469102859497,0.9975782632827759,1.3298789781401865e-05
1884,0853.png#patch0008,49.393306732177734,0.9877490997314453,0.9979127049446106,1.1499236279632896e-05
1885,0853.png#patch0009,46.708709716796875,0.9866732358932495,0.9976842403411865,2.133677298843395e-05
1886,0853.png#patch0010,44.97248077392578,0.9849066138267517,0.9973129034042358,3.182377986377105e-05
1887,0853.png#patch0011,37.89891815185547,0.9811686873435974,0.9970023036003113,0.00016222130216192454
1888,0853.png#patch0012,41.60098648071289,0.9783268570899963,0.996544599533081,6.916735583217815e-05
1889,0853.png#patch0013,49.58146667480469,0.9882769584655762,0.9979645013809204,1.1011667993443552e-05
1890,0853.png#patch0014,40.843563079833984,0.9791623950004578,0.996776282787323,8.234623237513006e-05
1891,0853.png#patch0015,40.38934326171875,0.9814925789833069,0.9969940185546875,9.142512135440484e-05
1892,0853.png#patch0016,34.55473709106445,0.9603695869445801,0.993472695350647,0.0003503694897517562
1893,0853.png#patch0017,32.767948150634766,0.9516348838806152,0.9917339086532593,0.0005286948871798813
1894,0853.png#patch0018,32.648990631103516,0.9583694934844971,0.9934014081954956,0.0005433764890767634
1895,0853.png#patch0019,27.346561431884766,0.8795899152755737,0.9755657315254211,0.001842229743488133
1896,0853.png#patch0020,46.66351318359375,0.9833372831344604,0.9972254633903503,2.1559972083196044e-05
1897,0853.png#patch0021,39.90205001831055,0.9702061414718628,0.9953306913375854,0.00010228095925413072
1898,0853.png#patch0022,40.359859466552734,0.9696086645126343,0.9955504536628723,9.204792877426371e-05
1899,0853.png#patch0023,38.632598876953125,0.9681512117385864,0.9954747557640076,0.0001370061800116673
1900,0853.png#patch0024,37.57091522216797,0.9637442827224731,0.9944665431976318,0.00017494782514404505
1901,0853.png#patch0025,37.02242660522461,0.9614572525024414,0.9935436248779297,0.00019849857199005783
1902,0853.png#patch0026,29.443939208984375,0.8645853996276855,0.9747201204299927,0.001136595499701798
1903,0853.png#patch0027,34.95134353637695,0.9428234100341797,0.988684356212616,0.00031979026971384883
1904,0853.png#patch0028,44.43037414550781,0.9707633256912231,0.9954479932785034,3.6054734664503485e-05
1905,0853.png#patch0029,40.3657112121582,0.9590449333190918,0.9926853775978088,9.192396828439087e-05
1906,0853.png#patch0030,41.2457160949707,0.9659597277641296,0.9947055578231812,7.50634353607893e-05
1907,0853.png#patch0031,39.28838348388672,0.9629913568496704,0.9941563606262207,0.00011780439672293141
1908,0853.png#patch0032,41.86570739746094,0.9732384085655212,0.9960988163948059,6.507723446702585e-05
1909,0853.png#patch0033,43.490142822265625,0.9750187397003174,0.9963992834091187,4.4769847590941936e-05
1910,0853.png#patch0034,42.2563362121582,0.971320390701294,0.9959665536880493,5.947933459538035e-05
1911,0854.png#patch0000,33.195613861083984,0.9249523282051086,0.9885320067405701,0.00047911348519846797
1912,0854.png#patch0001,29.30821990966797,0.8781574964523315,0.9801068902015686,0.001172675285488367
1913,0854.png#patch0002,31.741588592529297,0.9554191827774048,0.9924806952476501,0.0006696396158076823
1914,0854.png#patch0003,42.39110565185547,0.9933137893676758,0.9992103576660156,5.7661982282297686e-05
1915,0854.png#patch0004,54.63304901123047,0.9962283372879028,0.9995718598365784,3.441080934862839e-06
1916,0854.png#patch0005,54.87607955932617,0.9964446425437927,0.9996013045310974,3.2538059713260736e-06
1917,0854.png#patch0006,55.403221130371094,0.996833860874176,0.9996433258056641,2.8818922146456316e-06
1918,0854.png#patch0007,25.231651306152344,0.7222920656204224,0.9605106115341187,0.002998022362589836
1919,0854.png#patch0008,25.521591186523438,0.7273844480514526,0.9600618481636047,0.0028044048231095076
1920,0854.png#patch0009,27.04905891418457,0.7353152632713318,0.9602808952331543,0.0019728494808077812
1921,0854.png#patch0010,26.818126678466797,0.7694841027259827,0.9668660759925842,0.002080592792481184
1922,0854.png#patch0011,26.743616104125977,0.7809959053993225,0.9637693762779236,0.002116596791893244
1923,0854.png#patch0012,27.910926818847656,0.8463515043258667,0.9782309532165527,0.00161773432046175
1924,0854.png#patch0013,29.218595504760742,0.8801223039627075,0.9817832112312317,0.0011971273925155401
1925,0854.png#patch0014,28.510034561157227,0.7562081813812256,0.9603655934333801,0.0014092775527387857
1926,0854.png#patch0015,24.068944931030273,0.6975798606872559,0.9495337605476379,0.003918370231986046
1927,0854.png#patch0016,24.479217529296875,0.6940841674804688,0.9486703872680664,0.0035651519428938627
1928,0854.png#patch0017,25.156150817871094,0.7381625175476074,0.960035502910614,0.0030505976174026728
1929,0854.png#patch0018,23.586843490600586,0.7279550433158875,0.9590110778808594,0.004378399811685085
1930,0854.png#patch0019,24.11227798461914,0.7353848218917847,0.9593115448951721,0.003879467723891139
1931,0854.png#patch0020,26.07756233215332,0.7789850234985352,0.9678419828414917,0.0024674232117831707
1932,0854.png#patch0021,32.56459045410156,0.8695397973060608,0.9802743792533875,0.0005540394922718406
1933,0854.png#patch0022,26.37622833251953,0.7490113973617554,0.9593436121940613,0.0023034403566271067
1934,0854.png#patch0023,24.775814056396484,0.6038258671760559,0.9315996170043945,0.003329803701490164
1935,0854.png#patch0024,24.674402236938477,0.7048693299293518,0.9513753056526184,0.0034084715880453587
1936,0854.png#patch0025,26.211772918701172,0.7733263373374939,0.9639098048210144,0.0023923383560031652
1937,0854.png#patch0026,28.529415130615234,0.7925465106964111,0.9697877168655396,0.0014030023012310266
1938,0854.png#patch0027,26.25869369506836,0.79084712266922,0.9686036705970764,0.002366631058976054
1939,0855.png#patch0000,38.1122932434082,0.8607214689254761,0.9833766222000122,0.00015444376913364977
1940,0855.png#patch0001,38.112247467041016,0.861869752407074,0.9834974408149719,0.00015444531163666397
1941,0855.png#patch0002,37.84476089477539,0.8523681163787842,0.9820619225502014,0.00016425689682364464
1942,0855.png#patch0003,37.812679290771484,0.8523299098014832,0.9818674921989441,0.00016547477571293712
1943,0855.png#patch0004,37.84429931640625,0.8538393974304199,0.9821397066116333,0.00016427449008915573
1944,0855.png#patch0005,37.976661682128906,0.8557125926017761,0.9822644591331482,0.00015934328257571906
1945,0855.png#patch0006,37.97104263305664,0.8555720448493958,0.9823278784751892,0.00015954949776642025
1946,0855.png#patch0007,38.50261688232422,0.8710363507270813,0.9843613505363464,0.00014116853708401322
1947,0855.png#patch0008,32.90074157714844,0.8337234258651733,0.9768637418746948,0.0005127734038978815
1948,0855.png#patch0009,30.924633026123047,0.8221593499183655,0.9698731899261475,0.0008082329877652228
1949,0855.png#patch0010,34.93024826049805,0.8685122728347778,0.9802992939949036,0.00032134767388924956
1950,0855.png#patch0011,33.68960952758789,0.8488312363624573,0.9764770269393921,0.00042760116048157215
1951,0855.png#patch0012,26.696834564208984,0.6431615948677063,0.9184613823890686,0.002139520598575473
1952,0855.png#patch0013,36.32964324951172,0.849055826663971,0.9809891581535339,0.00023282824258785695
1953,0855.png#patch0014,38.43334197998047,0.8706435561180115,0.9847736954689026,0.0001434384030289948
1954,0855.png#patch0015,32.24821472167969,0.8139593601226807,0.9717167615890503,0.0005959068657830358
1955,0855.png#patch0016,28.218765258789062,0.7780135273933411,0.9542829394340515,0.0015070351073518395
1956,0855.png#patch0017,28.41193199157715,0.7029163837432861,0.9522875547409058,0.001441473257727921
1957,0855.png#patch0018,30.485454559326172,0.7205255627632141,0.9576634764671326,0.0008942405693233013
1958,0855.png#patch0019,27.56756019592285,0.6931374669075012,0.9416753649711609,0.0017508293967694044
1959,0855.png#patch0020,37.03368377685547,0.8630358576774597,0.9840937256813049,0.00019798461289610714
1960,0855.png#patch0021,37.93653869628906,0.8586227893829346,0.9827349781990051,0.00016082223737612367
1961,0855.png#patch0022,32.15623474121094,0.8055840134620667,0.9711877703666687,0.0006086620269343257
1962,0855.png#patch0023,30.44963264465332,0.8044938445091248,0.9646221399307251,0.0009016473195515573
1963,0855.png#patch0024,29.092933654785156,0.720112144947052,0.9541963338851929,0.0012322715483605862
1964,0855.png#patch0025,31.830244064331055,0.7544829845428467,0.9639950394630432,0.0006561080226674676
1965,0855.png#patch0026,31.601152420043945,0.7648478746414185,0.9639387130737305,0.0006916471756994724
1966,0855.png#patch0027,32.367393493652344,0.7980721592903137,0.9697141051292419,0.0005797764752060175
1967,0855.png#patch0028,36.18620300292969,0.8547781705856323,0.981098473072052,0.00024064631725195795
1968,0855.png#patch0029,31.97597885131836,0.8208450675010681,0.9730936884880066,0.0006344568682834506
1969,0855.png#patch0030,33.453216552734375,0.8172922730445862,0.974144458770752,0.000451521307695657
1970,0855.png#patch0031,33.8861083984375,0.8119239807128906,0.9749718308448792,0.0004086853004992008
1971,0855.png#patch0032,34.372074127197266,0.8110597133636475,0.9748228788375854,0.00036542024463415146
1972,0855.png#patch0033,32.20782470703125,0.7646893262863159,0.9635440111160278,0.0006014748942106962
1973,0855.png#patch0034,32.42588806152344,0.8129380345344543,0.9715173840522766,0.0005720200715586543
1974,0855.png#patch0035,33.83796691894531,0.8307918310165405,0.9766401648521423,0.0004132406029384583
1975,0855.png#patch0036,31.65068244934082,0.8523408770561218,0.9779130816459656,0.0006838039262220263
1976,0855.png#patch0037,33.24845886230469,0.9021558165550232,0.9865202903747559,0.0004733190580736846
1977,0855.png#patch0038,26.30183219909668,0.846946656703949,0.9784455299377441,0.002343239728361368
1978,0855.png#patch0039,26.635547637939453,0.8411993384361267,0.9776899814605713,0.0021699266508221626
1979,0855.png#patch0040,30.034194946289062,0.8426821827888489,0.9725465774536133,0.0009921567980200052
1980,0855.png#patch0041,33.78034591674805,0.8389801979064941,0.9751688241958618,0.00041875996976159513
1981,0855.png#patch0042,33.811946868896484,0.8444619178771973,0.9798353314399719,0.00041572406189516187
1982,0855.png#patch0043,32.644893646240234,0.880162239074707,0.9835156202316284,0.0005438894149847329
1983,0855.png#patch0044,32.28023147583008,0.8745312690734863,0.9814571142196655,0.0005915298825129867
1984,0855.png#patch0045,30.480998992919922,0.8971229791641235,0.985930323600769,0.0008951584459282458
1985,0855.png#patch0046,30.83407974243164,0.8958494663238525,0.984049916267395,0.0008252620464190841
1986,0855.png#patch0047,32.70592498779297,0.8881388902664185,0.9838691353797913,0.0005362993688322604
1987,0855.png#patch0048,35.749027252197266,0.8654588460922241,0.9792963862419128,0.00026613217778503895
1988,0856.png#patch0000,33.29633712768555,0.8769766688346863,0.9776778221130371,0.00046812952496111393
1989,0856.png#patch0001,30.529388427734375,0.8338868618011475,0.9716427326202393,0.0008852399187162519
1990,0856.png#patch0002,28.05698013305664,0.764806866645813,0.9580692052841187,0.0015642347279936075
1991,0856.png#patch0003,26.423648834228516,0.6897431015968323,0.9395608901977539,0.002278425730764866
1992,0856.png#patch0004,26.07778549194336,0.719162106513977,0.9485893845558167,0.0024672960862517357
1993,0856.png#patch0005,26.91762924194336,0.7317107319831848,0.9528036117553711,0.002033466473221779
1994,0856.png#patch0006,26.493942260742188,0.7492897510528564,0.953838050365448,0.00224184594117105
1995,0856.png#patch0007,30.235889434814453,0.8713735342025757,0.9774871468544006,0.0009471329976804554
1996,0856.png#patch0008,31.217851638793945,0.8510298132896423,0.9739007949829102,0.0007554655894637108
1997,0856.png#patch0009,28.247522354125977,0.7786621451377869,0.9611644744873047,0.0014970888150855899
1998,0856.png#patch0010,26.412322998046875,0.6901516318321228,0.9405816793441772,0.002284376183524728
1999,0856.png#patch0011,25.988210678100586,0.723896324634552,0.9501473307609558,0.0025187134742736816
2000,0856.png#patch0012,27.207456588745117,0.7342219352722168,0.9539642930030823,0.0019021917833015323
2001,0856.png#patch0013,29.060625076293945,0.7745956182479858,0.9590895175933838,0.0012414734810590744
2002,0856.png#patch0014,27.848712921142578,0.8586038947105408,0.9743536114692688,0.0016410750104114413
2003,0856.png#patch0015,28.290491104125977,0.832919180393219,0.9706677794456482,0.0014823494711890817
2004,0856.png#patch0016,27.76791763305664,0.7853711247444153,0.9626613855361938,0.001671891543082893
2005,0856.png#patch0017,27.199804306030273,0.743120014667511,0.9557603001594543,0.00190554594155401
2006,0856.png#patch0018,26.05268669128418,0.7139130234718323,0.9468714594841003,0.0024815967772156
2007,0856.png#patch0019,26.634502410888672,0.7139327526092529,0.9477556943893433,0.0021704493556171656
2008,0856.png#patch0020,26.983797073364258,0.6959689259529114,0.9425883293151855,0.002002720022574067
2009,0856.png#patch0021,30.134302139282227,0.8991971611976624,0.9828090071678162,0.0009695486514829099
2010,0856.png#patch0022,29.981964111328125,0.8810750842094421,0.9792773723602295,0.001004161429591477
2011,0856.png#patch0023,36.99585723876953,0.9201126098632812,0.987882673740387,0.00019971661095041782
2012,0856.png#patch0024,36.40842056274414,0.8865312337875366,0.9816675782203674,0.00022864290804136544
2013,0856.png#patch0025,34.69692611694336,0.8742263913154602,0.979473352432251,0.000339083926519379
2014,0856.png#patch0026,31.613794326782227,0.8666322827339172,0.978661835193634,0.000689636857714504
2015,0856.png#patch0027,32.44191360473633,0.8956205248832703,0.9815152883529663,0.0005699129542335868
2016,0856.png#patch0028,35.955345153808594,0.9461669325828552,0.9904212951660156,0.0002537847904022783
2017,0856.png#patch0029,42.47759246826172,0.9601665139198303,0.994155764579773,5.65249974897597e-05
2018,0856.png#patch0030,41.11880111694336,0.9394645690917969,0.9906259179115295,7.728936179773882e-05
2019,0856.png#patch0031,38.8325080871582,0.9089552164077759,0.9851622581481934,0.00013084251258987933
2020,0856.png#patch0032,38.63130569458008,0.9116712808609009,0.9859064817428589,0.00013704693992622197
2021,0856.png#patch0033,38.12924575805664,0.9377254247665405,0.9901515245437622,0.0001538420474389568
2022,0856.png#patch0034,37.295738220214844,0.943540632724762,0.9905033707618713,0.0001863914803834632
2023,0857.png#patch0000,35.58257293701172,0.7812201976776123,0.9773725867271423,0.00027653007418848574
2024,0857.png#patch0001,36.25774002075195,0.8155973553657532,0.9815552234649658,0.00023671503004152328
2025,0857.png#patch0002,35.80961990356445,0.8260962963104248,0.982482373714447,0.0002624448388814926
2026,0857.png#patch0003,36.45039749145508,0.8423964381217957,0.9849115014076233,0.0002264435461256653
2027,0857.png#patch0004,38.028587341308594,0.8605959415435791,0.9864340424537659,0.00015744948177598417
2028,0857.png#patch0005,36.9255256652832,0.8374714851379395,0.9839084148406982,0.00020297720038797706
2029,0857.png#patch0006,37.334590911865234,0.856535017490387,0.9858197569847107,0.00018473152886144817
2030,0857.png#patch0007,35.63970184326172,0.815995991230011,0.9810560941696167,0.0002729164552874863
2031,0857.png#patch0008,36.49910354614258,0.8198651671409607,0.9818832278251648,0.0002239182504126802
2032,0857.png#patch0009,34.99715805053711,0.815736711025238,0.981195867061615,0.00031643491820432246
2033,0857.png#patch0010,35.8499870300293,0.791430652141571,0.9784917235374451,0.0002600167063064873
2034,0857.png#patch0011,37.11191940307617,0.8356654047966003,0.9832854866981506,0.00019444996723905206
2035,0857.png#patch0012,36.71586990356445,0.8488613367080688,0.9856120944023132,0.00021301645028870553
2036,0857.png#patch0013,37.4961051940918,0.8529909253120422,0.9851529598236084,0.00017798742919694632
2037,0857.png#patch0014,36.46822738647461,0.8282827734947205,0.9827845692634583,0.00022551581787411124
2038,0857.png#patch0015,36.6068000793457,0.815170407295227,0.9810064435005188,0.00021843377908226103
2039,0857.png#patch0016,35.852508544921875,0.8079227805137634,0.9799804091453552,0.0002598656574264169
2040,0857.png#patch0017,38.43235397338867,0.896008312702179,0.990032434463501,0.0001434711302863434
2041,0857.png#patch0018,35.27968215942383,0.8765892386436462,0.9884491562843323,0.0002965047024190426
2042,0857.png#patch0019,38.515159606933594,0.8756991028785706,0.9879636168479919,0.0001407615636708215
2043,0857.png#patch0020,35.299137115478516,0.874722957611084,0.9873330593109131,0.00029517957591451705
2044,0857.png#patch0021,35.679420471191406,0.7930517792701721,0.9788235425949097,0.0002704317739699036
2045,0857.png#patch0022,35.28936004638672,0.8153485655784607,0.9806838035583496,0.0002958445402327925
2046,0857.png#patch0023,37.83586120605469,0.8597144484519958,0.9865967035293579,0.0001645938609726727
2047,0857.png#patch0024,38.23655700683594,0.8924137353897095,0.9902378916740417,0.00015008740592747927
2048,0857.png#patch0025,36.63134002685547,0.8630326986312866,0.9867175817489624,0.00021720312361139804
2049,0857.png#patch0026,37.58220672607422,0.8809374570846558,0.9891088604927063,0.00017449335427954793
2050,0857.png#patch0027,36.5389404296875,0.8219390511512756,0.9811072945594788,0.00022187358990777284
2051,0857.png#patch0028,35.882102966308594,0.7954739928245544,0.9787807464599609,0.00025810071383602917
2052,0857.png#patch0029,35.906436920166016,0.8152790665626526,0.9808545708656311,0.0002566588227637112
2053,0857.png#patch0030,36.627403259277344,0.8717909455299377,0.9873917698860168,0.00021739990916103125
2054,0857.png#patch0031,37.456382751464844,0.8595477938652039,0.9868323802947998,0.00017962294805329293
2055,0857.png#patch0032,37.49862289428711,0.8605483174324036,0.987236738204956,0.00017788422701414675
2056,0857.png#patch0033,39.5177116394043,0.900141179561615,0.9905573129653931,0.00011174508108524606
2057,0857.png#patch0034,35.66444396972656,0.8717699646949768,0.9870871305465698,0.0002713659778237343
2058,0858.png#patch0000,34.36106491088867,0.9328819513320923,0.9901978373527527,0.0003663474344648421
2059,0858.png#patch0001,37.002586364746094,0.9402740597724915,0.990082859992981,0.00019940739730373025
2060,0858.png#patch0002,36.217742919921875,0.9397218823432922,0.990386962890625,0.0002389051951467991
2061,0858.png#patch0003,36.35313415527344,0.9370141625404358,0.9903461337089539,0.00023157222312875092
2062,0858.png#patch0004,34.934234619140625,0.9264835715293884,0.9888639450073242,0.0003210528229828924
2063,0858.png#patch0005,32.41511535644531,0.848571240901947,0.9722073674201965,0.0005734403384849429
2064,0858.png#patch0006,30.883056640625,0.801261305809021,0.9623904228210449,0.0008160077850334346
2065,0858.png#patch0007,35.41312789916992,0.9400219917297363,0.9915396571159363,0.0002875326026696712
2066,0858.png#patch0008,29.180150985717773,0.8791260719299316,0.9824404716491699,0.0012077714782208204
2067,0858.png#patch0009,29.965578079223633,0.8407514691352844,0.9741687774658203,0.0010079566854983568
2068,0858.png#patch0010,29.778953552246094,0.845971941947937,0.9750650525093079,0.0010522149968892336
2069,0858.png#patch0011,29.379634857177734,0.8376013040542603,0.973694920539856,0.001153549994342029
2070,0858.png#patch0012,29.224361419677734,0.8138017058372498,0.9682936072349548,0.0011955384397879243
2071,0858.png#patch0013,32.35277557373047,0.8353801369667053,0.968901515007019,0.0005817309720441699
2072,0858.png#patch0014,29.48278045654297,0.8657944798469543,0.9783240556716919,0.0011264756321907043
2073,0858.png#patch0015,28.85921859741211,0.8136152029037476,0.9697554707527161,0.0013004030333831906
2074,0858.png#patch0016,28.814542770385742,0.7995845079421997,0.9664424657821655,0.0013138499343767762
2075,0858.png#patch0017,28.745058059692383,0.81694495677948,0.9701830744743347,0.0013350395020097494
2076,0858.png#patch0018,28.130149841308594,0.8092344999313354,0.9697260856628418,0.0015381011180579662
2077,0858.png#patch0019,29.004629135131836,0.8263919949531555,0.972456157207489,0.0012575837317854166
2078,0858.png#patch0020,31.872331619262695,0.8956425189971924,0.9833724498748779,0.000649780675303191
2079,0858.png#patch0021,31.281909942626953,0.8613153696060181,0.9774697422981262,0.0007444043294526637
2080,0858.png#patch0022,30.567222595214844,0.8970090746879578,0.9846656918525696,0.0008775616297498345
2081,0858.png#patch0023,30.54985809326172,0.871127188205719,0.9797398447990417,0.0008810774306766689
2082,0858.png#patch0024,29.35307502746582,0.8683587312698364,0.978508472442627,0.0011606262996792793
2083,0858.png#patch0025,29.219524383544922,0.841611921787262,0.9738327264785767,0.0011968710459768772
2084,0858.png#patch0026,37.14748764038086,0.9330512285232544,0.9891061186790466,0.0001928638230310753
2085,0858.png#patch0027,37.06039810180664,0.9175117611885071,0.9860610365867615,0.00019677063392009586
2086,0858.png#patch0028,30.112964630126953,0.8564634323120117,0.9774019718170166,0.0009743236587382853
2087,0858.png#patch0029,30.399667739868164,0.8724477887153625,0.9798876643180847,0.0009120801114477217
2088,0858.png#patch0030,29.995742797851562,0.820473849773407,0.9681568741798401,0.001000980380922556
2089,0858.png#patch0031,32.088199615478516,0.8830274939537048,0.9811579585075378,0.0006182721699588001
2090,0858.png#patch0032,38.13651657104492,0.9461186528205872,0.9916999936103821,0.00015358476957771927
2091,0858.png#patch0033,46.355499267578125,0.9809707403182983,0.9966545701026917,2.314460107299965e-05
2092,0858.png#patch0034,40.631046295166016,0.9521962404251099,0.9915640950202942,8.647591312183067e-05
2093,0859.png#patch0000,41.622859954833984,0.9813372492790222,0.9964730739593506,6.881986337248236e-05
2094,0859.png#patch0001,41.24671173095703,0.9673430919647217,0.9933578372001648,7.5046147685498e-05
2095,0859.png#patch0002,33.4080696105957,0.9324372410774231,0.9879462122917175,0.0004562393296509981
2096,0859.png#patch0003,31.017391204833984,0.8851100206375122,0.9822839498519897,0.0007911534630693495
2097,0859.png#patch0004,31.553333282470703,0.9007973670959473,0.9838538765907288,0.0006993049173615873
2098,0859.png#patch0005,31.32650375366211,0.8844808340072632,0.9807682633399963,0.0007367997895926237
2099,0859.png#patch0006,29.216041564941406,0.8270993828773499,0.9714932441711426,0.0011978313559666276
2100,0859.png#patch0007,30.796783447265625,0.8358084559440613,0.9713895916938782,0.0008323797956109047
2101,0859.png#patch0008,29.21767807006836,0.7986904978752136,0.9678664803504944,0.0011973805958405137
2102,0859.png#patch0009,27.66532325744629,0.7596374750137329,0.9598902463912964,0.001711857388727367
2103,0859.png#patch0010,27.031475067138672,0.7534558176994324,0.9595072269439697,0.001980853732675314
2104,0859.png#patch0011,26.80170249938965,0.7645072340965271,0.9634892344474792,0.0020884762052446604
2105,0859.png#patch0012,26.902496337890625,0.7820720672607422,0.9647373557090759,0.002040563616901636
2106,0859.png#patch0013,30.596641540527344,0.856616199016571,0.9784400463104248,0.0008716369629837573
2107,0859.png#patch0014,28.648298263549805,0.7632287740707397,0.9609919786453247,0.001365117379464209
2108,0859.png#patch0015,26.5469970703125,0.778937041759491,0.9647307395935059,0.0022146247792989016
2109,0859.png#patch0016,27.25088119506836,0.8168288469314575,0.9719701409339905,0.0018832668429240584
2110,0859.png#patch0017,25.499570846557617,0.792048990726471,0.9640321731567383,0.0028186612762510777
2111,0859.png#patch0018,27.50650405883789,0.8280624747276306,0.9719613194465637,0.0017756177112460136
2112,0859.png#patch0019,27.154964447021484,0.8057093620300293,0.9683210849761963,0.0019253226928412914
2113,0859.png#patch0020,28.57004165649414,0.8040144443511963,0.9684188961982727,0.0013899387558922172
2114,0859.png#patch0021,27.345012664794922,0.7631561160087585,0.9612680673599243,0.0018428867915645242
2115,0859.png#patch0022,28.395771026611328,0.8319419026374817,0.9751590490341187,0.0014468474546447396
2116,0859.png#patch0023,30.05181121826172,0.7708892226219177,0.9609524607658386,0.0009881405858322978
2117,0859.png#patch0024,27.171226501464844,0.7176604270935059,0.9516350030899048,0.0019181262468919158
2118,0859.png#patch0025,26.542312622070312,0.746789276599884,0.9600495100021362,0.002217015018686652
2119,0859.png#patch0026,27.187742233276367,0.756483256816864,0.9610018730163574,0.001910845865495503
2120,0859.png#patch0027,24.74749755859375,0.7192427515983582,0.953333854675293,0.0033515840768814087
2121,0859.png#patch0028,29.22443389892578,0.7517824172973633,0.9578472971916199,0.0011955185327678919
2122,0859.png#patch0029,30.786720275878906,0.8198539018630981,0.9718561172485352,0.0008343104855157435
2123,0859.png#patch0030,29.280338287353516,0.7776733636856079,0.9653124809265137,0.001180228660814464
2124,0859.png#patch0031,31.618139266967773,0.758008599281311,0.9595853686332703,0.0006889472133480012
2125,0859.png#patch0032,26.161775588989258,0.7329596281051636,0.9562686681747437,0.0024200391490012407
2126,0859.png#patch0033,28.285449981689453,0.7671861052513123,0.9619150757789612,0.001484071952290833
2127,0859.png#patch0034,29.40119171142578,0.7706916928291321,0.9637670516967773,0.0011478379601612687
2128,0860.png#patch0000,24.82845687866211,0.7833940982818604,0.9571051001548767,0.0032896834891289473
2129,0860.png#patch0001,22.5231876373291,0.7202268242835999,0.9410802721977234,0.005593467503786087
2130,0860.png#patch0002,22.320159912109375,0.7056262493133545,0.9420987367630005,0.005861162673681974
2131,0860.png#patch0003,23.225231170654297,0.6987283825874329,0.9415793418884277,0.004758572205901146
2132,0860.png#patch0004,26.045124053955078,0.8098875880241394,0.967089831829071,0.0024859218392521143
2133,0860.png#patch0005,26.826353073120117,0.8824419975280762,0.9775389432907104,0.0020766567904502153
2134,0860.png#patch0006,29.423351287841797,0.9137893319129944,0.9845981001853943,0.0011419964721426368
2135,0860.png#patch0007,22.73900604248047,0.7293817400932312,0.9518591165542603,0.005322299897670746
2136,0860.png#patch0008,20.977493286132812,0.6848453879356384,0.9323746562004089,0.007984551601111889
2137,0860.png#patch0009,20.037870407104492,0.6320188641548157,0.9272478222846985,0.009913177229464054
2138,0860.png#patch0010,23.425325393676758,0.707379162311554,0.9438791275024414,0.004544304218143225
2139,0860.png#patch0011,26.911800384521484,0.8359667658805847,0.9721993207931519,0.002036196645349264
2140,0860.png#patch0012,27.739532470703125,0.8728631138801575,0.9761462807655334,0.0016828549560159445
2141,0860.png#patch0013,29.261133193969727,0.9093872904777527,0.9826093316078186,0.00118545931763947
2142,0860.png#patch0014,21.82000732421875,0.6341662406921387,0.9321075081825256,0.006576567888259888
2143,0860.png#patch0015,22.664731979370117,0.7055221796035767,0.9452577829360962,0.005414105486124754
2144,0860.png#patch0016,21.11347007751465,0.6467699408531189,0.9294951558113098,0.007738430052995682
2145,0860.png#patch0017,23.183469772338867,0.7079041600227356,0.9463437795639038,0.004804552998393774
2146,0860.png#patch0018,25.31110382080078,0.8446348905563354,0.9748322367668152,0.0029436720069497824
2147,0860.png#patch0019,27.121822357177734,0.8684079647064209,0.9753522872924805,0.001940070535056293
2148,0860.png#patch0020,27.96518898010254,0.8810114860534668,0.9791622161865234,0.0015976480208337307
2149,0860.png#patch0021,21.74280548095703,0.6513758301734924,0.9332492351531982,0.00669451616704464
2150,0860.png#patch0022,19.507671356201172,0.5351987481117249,0.8922471404075623,0.011200380511581898
2151,0860.png#patch0023,20.15667152404785,0.5528942346572876,0.900845468044281,0.009645679965615273
2152,0860.png#patch0024,23.075817108154297,0.6321811079978943,0.9241500496864319,0.0049251350574195385
2153,0860.png#patch0025,24.808551788330078,0.8589774370193481,0.9783848524093628,0.0033047960605472326
2154,0860.png#patch0026,27.42832374572754,0.8310715556144714,0.9693505764007568,0.001807871274650097
2155,0860.png#patch0027,28.727373123168945,0.8591001629829407,0.9766069054603577,0.0013404871569946408
2156,0860.png#patch0028,20.59615135192871,0.6660287976264954,0.937465250492096,0.008717358112335205
2157,0860.png#patch0029,20.04485511779785,0.5817299485206604,0.9139869213104248,0.009897246025502682
2158,0860.png#patch0030,20.937166213989258,0.535841166973114,0.8985418081283569,0.008059036917984486
2159,0860.png#patch0031,21.59702491760254,0.5531435012817383,0.9006548523902893,0.0069230482913553715
2160,0860.png#patch0032,26.143484115600586,0.8809910416603088,0.9819694757461548,0.0024302524980157614
2161,0860.png#patch0033,26.15990447998047,0.8499023914337158,0.9729820489883423,0.002421081531792879
2162,0860.png#patch0034,28.666948318481445,0.8882280588150024,0.984058141708374,0.0013592680916190147
2163,0860.png#patch0035,21.477008819580078,0.6676389575004578,0.9347714781761169,0.007117032539099455
2164,0860.png#patch0036,20.344877243041992,0.6097485423088074,0.9190925359725952,0.009236603043973446
2165,0860.png#patch0037,19.850072860717773,0.6002322435379028,0.9152297973632812,0.010351247154176235
2166,0860.png#patch0038,20.944629669189453,0.5544064044952393,0.8977324962615967,0.008045200258493423
2167,0860.png#patch0039,24.710773468017578,0.8368427157402039,0.9712211489677429,0.003380045760422945
2168,0860.png#patch0040,25.80814552307129,0.81907057762146,0.9667311906814575,0.0026253382675349712
2169,0860.png#patch0041,31.323040008544922,0.9235464334487915,0.9898913502693176,0.0007373876869678497
2170,0861.png#patch0000,22.988292694091797,0.7436137795448303,0.9493722319602966,0.005025400780141354
2171,0861.png#patch0001,23.587688446044922,0.7764084339141846,0.960982084274292,0.0043775481171905994
2172,0861.png#patch0002,21.534561157226562,0.779447078704834,0.9624508619308472,0.007023342419415712
2173,0861.png#patch0003,40.94614791870117,0.9932149052619934,0.9992908239364624,8.04238225100562e-05
2174,0861.png#patch0004,29.21588706970215,0.955045759677887,0.9942748546600342,0.00119787419680506
2175,0861.png#patch0005,22.170015335083008,0.7456064820289612,0.9570688605308533,0.006067339330911636
2176,0861.png#patch0006,23.46170425415039,0.7921668887138367,0.9579164385795593,0.004506396595388651
2177,0861.png#patch0007,26.839839935302734,0.8157655000686646,0.9614371061325073,0.0020702173933386803
2178,0861.png#patch0008,22.318077087402344,0.7096155881881714,0.9399617314338684,0.0058639757335186005
2179,0861.png#patch0009,21.62214469909668,0.766482412815094,0.9597083330154419,0.006883122026920319
2180,0861.png#patch0010,27.414596557617188,0.8557539582252502,0.9761008620262146,0.0018135952996090055
2181,0861.png#patch0011,25.1807918548584,0.8068044781684875,0.9713284373283386,0.0030333364848047495
2182,0861.png#patch0012,21.78497886657715,0.7201493382453918,0.9457845091819763,0.006629821844398975
2183,0861.png#patch0013,25.28731346130371,0.7951450347900391,0.9566109776496887,0.0029598420951515436
2184,0861.png#patch0014,29.744251251220703,0.8692132234573364,0.9718834161758423,0.0010606563882902265
2185,0861.png#patch0015,26.03202247619629,0.7835004925727844,0.9541553854942322,0.0024934327229857445
2186,0861.png#patch0016,22.538894653320312,0.749828577041626,0.9560872316360474,0.0055732736364007
2187,0861.png#patch0017,24.475332260131836,0.7952459454536438,0.9693628549575806,0.0035683424212038517
2188,0861.png#patch0018,22.40814781188965,0.7122633457183838,0.9473028182983398,0.005743611138314009
2189,0861.png#patch0019,26.780508041381836,0.8005174994468689,0.9547097682952881,0.002098694210872054
2190,0861.png#patch0020,30.038494110107422,0.8743271827697754,0.9711408019065857,0.0009911751840263605
2191,0861.png#patch0021,28.314775466918945,0.8703036308288574,0.9760038256645203,0.0014740844490006566
2192,0861.png#patch0022,28.635957717895508,0.8524575233459473,0.9671908020973206,0.001369002042338252
2193,0861.png#patch0023,23.841997146606445,0.7260477542877197,0.9491510987281799,0.004128575790673494
2194,0861.png#patch0024,24.348590850830078,0.7906668782234192,0.9585328102111816,0.003674013540148735
2195,0861.png#patch0025,23.109970092773438,0.7022484540939331,0.9315704107284546,0.004886555951088667
2196,0861.png#patch0026,30.500818252563477,0.8773905634880066,0.9699153304100037,0.0008910829783417284
2197,0861.png#patch0027,31.329153060913086,0.8988670110702515,0.978122889995575,0.0007363507174886763
2198,0861.png#patch0028,27.415245056152344,0.8697212934494019,0.9779242277145386,0.001813323120586574
2199,0861.png#patch0029,27.10074806213379,0.8567613363265991,0.9755906462669373,0.0019495085580274463
2200,0861.png#patch0030,24.656774520874023,0.8270168304443359,0.9714644551277161,0.00342233432456851
2201,0861.png#patch0031,23.56549072265625,0.7263138294219971,0.9570942521095276,0.004399980418384075
2202,0861.png#patch0032,21.686559677124023,0.6767345070838928,0.9398231506347656,0.006781784817576408
2203,0861.png#patch0033,25.223913192749023,0.8043240308761597,0.9647811651229858,0.003003368154168129
2204,0861.png#patch0034,26.185884475708008,0.859832227230072,0.9704927206039429,0.0024066425394266844
2205,0862.png#patch0000,39.2518310546875,0.8893623352050781,0.9872791171073914,0.00011880004603881389
2206,0862.png#patch0001,39.860870361328125,0.9016032218933105,0.9886350631713867,0.00010325543553335592
2207,0862.png#patch0002,40.0235595703125,0.9039093255996704,0.9887980222702026,9.945889905793592e-05
2208,0862.png#patch0003,40.68267059326172,0.9162729978561401,0.9903082251548767,8.545407035853714e-05
2209,0862.png#patch0004,40.44670104980469,0.9118756651878357,0.9898143410682678,9.02256288100034e-05
2210,0862.png#patch0005,41.21548080444336,0.9251289963722229,0.9915618300437927,7.558784272987396e-05
2211,0862.png#patch0006,41.15583419799805,0.924119234085083,0.9912768006324768,7.663309224881232e-05
2212,0862.png#patch0007,39.04061508178711,0.8832957744598389,0.9863057136535645,0.00012472060916479677
2213,0862.png#patch0008,39.252437591552734,0.8932977318763733,0.9871130585670471,0.00011878351506311446
2214,0862.png#patch0009,38.58943176269531,0.888157844543457,0.9865078926086426,0.00013837458391208202
2215,0862.png#patch0010,35.96390914916992,0.879647970199585,0.984017550945282,0.00025328475749120116
2216,0862.png#patch0011,38.8197021484375,0.9022487998008728,0.98761385679245,0.0001312289241468534
2217,0862.png#patch0012,38.50285720825195,0.918978750705719,0.9904277324676514,0.00014116076636128128
2218,0862.png#patch0013,42.59832763671875,0.9439015984535217,0.9937906861305237,5.497524398379028e-05
2219,0862.png#patch0014,38.97719192504883,0.891823947429657,0.9874091744422913,0.0001265554310521111
2220,0862.png#patch0015,29.184030532836914,0.7318395376205444,0.9546739459037781,0.001206693472340703
2221,0862.png#patch0016,32.3913459777832,0.7751122713088989,0.9618688225746155,0.0005765875685028732
2222,0862.png#patch0017,31.395530700683594,0.7405744791030884,0.9548978805541992,0.0007251816568896174
2223,0862.png#patch0018,30.51275062561035,0.7190099954605103,0.9499560594558716,0.0008886379073373973
2224,0862.png#patch0019,38.345516204833984,0.9318887591362,0.9919989109039307,0.00014636872219853103
2225,0862.png#patch0020,43.633602142333984,0.9576716423034668,0.9955524206161499,4.331513264332898e-05
2226,0862.png#patch0021,37.80780792236328,0.904558539390564,0.9886289834976196,0.00016566050180699676
2227,0862.png#patch0022,27.557865142822266,0.7006072998046875,0.9514957666397095,0.0017547423485666513
2228,0862.png#patch0023,33.17513656616211,0.8684132695198059,0.9798550009727478,0.0004813778796233237
2229,0862.png#patch0024,35.680606842041016,0.8688192367553711,0.9791193008422852,0.0002703577629290521
2230,0862.png#patch0025,33.23373794555664,0.7912856340408325,0.967227578163147,0.0004749260551761836
2231,0862.png#patch0026,38.115386962890625,0.9211978912353516,0.9911748170852661,0.00015433384396601468
2232,0862.png#patch0027,42.69157028198242,0.9525152444839478,0.9950270056724548,5.380750008043833e-05
2233,0862.png#patch0028,39.87982940673828,0.9191267490386963,0.9911864995956421,0.00010280562128173187
2234,0862.png#patch0029,35.69569396972656,0.8782563805580139,0.9832993149757385,0.0002694204158615321
2235,0862.png#patch0030,36.40024948120117,0.9066166877746582,0.9872629642486572,0.000229073382797651
2236,0862.png#patch0031,34.800811767578125,0.8873767852783203,0.9822337627410889,0.0003310691099613905
2237,0862.png#patch0032,33.39070510864258,0.8470833897590637,0.9764740467071533,0.00045806722482666373
2238,0862.png#patch0033,38.25399398803711,0.9322162866592407,0.9934776425361633,0.00014948601892683655
2239,0862.png#patch0034,40.84513473510742,0.9426229596138,0.9934002757072449,8.231634274125099e-05
2240,0863.png#patch0000,53.66264343261719,0.9953372478485107,0.9993661046028137,4.302641627873527e-06
2241,0863.png#patch0001,53.79358673095703,0.9954671859741211,0.999387800693512,4.174853074800922e-06
2242,0863.png#patch0002,52.97174835205078,0.9945306777954102,0.9992632865905762,5.04458103023353e-06
2243,0863.png#patch0003,37.86965560913086,0.9628059267997742,0.9949733018875122,0.00016331816732417792
2244,0863.png#patch0004,36.3607292175293,0.9276913404464722,0.990245521068573,0.00023116743250284344
2245,0863.png#patch0005,51.30147171020508,0.9918277859687805,0.998995840549469,7.410584203171311e-06
2246,0863.png#patch0006,51.5723876953125,0.9923534393310547,0.9990452527999878,6.96243023412535e-06
2247,0863.png#patch0007,35.356605529785156,0.9271711707115173,0.9911234378814697,0.0002912991330958903
2248,0863.png#patch0008,33.665809631347656,0.829868495464325,0.9761279225349426,0.0004299511492718011
2249,0863.png#patch0009,29.964448928833008,0.7895835638046265,0.9689195156097412,0.0010082192020490766
2250,0863.png#patch0010,52.825958251953125,0.9944196343421936,0.9992935657501221,5.2167970352456905e-06
2251,0863.png#patch0011,39.30793762207031,0.978444516658783,0.9976272583007812,0.00011727521632565185
2252,0863.png#patch0012,33.15388488769531,0.8327071666717529,0.9809905290603638,0.0004837393935304135
2253,0863.png#patch0013,33.481163024902344,0.8714555501937866,0.9834475517272949,0.00044862492359243333
2254,0863.png#patch0014,45.709373474121094,0.9867257475852966,0.9985021948814392,2.6857293050852604e-05
2255,0863.png#patch0015,48.68899917602539,0.9882801175117493,0.9988619089126587,1.352383605990326e-05
2256,0863.png#patch0016,36.70280456542969,0.943091094493866,0.9936225414276123,0.00021365795691963285
2257,0863.png#patch0017,33.13426208496094,0.8255134224891663,0.9782174825668335,0.0004859300097450614
2258,0863.png#patch0018,31.672941207885742,0.8551151752471924,0.9797404408454895,0.000680308323353529
2259,0863.png#patch0019,52.08718490600586,0.9933256506919861,0.9991792440414429,6.184168796607992e-06
2260,0863.png#patch0020,49.74015426635742,0.991466760635376,0.9991521239280701,1.0616568033583462e-05
2261,0863.png#patch0021,36.19884490966797,0.9335112571716309,0.991856038570404,0.00023994690855033696
2262,0863.png#patch0022,35.03997039794922,0.8865126371383667,0.9847660660743713,0.00031333070364780724
2263,0863.png#patch0023,33.48183059692383,0.9180285930633545,0.9878861904144287,0.0004485563258640468
2264,0863.png#patch0024,53.92580032348633,0.9956429600715637,0.9994353652000427,4.04967249778565e-06
2265,0863.png#patch0025,46.79179000854492,0.9837778210639954,0.9982615113258362,2.093250077450648e-05
2266,0863.png#patch0026,37.424713134765625,0.9357714056968689,0.9916577935218811,0.000180937466211617
2267,0863.png#patch0027,32.97727966308594,0.8887699842453003,0.9845662117004395,0.0005038157105445862
2268,0863.png#patch0028,35.34591293334961,0.928605854511261,0.9910762310028076,0.00029201735742390156
2269,0863.png#patch0029,47.28697204589844,0.9862335324287415,0.9984670877456665,1.867679566203151e-05
2270,0863.png#patch0030,45.60585021972656,0.9825901985168457,0.9981489181518555,2.750518797256518e-05
2271,0863.png#patch0031,38.22603225708008,0.9350323677062988,0.9918467402458191,0.00015045152395032346
2272,0863.png#patch0032,34.1364631652832,0.8905787467956543,0.9857689142227173,0.0003857923438772559
2273,0863.png#patch0033,35.1626091003418,0.9227480292320251,0.9897589087486267,0.00030460653943009675
2274,0863.png#patch0034,46.19953536987305,0.982506275177002,0.9980542063713074,2.3990894987946376e-05
2275,0864.png#patch0000,38.34009552001953,0.9597027897834778,0.9939025044441223,0.00014655145059805363
2276,0864.png#patch0001,33.91410827636719,0.8808376789093018,0.9821681380271912,0.00040605911635793746
2277,0864.png#patch0002,35.156307220458984,0.9016162753105164,0.985137403011322,0.00030504874303005636
2278,0864.png#patch0003,31.191606521606445,0.8405640125274658,0.9695212244987488,0.000760044960770756
2279,0864.png#patch0004,29.29608917236328,0.8555213809013367,0.9767940640449524,0.0011759557528421283
2280,0864.png#patch0005,32.817909240722656,0.8585332632064819,0.975620448589325,0.0005226474604569376
2281,0864.png#patch0006,34.70769500732422,0.8816016316413879,0.9799298644065857,0.0003382442519068718
2282,0864.png#patch0007,38.09223556518555,0.9616217613220215,0.9942103624343872,0.00015515870472881943
2283,0864.png#patch0008,33.285316467285156,0.8754279613494873,0.9820167422294617,0.0004693188820965588
2284,0864.png#patch0009,30.692949295043945,0.8336383104324341,0.9755940437316895,0.0008525204029865563
2285,0864.png#patch0010,30.42724609375,0.827528178691864,0.9745137691497803,0.0009063067846000195
2286,0864.png#patch0011,31.37299346923828,0.8317258954048157,0.9757285714149475,0.0007289546774700284
2287,0864.png#patch0012,32.267215728759766,0.8464478254318237,0.976282000541687,0.0005933053907938302
2288,0864.png#patch0013,34.83808517456055,0.8833275437355042,0.9811966419219971,0.00032823995570652187
2289,0864.png#patch0014,34.84932327270508,0.9390199184417725,0.9911707639694214,0.00032739140442572534
2290,0864.png#patch0015,34.52534866333008,0.8934304118156433,0.9845638871192932,0.0003527482913341373
2291,0864.png#patch0016,34.742469787597656,0.893753707408905,0.9836322069168091,0.0003355466469656676
2292,0864.png#patch0017,34.1594123840332,0.882192075252533,0.9823530912399292,0.0003837588883470744
2293,0864.png#patch0018,35.0153923034668,0.8994404673576355,0.9850113987922668,0.00031510894768871367
2294,0864.png#patch0019,35.32606887817383,0.8871985673904419,0.9810841083526611,0.000293354649329558
2295,0864.png#patch0020,36.485382080078125,0.9004162549972534,0.9833131432533264,0.00022462695778813213
2296,0864.png#patch0021,32.86008834838867,0.8815857172012329,0.9780099391937256,0.000517596083227545
2297,0864.png#patch0022,35.158138275146484,0.8961542844772339,0.9837350845336914,0.00030492007499560714
2298,0864.png#patch0023,33.100059509277344,0.8806644082069397,0.9815331697463989,0.0004897719481959939
2299,0864.png#patch0024,31.51292610168457,0.8374686241149902,0.9753856658935547,0.0007058415794745088
2300,0864.png#patch0025,31.405641555786133,0.817437469959259,0.972498893737793,0.0007234950899146497
2301,0864.png#patch0026,32.203285217285156,0.8223732113838196,0.9712260365486145,0.0006021036533638835
2302,0864.png#patch0027,34.317604064941406,0.8584704995155334,0.9764453172683716,0.0003700322413351387
2303,0864.png#patch0028,29.510652542114258,0.8637434244155884,0.9758731722831726,0.001119269523769617
2304,0864.png#patch0029,35.58014678955078,0.9139683246612549,0.987224280834198,0.00027668484835885465
2305,0864.png#patch0030,32.636627197265625,0.8658405542373657,0.9804803133010864,0.0005449256859719753
2306,0864.png#patch0031,30.54915428161621,0.8425226211547852,0.974956214427948,0.0008812202140688896
2307,0864.png#patch0032,29.841594696044922,0.8231267929077148,0.973535418510437,0.0010371472453698516
2308,0864.png#patch0033,29.708873748779297,0.8014838695526123,0.9674192667007446,0.001069332123734057
2309,0864.png#patch0034,31.755756378173828,0.8279805779457092,0.9738659858703613,0.0006674581672996283
2310,0865.png#patch0000,44.999359130859375,0.9681481122970581,0.9958587884902954,3.1627434509573504e-05
2311,0865.png#patch0001,45.63182830810547,0.9717960953712463,0.9962375164031982,2.734116969804745e-05
2312,0865.png#patch0002,45.14561462402344,0.9893606901168823,0.9985412955284119,3.0580042221117765e-05
2313,0865.png#patch0003,30.84171485900879,0.9379640221595764,0.989772617816925,0.0008238122100010514
2314,0865.png#patch0004,46.77406692504883,0.9813780188560486,0.9974221587181091,2.10180787689751e-05
2315,0865.png#patch0005,45.946922302246094,0.9742433428764343,0.9965792298316956,2.542773654568009e-05
2316,0865.png#patch0006,44.984737396240234,0.9674743413925171,0.995627224445343,3.173410004819743e-05
2317,0865.png#patch0007,33.25548553466797,0.9322807788848877,0.9901936054229736,0.00047255386016331613
2318,0865.png#patch0008,30.74907875061035,0.9008254408836365,0.9853934049606323,0.0008415733464062214
2319,0865.png#patch0009,28.581830978393555,0.8444394469261169,0.9782692193984985,0.0013861708575859666
2320,0865.png#patch0010,27.81521987915039,0.804570734500885,0.9716384410858154,0.0016537811607122421
2321,0865.png#patch0011,29.06822395324707,0.8614360094070435,0.9765666127204895,0.001239303033798933
2322,0865.png#patch0012,45.5726432800293,0.9761631488800049,0.9967257976531982,2.771631261566654e-05
2323,0865.png#patch0013,31.94091033935547,0.9226283431053162,0.9890039563179016,0.0006396005628630519
2324,0865.png#patch0014,24.77714729309082,0.7429210543632507,0.9565773606300354,0.0033287808764725924
2325,0865.png#patch0015,25.342267990112305,0.7334662675857544,0.9549106955528259,0.0029226241167634726
2326,0865.png#patch0016,29.488502502441406,0.7811098098754883,0.9666070342063904,0.0011249925009906292
2327,0865.png#patch0017,28.72355079650879,0.7910416722297668,0.9710962772369385,0.0013416666770353913
2328,0865.png#patch0018,29.243654251098633,0.8067625761032104,0.9681450724601746,0.0011902396799996495
2329,0865.png#patch0019,28.62734603881836,0.7923322319984436,0.9677760004997253,0.001371719059534371
2330,0865.png#patch0020,25.868783950805664,0.6936879754066467,0.9515641331672668,0.0025889375247061253
2331,0865.png#patch0021,29.08285140991211,0.7990368008613586,0.9675637483596802,0.0012351362966001034
2332,0865.png#patch0022,29.961750030517578,0.8335663080215454,0.9729950428009033,0.0010088459821417928
2333,0865.png#patch0023,30.124622344970703,0.8204463124275208,0.9701536893844604,0.0009717123466543853
2334,0865.png#patch0024,30.78118896484375,0.8014344573020935,0.9663171768188477,0.0008353737066499889
2335,0865.png#patch0025,33.5260009765625,0.8822950720787048,0.9808973073959351,0.00044401705963537097
2336,0865.png#patch0026,30.059534072875977,0.8448663949966431,0.9777539968490601,0.0009863849263638258
2337,0865.png#patch0027,27.330556869506836,0.651672899723053,0.9357069730758667,0.0018490309594199061
2338,0865.png#patch0028,29.619731903076172,0.7940977215766907,0.963317334651947,0.0010915071470662951
2339,0865.png#patch0029,28.611618041992188,0.777798056602478,0.9597634077072144,0.0013766959309577942
2340,0865.png#patch0030,31.036090850830078,0.8336517810821533,0.9719959497451782,0.0007877544267103076
2341,0865.png#patch0031,30.905855178833008,0.8506617546081543,0.9757722020149231,0.0008117351680994034
2342,0865.png#patch0032,31.463788986206055,0.8733588457107544,0.9775980710983276,0.0007138729561120272
2343,0865.png#patch0033,31.87592315673828,0.8883983492851257,0.9831987619400024,0.0006492433021776378
2344,0865.png#patch0034,28.532127380371094,0.7186524868011475,0.9549328684806824,0.0014021259266883135
2345,0865.png#patch0035,44.43421173095703,0.9793586134910583,0.9968270063400269,3.602290598792024e-05
2346,0865.png#patch0036,35.41650390625,0.9484137892723083,0.992104172706604,0.0002873091143555939
2347,0865.png#patch0037,28.928455352783203,0.777947723865509,0.9564287662506104,0.0012798362877219915
2348,0865.png#patch0038,28.732389450073242,0.7441621422767639,0.9510631561279297,0.0013389394152909517
2349,0865.png#patch0039,32.156089782714844,0.8982710242271423,0.9812582731246948,0.0006086827488616109
2350,0865.png#patch0040,39.04631042480469,0.9575924873352051,0.9922604560852051,0.00012455714750103652
2351,0865.png#patch0041,29.722721099853516,0.8064546585083008,0.9667506217956543,0.0010659275576472282
2352,0866.png#patch0000,47.4049186706543,0.9934442639350891,0.9992706179618835,1.8176402591052465e-05
2353,0866.png#patch0001,48.3060302734375,0.9940975904464722,0.9993258714675903,1.4770548659726046e-05
2354,0866.png#patch0002,49.12744140625,0.9947767853736877,0.9994032382965088,1.2225194041093346e-05
2355,0866.png#patch0003,48.347816467285156,0.9937458634376526,0.999281108379364,1.4629109500674531e-05
2356,0866.png#patch0004,47.48563766479492,0.9939283132553101,0.9992881417274475,1.784169944585301e-05
2357,0866.png#patch0005,47.29970932006836,0.9929410219192505,0.9992607831954956,1.8622118659550324e-05
2358,0866.png#patch0006,37.13536834716797,0.9797685146331787,0.9971425533294678,0.0001934029278345406
2359,0866.png#patch0007,34.27470779418945,0.9139490127563477,0.9877289533615112,0.000373705115634948
2360,0866.png#patch0008,44.291683197021484,0.9929458498954773,0.9992197155952454,3.7224701372906566e-05
2361,0866.png#patch0009,47.921287536621094,0.993023157119751,0.9992015957832336,1.613879248907324e-05
2362,0866.png#patch0010,43.96393966674805,0.9813290238380432,0.9977647662162781,4.014262594864704e-05
2363,0866.png#patch0011,39.13377380371094,0.9745383858680725,0.996998131275177,0.0001220737030962482
2364,0866.png#patch0012,32.96710205078125,0.8448518514633179,0.9774987697601318,0.0005049982573837042
2365,0866.png#patch0013,32.29930877685547,0.9287145137786865,0.9902909398078918,0.000588937196880579
2366,0866.png#patch0014,46.15205764770508,0.9908691048622131,0.9989778995513916,2.4254601157736033e-05
2367,0866.png#patch0015,41.93705368041992,0.9728944897651672,0.9966758489608765,6.401689461199567e-05
2368,0866.png#patch0016,32.356834411621094,0.8601285219192505,0.9820720553398132,0.0005811878945678473
2369,0866.png#patch0017,42.70010757446289,0.959339439868927,0.9932030439376831,5.370179860619828e-05
2370,0866.png#patch0018,36.115333557128906,0.9138317704200745,0.988071084022522,0.00024460567510686815
2371,0866.png#patch0019,42.80560302734375,0.9787991046905518,0.997285783290863,5.2413077355595306e-05
2372,0866.png#patch0020,38.13093185424805,0.9591999053955078,0.9946346879005432,0.00015378231182694435
2373,0866.png#patch0021,33.31004333496094,0.8993897438049316,0.9856942892074585,0.00046665468835271895
2374,0866.png#patch0022,41.55876922607422,0.9387555718421936,0.9890903234481812,6.984303036006168e-05
2375,0866.png#patch0023,38.04597854614258,0.9495820999145508,0.9921937584877014,0.0001568203151691705
2376,0866.png#patch0024,38.71546173095703,0.9613504409790039,0.9950897693634033,0.00013441682676784694
2377,0866.png#patch0025,33.715362548828125,0.9395118951797485,0.9903610944747925,0.0004250728234183043
2378,0866.png#patch0026,32.43040084838867,0.9258051514625549,0.9881006479263306,0.0005714257713407278
2379,0866.png#patch0027,36.12139129638672,0.940071702003479,0.9908447861671448,0.0002442647819407284
2380,0866.png#patch0028,33.544498443603516,0.9294632077217102,0.9901794791221619,0.000442129879957065
2381,0866.png#patch0029,33.08816146850586,0.933282196521759,0.9906594753265381,0.0004911156138405204
2382,0866.png#patch0030,22.4998722076416,0.6646903157234192,0.9316534996032715,0.0056235771626234055
2383,0866.png#patch0031,24.54290008544922,0.7083258628845215,0.9440270066261292,0.0035132572520524263
2384,0866.png#patch0032,27.516704559326172,0.775697648525238,0.9592313170433044,0.0017714524874463677
2385,0866.png#patch0033,24.83220672607422,0.7799938917160034,0.9595640897750854,0.0032868438865989447
2386,0866.png#patch0034,25.679697036743164,0.8133688569068909,0.965525209903717,0.0027041456196457148
2387,0867.png#patch0000,33.33798599243164,0.9416855573654175,0.9884829521179199,0.00046366179594770074
2388,0867.png#patch0001,36.09138870239258,0.9583415389060974,0.9916255474090576,0.00024595801369287074
2389,0867.png#patch0002,36.961944580078125,0.9570918679237366,0.9926003813743591,0.00020128233882132918
2390,0867.png#patch0003,36.436283111572266,0.9510281085968018,0.9911510348320007,0.00022718078980688006
2391,0867.png#patch0004,38.26470184326172,0.9597771763801575,0.9933988451957703,0.00014911785547155887
2392,0867.png#patch0005,33.4021110534668,0.9196056127548218,0.9869115352630615,0.00045686602243222296
2393,0867.png#patch0006,32.153263092041016,0.9309595823287964,0.9885527491569519,0.0006090790266171098
2394,0867.png#patch0007,32.80406951904297,0.9254696369171143,0.9874690175056458,0.0005243155173957348
2395,0867.png#patch0008,32.04587936401367,0.9052242636680603,0.984065055847168,0.0006243265233933926
2396,0867.png#patch0009,34.33960723876953,0.9363863468170166,0.9880979657173157,0.0003681622911244631
2397,0867.png#patch0010,35.055450439453125,0.9468956589698792,0.9911678433418274,0.0003122156485915184
2398,0867.png#patch0011,32.25434112548828,0.9250505566596985,0.9867583513259888,0.0005950670456513762
2399,0867.png#patch0012,34.40009689331055,0.9371535181999207,0.9906187057495117,0.00036306981928646564
2400,0867.png#patch0013,31.829360961914062,0.8942635655403137,0.9821559190750122,0.0006562418420799077
2401,0867.png#patch0014,36.46724319458008,0.9403678178787231,0.9912045001983643,0.00022556695330422372
2402,0867.png#patch0015,30.115657806396484,0.890271782875061,0.9806491136550903,0.0009737201035022736
2403,0867.png#patch0016,30.13438606262207,0.9109422564506531,0.9860236644744873,0.0009695298504084349
2404,0867.png#patch0017,29.165678024291992,0.8983777165412903,0.983139157295227,0.0012118034064769745
2405,0867.png#patch0018,28.58298110961914,0.841580867767334,0.9725035429000854,0.0013858038000762463
2406,0867.png#patch0019,29.682437896728516,0.8621645569801331,0.9756209254264832,0.0010758604621514678
2407,0867.png#patch0020,30.111408233642578,0.8978606462478638,0.9828959107398987,0.0009746731957420707
2408,0867.png#patch0021,31.346023559570312,0.9045732617378235,0.9831951260566711,0.000733495457097888
2409,0867.png#patch0022,26.735958099365234,0.8510366678237915,0.9742864966392517,0.0021203330252319574
2410,0867.png#patch0023,28.879440307617188,0.851472020149231,0.9758967757225037,0.0012943617766723037
2411,0867.png#patch0024,31.341732025146484,0.8607776165008545,0.9778395295143127,0.0007342205499298871
2412,0867.png#patch0025,31.956859588623047,0.9172532558441162,0.9870395064353943,0.0006372557836584747
2413,0867.png#patch0026,30.43896484375,0.9161053895950317,0.9869288206100464,0.0009038644493557513
2414,0867.png#patch0027,28.740999221801758,0.8532312512397766,0.9737488627433777,0.0013362880563363433
2415,0867.png#patch0028,30.397197723388672,0.8836858868598938,0.9807654619216919,0.000912599207367748
2416,0867.png#patch0029,33.96946334838867,0.9237913489341736,0.9881989359855652,0.00040091597475111485
2417,0867.png#patch0030,29.225627899169922,0.8842613697052002,0.9805208444595337,0.0011951904743909836
2418,0867.png#patch0031,27.475008010864258,0.8566813468933105,0.9724133610725403,0.0017885420238599181
2419,0867.png#patch0032,27.19713020324707,0.8569013476371765,0.9773569107055664,0.00190671905875206
2420,0867.png#patch0033,28.7164306640625,0.8666643500328064,0.977913498878479,0.001343868556432426
2421,0867.png#patch0034,29.416406631469727,0.8769584894180298,0.9817793369293213,0.001143823959864676
2422,0868.png#patch0000,59.745033264160156,0.9988693594932556,0.9998694062232971,1.0604654789858614e-06
2423,0868.png#patch0001,60.02107238769531,0.9989930391311646,0.9999024868011475,9.951594392987317e-07
2424,0868.png#patch0002,60.69560241699219,0.9990984201431274,0.9999025464057922,8.519999141753942e-07
2425,0868.png#patch0003,73.78253936767578,0.9999798536300659,1.0000015497207642,4.185487867403026e-08
2426,0868.png#patch0004,57.803932189941406,0.9997714161872864,0.9999781250953674,1.6580846704528085e-06
2427,0868.png#patch0005,58.00945281982422,0.9982540607452393,0.9998077154159546,1.5814465541552636e-06
2428,0868.png#patch0006,60.93315887451172,0.9991785883903503,0.9999205470085144,8.066471650636231e-07
2429,0868.png#patch0007,58.97628402709961,0.9985814690589905,0.9998361468315125,1.2658181276492542e-06
2430,0868.png#patch0008,61.583778381347656,0.9993194937705994,0.9999337196350098,6.944192136870697e-07
2431,0868.png#patch0009,57.74629211425781,0.9981563687324524,0.9997971057891846,1.6802374602775672e-06
2432,0868.png#patch0010,32.80025863647461,0.9687137007713318,0.9950545430183411,0.000524776172824204
2433,0868.png#patch0011,32.72141647338867,0.9488877058029175,0.9924299120903015,0.000534389924723655
2434,0868.png#patch0012,45.177303314208984,0.9968586564064026,0.9995028376579285,3.0357727155205794e-05
2435,0868.png#patch0013,60.276058197021484,0.9990073442459106,0.9998886585235596,9.38413108997338e-07
2436,0868.png#patch0014,58.772613525390625,0.9985349774360657,0.9998425841331482,1.326594770034717e-06
2437,0868.png#patch0015,58.64647674560547,0.998501718044281,0.9998340606689453,1.365690309285128e-06
2438,0868.png#patch0016,40.673397064208984,0.9960581064224243,0.999413788318634,8.56367259984836e-05
2439,0868.png#patch0017,28.762535095214844,0.9127094149589539,0.9873769283294678,0.0013296774122864008
2440,0868.png#patch0018,29.912364959716797,0.9033608436584473,0.987316906452179,0.0010203830897808075
2441,0868.png#patch0019,49.466278076171875,0.997858464717865,0.9997691512107849,1.1307645763736218e-05
2442,0868.png#patch0020,59.87657928466797,0.9988875389099121,0.9998776316642761,1.0288260909874225e-06
2443,0868.png#patch0021,59.104278564453125,0.998634397983551,0.99985271692276,1.229057374985132e-06
2444,0868.png#patch0022,58.04707717895508,0.9982467293739319,0.9998011589050293,1.5678045883760205e-06
2445,0868.png#patch0023,31.026844024658203,0.9437331557273865,0.990994930267334,0.0007894335431046784
2446,0868.png#patch0024,27.581893920898438,0.7978004813194275,0.9697229266166687,0.0017450605519115925
2447,0868.png#patch0025,27.9476261138916,0.8568347096443176,0.9793056845664978,0.001604121527634561
2448,0868.png#patch0026,35.02220916748047,0.9606621265411377,0.99456387758255,0.0003146145900245756
2449,0868.png#patch0027,58.803749084472656,0.9985560178756714,0.9998450875282288,1.3171187447369448e-06
2450,0868.png#patch0028,59.63651657104492,0.9988065361976624,0.9998632669448853,1.0872962548091891e-06
2451,0868.png#patch0029,59.24433898925781,0.9986613392829895,0.9998443722724915,1.19005119358917e-06
2452,0868.png#patch0030,34.16263198852539,0.9783172011375427,0.9968909025192261,0.00038347463123500347
2453,0868.png#patch0031,26.45973014831543,0.8283274173736572,0.9728823304176331,0.0022595757618546486
2454,0868.png#patch0032,28.905502319335938,0.8855193853378296,0.9815295934677124,0.001286617829464376
2455,0868.png#patch0033,32.10541534423828,0.9631697535514832,0.9950994253158569,0.0006158265168778598
2456,0868.png#patch0034,59.59564971923828,0.9987953901290894,0.9998517632484436,1.0975758186759776e-06
2457,0869.png#patch0000,48.97126388549805,0.9862383604049683,0.9982590675354004,1.267282641492784e-05
2458,0869.png#patch0001,38.57965087890625,0.9739123582839966,0.9961462020874023,0.00013868673704564571
2459,0869.png#patch0002,50.036556243896484,0.9896647334098816,0.998712956905365,9.916172530211043e-06
2460,0869.png#patch0003,48.26303482055664,0.9882675409317017,0.9985430836677551,1.4917504813638516e-05
2461,0869.png#patch0004,42.19417953491211,0.9800213575363159,0.9972901344299316,6.0336747992550954e-05
2462,0869.png#patch0005,48.54346466064453,0.9850133657455444,0.9981799721717834,1.398470612912206e-05
2463,0869.png#patch0006,28.059032440185547,0.8805761337280273,0.9809368848800659,0.0015634959563612938
2464,0869.png#patch0007,20.364593505859375,0.6759107112884521,0.9361258745193481,0.009194762445986271
2465,0869.png#patch0008,21.768692016601562,0.7327671051025391,0.9488968849182129,0.006654735188931227
2466,0869.png#patch0009,39.35183334350586,0.970112144947052,0.9959099888801575,0.00011609570356085896
2467,0869.png#patch0010,46.050880432128906,0.9829468727111816,0.9973883628845215,2.4826293156365864e-05
2468,0869.png#patch0011,23.616024017333984,0.7136759161949158,0.946073591709137,0.0043490794487297535
2469,0869.png#patch0012,21.41011619567871,0.6349238753318787,0.9306779503822327,0.007227504160255194
2470,0869.png#patch0013,22.468441009521484,0.6451824307441711,0.9337558746337891,0.005664424505084753
2471,0869.png#patch0014,29.70081901550293,0.8854970335960388,0.9784119129180908,0.0010713167721405625
2472,0869.png#patch0015,31.168581008911133,0.9409558773040771,0.9885188341140747,0.0007640852709300816
2473,0869.png#patch0016,20.914228439331055,0.6520647406578064,0.9343947768211365,0.008101717568933964
2474,0869.png#patch0017,23.20857810974121,0.7154373526573181,0.952731728553772,0.00477685546502471
2475,0869.png#patch0018,20.709909439086914,0.6122105121612549,0.9281104803085327,0.008491982705891132
2476,0869.png#patch0019,23.765295028686523,0.8115818500518799,0.9654291868209839,0.004202139098197222
2477,0869.png#patch0020,28.644208908081055,0.916904628276825,0.9865677356719971,0.0013664037687703967
2478,0869.png#patch0021,21.519254684448242,0.6744285821914673,0.9400545954704285,0.0070481370203197
2479,0869.png#patch0022,23.631301879882812,0.7530947923660278,0.9524948596954346,0.004333808086812496
2480,0869.png#patch0023,26.424062728881836,0.7810056209564209,0.960529088973999,0.0022782098967581987
2481,0869.png#patch0024,21.711565017700195,0.7073954939842224,0.9431354999542236,0.006742847617715597
2482,0869.png#patch0025,26.435964584350586,0.8743125200271606,0.9786942005157471,0.00227197352796793
2483,0869.png#patch0026,26.163188934326172,0.8390215039253235,0.9742172956466675,0.0024192510172724724
2484,0869.png#patch0027,29.625322341918945,0.8925790190696716,0.9827958345413208,0.001090103411115706
2485,0869.png#patch0028,34.433311462402344,0.945541501045227,0.9926259517669678,0.00036030361661687493
2486,0869.png#patch0029,26.484020233154297,0.8486753106117249,0.9750334620475769,0.0022469728719443083
2487,0869.png#patch0030,28.370553970336914,0.8832325339317322,0.9799153208732605,0.0014552732463926077
2488,0869.png#patch0031,32.3875732421875,0.9466800093650818,0.9926190972328186,0.0005770889692939818
2489,0869.png#patch0032,43.381935119628906,0.9791161417961121,0.9972288012504578,4.589930540532805e-05
2490,0869.png#patch0033,44.3123779296875,0.9790406823158264,0.9971247911453247,3.7047760997666046e-05
2491,0869.png#patch0034,35.51695251464844,0.960033118724823,0.9942888617515564,0.00028074029251001775
2492,0870.png#patch0000,36.435157775878906,0.954566240310669,0.9939495325088501,0.00022723957954440266
2493,0870.png#patch0001,36.2537956237793,0.9553211331367493,0.9939443469047546,0.00023693026741966605
2494,0870.png#patch0002,35.548282623291016,0.9544157385826111,0.9940138459205627,0.0002787222038023174
2495,0870.png#patch0003,32.828311920166016,0.9338876008987427,0.9903489947319031,0.0005213972763158381
2496,0870.png#patch0004,37.265769958496094,0.9584742188453674,0.9939062595367432,0.00018768207519315183
2497,0870.png#patch0005,33.91498947143555,0.9457122087478638,0.9914809465408325,0.0004059764323756099
2498,0870.png#patch0006,34.90484619140625,0.9511516094207764,0.9931662678718567,0.0003232328162994236
2499,0870.png#patch0007,38.09838104248047,0.954848051071167,0.994080662727356,0.00015493926184717566
2500,0870.png#patch0008,30.14561653137207,0.8820835947990417,0.9795013070106506,0.0009670260478742421
2501,0870.png#patch0009,29.546201705932617,0.866960346698761,0.9754799604415894,0.0011101450072601438
2502,0870.png#patch0010,28.442087173461914,0.8687405586242676,0.976787805557251,0.0014314994914457202
2503,0870.png#patch0011,27.69965362548828,0.8601672053337097,0.9750894904136658,0.0016983781242743134
2504,0870.png#patch0012,29.584470748901367,0.8575394749641418,0.9741522669792175,0.001100405235774815
2505,0870.png#patch0013,32.68145751953125,0.922130286693573,0.987999677658081,0.0005393293686211109
2506,0870.png#patch0014,28.324352264404297,0.8619340658187866,0.9762837886810303,0.001470837160013616
2507,0870.png#patch0015,32.53398132324219,0.9085426926612854,0.9840326905250549,0.000557958148419857
2508,0870.png#patch0016,30.3555965423584,0.8927319049835205,0.9816499948501587,0.0009213830926455557
2509,0870.png#patch0017,30.145170211791992,0.904715359210968,0.9851145148277283,0.0009671254665590823
2510,0870.png#patch0018,31.63103675842285,0.9066206216812134,0.9856017231941223,0.0006869041826575994
2511,0870.png#patch0019,31.780431747436523,0.9148135185241699,0.9877774119377136,0.0006636768230237067
2512,0870.png#patch0020,31.65872573852539,0.9126806259155273,0.9864227175712585,0.0006825387245044112
2513,0870.png#patch0021,30.85679817199707,0.8976879715919495,0.9834815859794617,0.0008209563093259931
2514,0870.png#patch0022,29.97531509399414,0.8658577799797058,0.9771865606307983,0.0010057002073153853
2515,0870.png#patch0023,31.23284149169922,0.8977257013320923,0.982872724533081,0.0007528624846599996
2516,0870.png#patch0024,33.754493713378906,0.9304316639900208,0.9891585111618042,0.00042126013431698084
2517,0870.png#patch0025,33.72203826904297,0.9393170475959778,0.9913924932479858,0.00042442005360499024
2518,0870.png#patch0026,31.765682220458984,0.9172956943511963,0.9871469736099243,0.0006659346981905401
2519,0870.png#patch0027,30.080760955810547,0.8956865668296814,0.9834563732147217,0.0009815754601731896
2520,0870.png#patch0028,31.52821159362793,0.8998864889144897,0.9840068221092224,0.0007033615838736296
2521,0870.png#patch0029,33.45146179199219,0.9364075660705566,0.9899904727935791,0.00045170378871262074
2522,0870.png#patch0030,32.77361297607422,0.9277724623680115,0.9886504411697388,0.0005280054756440222
2523,0870.png#patch0031,37.042789459228516,0.9588963389396667,0.9943957328796387,0.00019756992696784437
2524,0870.png#patch0032,40.85203170776367,0.9691569805145264,0.9956861734390259,8.218574657803401e-05
2525,0870.png#patch0033,39.18054962158203,0.9632748365402222,0.9953050017356873,0.00012076606071786955
2526,0870.png#patch0034,38.19422149658203,0.9677042961120605,0.9960574507713318,0.00015155758592300117
2527,0870.png#patch0035,32.03242874145508,0.9266058206558228,0.9884172081947327,0.0006262631504796445
2528,0870.png#patch0036,38.45346450805664,0.9651442170143127,0.995402455329895,0.00014277543232310563
2529,0870.png#patch0037,35.70589828491211,0.9538374543190002,0.9935160875320435,0.0002687880478333682
2530,0870.png#patch0038,35.88758087158203,0.9552599191665649,0.9938286542892456,0.00025777562404982746
2531,0870.png#patch0039,36.40582275390625,0.9577913284301758,0.9940075278282166,0.000228779754252173
2532,0870.png#patch0040,38.97540283203125,0.9647862911224365,0.995190441608429,0.00012660754146054387
2533,0870.png#patch0041,41.67986297607422,0.9723455905914307,0.9966593980789185,6.79225122439675e-05
2534,0871.png#patch0000,36.352149963378906,0.9321465492248535,0.9886826872825623,0.0002316247409908101
2535,0871.png#patch0001,36.047481536865234,0.9473521113395691,0.9918414354324341,0.00024845721782185137
2536,0871.png#patch0002,46.832763671875,0.9932628273963928,0.9990798830986023,2.0735920770675875e-05
2537,0871.png#patch0003,43.23225784301758,0.989025890827179,0.9980329275131226,4.75087872473523e-05
2538,0871.png#patch0004,47.421852111816406,0.9937117099761963,0.9991063475608826,1.8105660274159163e-05
2539,0871.png#patch0005,48.18596267700195,0.9954167604446411,0.9993301033973694,1.5184608855633996e-05
2540,0871.png#patch0006,48.56787872314453,0.9923807382583618,0.9988822937011719,1.3906316780776251e-05
2541,0871.png#patch0007,34.85095977783203,0.9215296506881714,0.9870854616165161,0.0003272680041845888
2542,0871.png#patch0008,32.58666229248047,0.8872630000114441,0.9823440313339233,0.0005512310890480876
2543,0871.png#patch0009,35.01713943481445,0.9212040901184082,0.9858595132827759,0.00031498208409175277
2544,0871.png#patch0010,36.10780715942383,0.9485876560211182,0.9907594919204712,0.0002450300089549273
2545,0871.png#patch0011,35.52864074707031,0.9419353008270264,0.9896886348724365,0.0002799856592901051
2546,0871.png#patch0012,36.91117858886719,0.962162971496582,0.9939769506454468,0.00020364894589874893
2547,0871.png#patch0013,39.81263732910156,0.976637065410614,0.9964868426322937,0.00010440855839988217
2548,0871.png#patch0014,37.33666229248047,0.950814425945282,0.9916242957115173,0.00018464330059941858
2549,0871.png#patch0015,31.552797317504883,0.9102903008460999,0.9854289293289185,0.000699391181115061
2550,0871.png#patch0016,30.12868309020996,0.8714316487312317,0.9802824854850769,0.0009708038414828479
2551,0871.png#patch0017,31.712360382080078,0.866790771484375,0.9813299775123596,0.0006741612451151013
2552,0871.png#patch0018,33.291419982910156,0.9058704376220703,0.9856373071670532,0.00046865991316735744
2553,0871.png#patch0019,34.24287414550781,0.931399405002594,0.988495945930481,0.0003764543798752129
2554,0871.png#patch0020,40.60493469238281,0.9699615836143494,0.9960395097732544,8.699744648765773e-05
2555,0871.png#patch0021,35.805076599121094,0.9395033121109009,0.9890676736831665,0.0002627193462103605
2556,0871.png#patch0022,35.960506439208984,0.947003960609436,0.9914937615394592,0.0002534831000957638
2557,0871.png#patch0023,32.4940299987793,0.8976959586143494,0.9845679402351379,0.0005631144740618765
2558,0871.png#patch0024,31.27797508239746,0.8644628524780273,0.9778187274932861,0.0007450790144503117
2559,0871.png#patch0025,33.107513427734375,0.9142640233039856,0.9868568181991577,0.0004889323026873171
2560,0871.png#patch0026,34.48534393310547,0.9478621482849121,0.9910719990730286,0.00035601257695816457
2561,0871.png#patch0027,43.772212982177734,0.9859932065010071,0.9975102543830872,4.1954506741603836e-05
2562,0871.png#patch0028,45.19688034057617,0.9901426434516907,0.9985357522964478,3.0221190172596835e-05
2563,0871.png#patch0029,42.19748306274414,0.9851042628288269,0.9979008436203003,6.0290902183623984e-05
2564,0871.png#patch0030,36.19294357299805,0.959244430065155,0.9935309290885925,0.00024027327890507877
2565,0871.png#patch0031,34.893157958984375,0.9562485814094543,0.9936547875404358,0.00032410395215265453
2566,0871.png#patch0032,33.43841552734375,0.9487419724464417,0.9929471611976624,0.0004530625883489847
2567,0871.png#patch0033,33.789100646972656,0.9313995242118835,0.9901584982872009,0.00041791689000092447
2568,0871.png#patch0034,30.472158432006836,0.9088264107704163,0.9872899651527405,0.0008969823829829693
2569,0872.png#patch0000,29.95278549194336,0.9020902514457703,0.9859421849250793,0.0010109307477250695
2570,0872.png#patch0001,30.41106605529785,0.9250089526176453,0.989389181137085,0.0009096896392293274
2571,0872.png#patch0002,27.9737491607666,0.8743526339530945,0.9819954633712769,0.0015945016639307141
2572,0872.png#patch0003,27.136898040771484,0.870164692401886,0.9793351888656616,0.0019333482487127185
2573,0872.png#patch0004,25.526683807373047,0.8130328059196472,0.9716370701789856,0.0028011181857436895
2574,0872.png#patch0005,30.27861785888672,0.8126419186592102,0.9716083407402039,0.0009378603426739573
2575,0872.png#patch0006,31.271753311157227,0.8398829698562622,0.9763723015785217,0.0007461470668204129
2576,0872.png#patch0007,28.220613479614258,0.857160210609436,0.9796808362007141,0.0015063933096826077
2577,0872.png#patch0008,27.806386947631836,0.8421583771705627,0.9766660928726196,0.0016571477754041553
2578,0872.png#patch0009,27.694284439086914,0.8544890880584717,0.9787046313285828,0.0017004795372486115
2579,0872.png#patch0010,25.63252830505371,0.8176258206367493,0.9705303311347961,0.0027336759958416224
2580,0872.png#patch0011,28.75018882751465,0.8723316192626953,0.9799218773841858,0.0013334632385522127
2581,0872.png#patch0012,26.390077590942383,0.7569491863250732,0.960570216178894,0.002296107355505228
2582,0872.png#patch0013,25.163537979125977,0.8159268498420715,0.9722002744674683,0.003045412478968501
2583,0872.png#patch0014,26.217710494995117,0.7956702709197998,0.96905517578125,0.0023890689481049776
2584,0872.png#patch0015,27.822860717773438,0.8520906567573547,0.9783856272697449,0.0016508732223883271
2585,0872.png#patch0016,23.621614456176758,0.7487950921058655,0.961635947227478,0.004343487322330475
2586,0872.png#patch0017,25.51319694519043,0.7896147966384888,0.9644467830657959,0.0028098314069211483
2587,0872.png#patch0018,25.11486053466797,0.7334976196289062,0.9554360508918762,0.0030797384679317474
2588,0872.png#patch0019,24.169992446899414,0.727890133857727,0.9557422399520874,0.003828252200037241
2589,0872.png#patch0020,26.44793701171875,0.8182252049446106,0.9688284993171692,0.002265719696879387
2590,0872.png#patch0021,28.7999267578125,0.8400064706802368,0.9772536754608154,0.001318278256803751
2591,0872.png#patch0022,27.32844352722168,0.84622722864151,0.9768160581588745,0.0018499311991035938
2592,0872.png#patch0023,23.96323013305664,0.7474715709686279,0.9579555988311768,0.004014919977635145
2593,0872.png#patch0024,23.806175231933594,0.6830998063087463,0.9495182037353516,0.004162769764661789
2594,0872.png#patch0025,22.995468139648438,0.6904654502868652,0.9508090615272522,0.005017103627324104
2595,0872.png#patch0026,23.29770851135254,0.6937891244888306,0.944922924041748,0.004679820500314236
2596,0872.png#patch0027,29.525001525878906,0.8735911250114441,0.9787483215332031,0.0011155775282531977
2597,0872.png#patch0028,29.8142147064209,0.8041523694992065,0.9662392139434814,0.001043706783093512
2598,0872.png#patch0029,26.03218650817871,0.8146138787269592,0.9696083068847656,0.0024933384265750647
2599,0872.png#patch0030,24.90749168395996,0.7705470323562622,0.9648891091346741,0.003230358473956585
2600,0872.png#patch0031,25.6416015625,0.7964081168174744,0.9683921337127686,0.0027279704809188843
2601,0872.png#patch0032,24.839954376220703,0.7782936692237854,0.964862048625946,0.003280986798927188
2602,0872.png#patch0033,27.423002243041992,0.8165498375892639,0.9718493819236755,0.0018100881716236472
2603,0872.png#patch0034,31.41925811767578,0.8107873201370239,0.9669261574745178,0.0007212303462438285
2604,0873.png#patch0000,57.47736358642578,0.9980464577674866,0.9997406005859375,1.7875717048809747e-06
2605,0873.png#patch0001,58.006317138671875,0.9982741475105286,0.999777615070343,1.5825883110665018e-06
2606,0873.png#patch0002,58.300716400146484,0.9983972907066345,0.9997932314872742,1.4788637372475932e-06
2607,0873.png#patch0003,58.377986907958984,0.9984127879142761,0.9997982978820801,1.4527836356137414e-06
2608,0873.png#patch0004,38.48644256591797,0.9818651080131531,0.9966210722923279,0.00014169527275953442
2609,0873.png#patch0005,48.8448371887207,0.9976378083229065,0.9997395873069763,1.304717079619877e-05
2610,0873.png#patch0006,43.14432144165039,0.9963332414627075,0.9996126294136047,4.848057869821787e-05
2611,0873.png#patch0007,26.793060302734375,0.7664746046066284,0.9497223496437073,0.002092636888846755
2612,0873.png#patch0008,24.961017608642578,0.7281289100646973,0.9401092529296875,0.0031907884404063225
2613,0873.png#patch0009,25.50739860534668,0.7119131684303284,0.9405114650726318,0.0028135855682194233
2614,0873.png#patch0010,25.81329917907715,0.6960176825523376,0.9388607740402222,0.0026222248561680317
2615,0873.png#patch0011,25.054059982299805,0.7244300842285156,0.9502687454223633,0.0031231569591909647
2616,0873.png#patch0012,24.401643753051758,0.7046117186546326,0.9406647086143494,0.003629406914114952
2617,0873.png#patch0013,22.324783325195312,0.6557376384735107,0.9208844900131226,0.005854928866028786
2618,0873.png#patch0014,26.27286148071289,0.7959132790565491,0.9654350280761719,0.0023589227348566055
2619,0873.png#patch0015,27.06802749633789,0.805998682975769,0.9651556611061096,0.0019642512779682875
2620,0873.png#patch0016,24.10141372680664,0.7823696136474609,0.9638156294822693,0.0038891849108040333
2621,0873.png#patch0017,24.28005027770996,0.7381198406219482,0.9539037346839905,0.003732458921149373
2622,0873.png#patch0018,24.79620933532715,0.7417306900024414,0.9532865285873413,0.003314202418550849
2623,0873.png#patch0019,25.828378677368164,0.7513656616210938,0.9586058855056763,0.002613136311993003
2624,0873.png#patch0020,26.22795295715332,0.789545476436615,0.9619909524917603,0.0023834414314478636
2625,0873.png#patch0021,27.75335121154785,0.8203795552253723,0.9674959778785706,0.0016775086987763643
2626,0873.png#patch0022,27.758100509643555,0.8242025971412659,0.9728195667266846,0.0016756750410422683
2627,0873.png#patch0023,26.13059425354004,0.7776768803596497,0.9601908922195435,0.0024374770000576973
2628,0873.png#patch0024,25.26828956604004,0.7489540576934814,0.9562302827835083,0.0029728361405432224
2629,0873.png#patch0025,24.396390914916992,0.7038374543190002,0.944512128829956,0.0036337985657155514
2630,0873.png#patch0026,24.66691017150879,0.7553029656410217,0.9585980176925659,0.0034143568482249975
2631,0873.png#patch0027,26.154125213623047,0.7587355375289917,0.9570419192314148,0.002424305770546198
2632,0873.png#patch0028,28.477670669555664,0.8525477647781372,0.9751933813095093,0.001419818727299571
2633,0873.png#patch0029,27.14876937866211,0.8183977007865906,0.9688514471054077,0.0019280705600976944
2634,0873.png#patch0030,24.816587448120117,0.77537602186203,0.9614661335945129,0.003298687282949686
2635,0873.png#patch0031,25.035303115844727,0.7603498697280884,0.9605766534805298,0.003136676037684083
2636,0873.png#patch0032,24.15651512145996,0.7556337118148804,0.9555085301399231,0.0038401519414037466
2637,0873.png#patch0033,22.92780876159668,0.7328325510025024,0.9402809143066406,0.0050958795472979546
2638,0873.png#patch0034,26.468172073364258,0.7981246709823608,0.9659239053726196,0.0022551878355443478
2639,0874.png#patch0000,32.156776428222656,0.8836029767990112,0.9802102446556091,0.0006085864151827991
2640,0874.png#patch0001,32.4023323059082,0.8455851078033447,0.9695140719413757,0.0005751311546191573
2641,0874.png#patch0002,30.70711326599121,0.8387603163719177,0.9704000353813171,0.000849745178129524
2642,0874.png#patch0003,39.2619514465332,0.9903191924095154,0.998932957649231,0.00011852354509755969
2643,0874.png#patch0004,60.184566497802734,0.9989672899246216,0.9998865127563477,9.583914106769953e-07
2644,0874.png#patch0005,31.637027740478516,0.8722601532936096,0.9789090156555176,0.0006859573186375201
2645,0874.png#patch0006,31.412817001342773,0.8618611693382263,0.9735298752784729,0.0007223006687127054
2646,0874.png#patch0007,32.229591369628906,0.8335866332054138,0.9720905423164368,0.0005984676536172628
2647,0874.png#patch0008,33.816864013671875,0.8626909255981445,0.9747772812843323,0.0004152538313064724
2648,0874.png#patch0009,33.42340850830078,0.8794253468513489,0.9790471196174622,0.00045463090646080673
2649,0874.png#patch0010,33.26241683959961,0.920449435710907,0.9856774806976318,0.00047180044930428267
2650,0874.png#patch0011,35.848670959472656,0.9564343094825745,0.9931930303573608,0.00026009525754489005
2651,0874.png#patch0012,33.12346649169922,0.8734031319618225,0.9783740639686584,0.00048713915748521686
2652,0874.png#patch0013,31.27503776550293,0.8288944959640503,0.9695625901222229,0.0007455830345861614
2653,0874.png#patch0014,32.304439544677734,0.7634400129318237,0.9567171931266785,0.0005882420809939504
2654,0874.png#patch0015,35.21549987792969,0.8928279280662537,0.9812749028205872,0.00030091911321505904
2655,0874.png#patch0016,35.11216735839844,0.9106078147888184,0.9872145056724548,0.00030816480284556746
2656,0874.png#patch0017,28.67829132080078,0.8174132108688354,0.9700861573219299,0.0013557226629927754
2657,0874.png#patch0018,33.666786193847656,0.9161429405212402,0.9862726926803589,0.00042985420441254973
2658,0874.png#patch0019,35.43290710449219,0.9000227451324463,0.9842525124549866,0.00028622604440897703
2659,0874.png#patch0020,33.15635299682617,0.8555013537406921,0.973955512046814,0.000483464275021106
2660,0874.png#patch0021,31.793283462524414,0.7956687808036804,0.9654087424278259,0.0006617158651351929
2661,0874.png#patch0022,37.13841247558594,0.9236813187599182,0.9864063262939453,0.00019326750771142542
2662,0874.png#patch0023,34.66840362548828,0.8786711096763611,0.9823668003082275,0.00034131822758354247
2663,0874.png#patch0024,28.122089385986328,0.7892905473709106,0.9626010656356812,0.0015409579500555992
2664,0874.png#patch0025,32.47962951660156,0.8939675092697144,0.9833521842956543,0.0005649849190376699
2665,0874.png#patch0026,35.291934967041016,0.8812260031700134,0.980571985244751,0.00029566948069259524
2666,0874.png#patch0027,36.05919647216797,0.9066321849822998,0.9843528866767883,0.00024778785882517695
2667,0874.png#patch0028,30.642606735229492,0.7418830990791321,0.9524695873260498,0.0008624605252407491
2668,0874.png#patch0029,35.60929489135742,0.910490095615387,0.9855219721794128,0.00027483399026095867
2669,0874.png#patch0030,33.64280319213867,0.8752968311309814,0.980058491230011,0.00043223463580943644
2670,0874.png#patch0031,33.20425796508789,0.892228901386261,0.9824924468994141,0.00047816085861995816
2671,0874.png#patch0032,27.72120475769043,0.8750463128089905,0.9774290919303894,0.0016899710753932595
2672,0874.png#patch0033,34.280853271484375,0.8728741407394409,0.9791451096534729,0.0003731768229044974
2673,0874.png#patch0034,33.55279541015625,0.8816250562667847,0.9810129404067993,0.000441286334535107
2674,0875.png#patch0000,27.123205184936523,0.7877769470214844,0.9638237357139587,0.0019394535338506103
2675,0875.png#patch0001,26.835233688354492,0.7653621435165405,0.9557899832725525,0.00207241321913898
2676,0875.png#patch0002,27.30376434326172,0.7917271256446838,0.9644879698753357,0.001860473770648241
2677,0875.png#patch0003,27.53190803527832,0.8019833564758301,0.9691462516784668,0.0017652614042162895
2678,0875.png#patch0004,26.3182315826416,0.7927548289299011,0.9649244546890259,0.0023344082292169333
2679,0875.png#patch0005,27.22432518005371,0.8108013868331909,0.9686316251754761,0.0018948176875710487
2680,0875.png#patch0006,27.965980529785156,0.8256705403327942,0.9699820280075073,0.001597356516867876
2681,0875.png#patch0007,26.028945922851562,0.7701956033706665,0.9607303738594055,0.0024951992090791464
2682,0875.png#patch0008,26.11687660217285,0.7775092720985413,0.9615324139595032,0.00244518811814487
2683,0875.png#patch0009,27.245405197143555,0.7976247072219849,0.9651933908462524,0.0018856424139812589
2684,0875.png#patch0010,26.07063102722168,0.7829307317733765,0.9642956256866455,0.0024713645689189434
2685,0875.png#patch0011,26.42959976196289,0.7696766257286072,0.9603926539421082,0.0022753069642931223
2686,0875.png#patch0012,25.352750778198242,0.7556426525115967,0.9593912363052368,0.002915578195825219
2687,0875.png#patch0013,26.551712036132812,0.7985879778862,0.9655339121818542,0.0022122212685644627
2688,0875.png#patch0014,25.827394485473633,0.7358784675598145,0.9513063430786133,0.002613728865981102
2689,0875.png#patch0015,25.41961097717285,0.734196662902832,0.9517405033111572,0.002871036995202303
2690,0875.png#patch0016,26.617677688598633,0.7721436619758606,0.9597042798995972,0.0021788731683045626
2691,0875.png#patch0017,26.0633602142334,0.7525105476379395,0.9582778215408325,0.0024755047634243965
2692,0875.png#patch0018,25.980295181274414,0.7457475066184998,0.9559680223464966,0.0025233079213649035
2693,0875.png#patch0019,27.427175521850586,0.812091588973999,0.9690618515014648,0.001808348810300231
2694,0875.png#patch0020,26.915569305419922,0.7897907495498657,0.9636321067810059,0.002034430392086506
2695,0875.png#patch0021,26.630390167236328,0.8059501647949219,0.9684877991676331,0.0021725052502006292
2696,0875.png#patch0022,27.43108367919922,0.7927941679954529,0.9675350189208984,0.0018067223718389869
2697,0875.png#patch0023,25.927125930786133,0.7267163395881653,0.9520171284675598,0.002554390812292695
2698,0875.png#patch0024,24.710424423217773,0.6751037240028381,0.9398649334907532,0.0033803170081228018
2699,0875.png#patch0025,25.362951278686523,0.6854134202003479,0.9426847696304321,0.0029087397269904613
2700,0875.png#patch0026,26.555395126342773,0.7666257619857788,0.9596283435821533,0.0022103467490524054
2701,0875.png#patch0027,26.657363891601562,0.7502501010894775,0.9555038213729858,0.0021590529941022396
2702,0875.png#patch0028,27.481908798217773,0.819938063621521,0.9690848588943481,0.00178570207208395
2703,0875.png#patch0029,27.420162200927734,0.8197730183601379,0.9710830450057983,0.001811272231861949
2704,0875.png#patch0030,25.563993453979492,0.7369959354400635,0.955017626285553,0.002777158049866557
2705,0875.png#patch0031,26.25328254699707,0.7675731778144836,0.9616261720657349,0.0023695812560617924
2706,0875.png#patch0032,26.241331100463867,0.763435959815979,0.9585648775100708,0.002376111224293709
2707,0875.png#patch0033,25.632471084594727,0.7389264702796936,0.9538858532905579,0.0027337127830833197
2708,0875.png#patch0034,27.808298110961914,0.7618612051010132,0.9578760862350464,0.0016564186662435532
2709,0875.png#patch0035,29.013832092285156,0.8398539423942566,0.9733164310455322,0.0012549216626212
2710,0875.png#patch0036,27.01542854309082,0.8137258291244507,0.9669321775436401,0.0019881867337971926
2711,0875.png#patch0037,26.609880447387695,0.7871667742729187,0.9651983976364136,0.002182789845392108
2712,0875.png#patch0038,25.959857940673828,0.7848595976829529,0.9624484777450562,0.0025352109223604202
2713,0875.png#patch0039,26.507362365722656,0.7788804769515991,0.9630119204521179,0.0022349287755787373
2714,0875.png#patch0040,27.282100677490234,0.8080964684486389,0.9659494757652283,0.0018697773339226842
2715,0875.png#patch0041,27.676082611083984,0.7456934452056885,0.9508590698242188,0.0017076213844120502
2716,0876.png#patch0000,26.631515502929688,0.7546416521072388,0.9564288854598999,0.0021719420328736305
2717,0876.png#patch0001,26.648561477661133,0.7417511940002441,0.9543282389640808,0.002163433935493231
2718,0876.png#patch0002,26.141098022460938,0.7598191499710083,0.9567405581474304,0.002431588713079691
2719,0876.png#patch0003,27.44183349609375,0.8029673099517822,0.9659873843193054,0.0018022563308477402
2720,0876.png#patch0004,22.008563995361328,0.617501437664032,0.9326327443122864,0.0062971413135528564
2721,0876.png#patch0005,22.554853439331055,0.6235748529434204,0.9308769702911377,0.005552832502871752
2722,0876.png#patch0006,21.050865173339844,0.6080625057220459,0.9264839291572571,0.007850788533687592
2723,0876.png#patch0007,24.558191299438477,0.7302817702293396,0.9498008489608765,0.0035009095445275307
2724,0876.png#patch0008,24.171783447265625,0.6863025426864624,0.9447367191314697,0.0038266743067651987
2725,0876.png#patch0009,22.084814071655273,0.593122661113739,0.9249705672264099,0.00618754792958498
2726,0876.png#patch0010,23.76091957092285,0.6754050254821777,0.9443308711051941,0.004206374287605286
2727,0876.png#patch0011,21.695831298828125,0.6354501843452454,0.9374179840087891,0.0067673237062990665
2728,0876.png#patch0012,25.150426864624023,0.6706172823905945,0.9395696520805359,0.003054619999602437
2729,0876.png#patch0013,26.28495216369629,0.6462981700897217,0.9355748891830444,0.0023523641284555197
2730,0876.png#patch0014,23.428213119506836,0.7220011353492737,0.9472358822822571,0.004541284870356321
2731,0876.png#patch0015,21.961923599243164,0.5728031992912292,0.9203725457191467,0.006365133915096521
2732,0876.png#patch0016,24.17780876159668,0.65962153673172,0.9389941692352295,0.0038213704247027636
2733,0876.png#patch0017,26.01762580871582,0.7244464755058289,0.949982762336731,0.0025017117150127888
2734,0876.png#patch0018,25.02583885192871,0.6580401659011841,0.934363842010498,0.003143518464639783
2735,0876.png#patch0019,26.070823669433594,0.6789260506629944,0.9410359263420105,0.002471255138516426
2736,0876.png#patch0020,25.87596893310547,0.6962184309959412,0.9459899663925171,0.002584658097475767
2737,0876.png#patch0021,25.108888626098633,0.7642842531204224,0.956143319606781,0.003083975752815604
2738,0876.png#patch0022,22.553752899169922,0.6080759167671204,0.9187560677528381,0.005554238334298134
2739,0876.png#patch0023,29.334983825683594,0.8300885558128357,0.9745696187019348,0.0011654706904664636
2740,0876.png#patch0024,24.915613174438477,0.6587425470352173,0.9153845906257629,0.0032243221066892147
2741,0876.png#patch0025,24.241090774536133,0.665169894695282,0.9196292757987976,0.003766091540455818
2742,0876.png#patch0026,26.584003448486328,0.8047219514846802,0.969687819480896,0.0021958344150334597
2743,0876.png#patch0027,25.397098541259766,0.7017868757247925,0.9501636028289795,0.0028859570156782866
2744,0876.png#patch0028,22.947643280029297,0.7307053804397583,0.9502671360969543,0.005072658881545067
2745,0876.png#patch0029,27.8598690032959,0.8583734631538391,0.9794051647186279,0.0016368653159588575
2746,0876.png#patch0030,27.956809997558594,0.8325780034065247,0.9728149771690369,0.0016007331432774663
2747,0876.png#patch0031,21.23543930053711,0.5145171880722046,0.8653631210327148,0.007524122949689627
2748,0876.png#patch0032,20.92064666748047,0.5028844475746155,0.8562584519386292,0.008089750073850155
2749,0876.png#patch0033,28.807594299316406,0.8463395237922668,0.9723636507987976,0.001315953442826867
2750,0876.png#patch0034,28.168397903442383,0.8727583289146423,0.9813629984855652,0.0015246151015162468
2751,0877.png#patch0000,43.13034439086914,0.9829853773117065,0.9975465536117554,4.8636833525961265e-05
2752,0877.png#patch0001,38.920989990234375,0.9723800420761108,0.9959406852722168,0.00012820378469768912
2753,0877.png#patch0002,42.06843185424805,0.9738555550575256,0.9952296614646912,6.210928404470906e-05
2754,0877.png#patch0003,43.194091796875,0.9815129637718201,0.9970030784606934,4.792814070242457e-05
2755,0877.png#patch0004,45.724342346191406,0.989052951335907,0.9981327652931213,2.676488111319486e-05
2756,0877.png#patch0005,44.49386978149414,0.9849756360054016,0.9974628686904907,3.553144779289141e-05
2757,0877.png#patch0006,47.726924896240234,0.9914320707321167,0.998724639415741,1.6877454982022755e-05
2758,0877.png#patch0007,40.32174301147461,0.982793927192688,0.997650146484375,9.28593217395246e-05
2759,0877.png#patch0008,41.863346099853516,0.9803453087806702,0.996213436126709,6.511266838060692e-05
2760,0877.png#patch0009,47.01231384277344,0.9923961162567139,0.998829185962677,1.9896124285878614e-05
2761,0877.png#patch0010,38.055355072021484,0.9611361026763916,0.9942237138748169,0.00015648208500351757
2762,0877.png#patch0011,38.02064895629883,0.9698644280433655,0.9951673746109009,0.00015773747873026878
2763,0877.png#patch0012,43.04270935058594,0.9762188196182251,0.9952898621559143,4.962824459653348e-05
2764,0877.png#patch0013,46.11666488647461,0.9867618680000305,0.9978324174880981,2.4453063815599307e-05
2765,0877.png#patch0014,38.977535247802734,0.9805964231491089,0.9971832036972046,0.00012654530291911215
2766,0877.png#patch0015,41.87092208862305,0.9749659895896912,0.9955322742462158,6.49991343379952e-05
2767,0877.png#patch0016,41.79634475708008,0.97640460729599,0.9956413507461548,6.612496508751065e-05
2768,0877.png#patch0017,38.774803161621094,0.9674870371818542,0.9942574501037598,0.00013259270053822547
2769,0877.png#patch0018,41.11017608642578,0.9855070114135742,0.9976649284362793,7.744298636680469e-05
2770,0877.png#patch0019,47.53093338012695,0.9906626343727112,0.9985045194625854,1.765657725627534e-05
2771,0877.png#patch0020,38.92832946777344,0.9759353399276733,0.9968016743659973,0.00012798731040675193
2772,0877.png#patch0021,46.4036979675293,0.9878312945365906,0.9982019662857056,2.2889162210049108e-05
2773,0877.png#patch0022,40.72541046142578,0.9769766926765442,0.9963007569313049,8.461719698971137e-05
2774,0877.png#patch0023,39.850830078125,0.9731836915016174,0.9954285025596619,0.00010349438525736332
2775,0877.png#patch0024,38.60475158691406,0.9667534232139587,0.9942417144775391,0.00013788742944598198
2776,0877.png#patch0025,44.301273345947266,0.9895917773246765,0.9984238147735596,3.7142632208997384e-05
2777,0877.png#patch0026,45.59504699707031,0.9864137768745422,0.997743546962738,2.757370748440735e-05
2778,0877.png#patch0027,45.182552337646484,0.9919169545173645,0.9987540245056152,3.0321079975692555e-05
2779,0878.png#patch0000,41.01490020751953,0.9665790796279907,0.9951682686805725,7.91607890278101e-05
2780,0878.png#patch0001,40.16341018676758,0.9619119763374329,0.9948735237121582,9.630718705011532e-05
2781,0878.png#patch0002,39.20951843261719,0.9667161107063293,0.9949156641960144,0.00011996313696727157
2782,0878.png#patch0003,34.239498138427734,0.9518505334854126,0.9920082092285156,0.00037674722261726856
2783,0878.png#patch0004,34.94069290161133,0.9598080515861511,0.9937294125556946,0.00032057586940936744
2784,0878.png#patch0005,33.235321044921875,0.9356189370155334,0.9906692504882812,0.00047475285828113556
2785,0878.png#patch0006,37.368896484375,0.973152220249176,0.9960501790046692,0.00018327805446460843
2786,0878.png#patch0007,40.70348358154297,0.975746750831604,0.9963133931159973,8.504547440679744e-05
2787,0878.png#patch0008,37.44981002807617,0.9694666266441345,0.995591402053833,0.00017989493790082633
2788,0878.png#patch0009,30.81175994873047,0.9264705181121826,0.9896304607391357,0.000829514057841152
2789,0878.png#patch0010,36.74086380004883,0.9620975852012634,0.9948114156723022,0.00021179385657887906
2790,0878.png#patch0011,34.0222282409668,0.9450452923774719,0.9923086166381836,0.0003960747562814504
2791,0878.png#patch0012,34.24951171875,0.9340163469314575,0.9897264242172241,0.0003758795210160315
2792,0878.png#patch0013,35.34161376953125,0.9532825946807861,0.9936037063598633,0.0002923065621871501
2793,0878.png#patch0014,43.69302749633789,0.9769445657730103,0.9959511756896973,4.272649312042631e-05
2794,0878.png#patch0015,33.89030838012695,0.9213161468505859,0.9881836175918579,0.0004082900413777679
2795,0878.png#patch0016,34.6367073059082,0.9203739166259766,0.9881947040557861,0.00034381853765808046
2796,0878.png#patch0017,35.99467849731445,0.9496210813522339,0.9927369356155396,0.00025149667635560036
2797,0878.png#patch0018,35.34307098388672,0.9367008209228516,0.991829514503479,0.00029220842407085
2798,0878.png#patch0019,33.388702392578125,0.9323773980140686,0.9885664582252502,0.00045827837311662734
2799,0878.png#patch0020,34.39897155761719,0.941370964050293,0.9919081926345825,0.00036316399928182364
2800,0878.png#patch0021,36.097564697265625,0.9509233236312866,0.9913380742073059,0.0002456085057929158
2801,0878.png#patch0022,33.307132720947266,0.9286425709724426,0.9895612001419067,0.00046696740901097655
2802,0878.png#patch0023,35.168941497802734,0.9395686984062195,0.9918785095214844,0.0003041626187041402
2803,0878.png#patch0024,31.65903663635254,0.9255000352859497,0.9902419447898865,0.0006824898300692439
2804,0878.png#patch0025,33.519142150878906,0.9240612983703613,0.9895002841949463,0.0004447189858183265
2805,0878.png#patch0026,33.09432601928711,0.8935649394989014,0.9818207025527954,0.0004904189263470471
2806,0878.png#patch0027,34.676570892333984,0.9375514388084412,0.9917175769805908,0.00034067698288708925
2807,0878.png#patch0028,35.451133728027344,0.9423325657844543,0.9927906394004822,0.0002850272285286337
2808,0878.png#patch0029,34.54954147338867,0.9307628870010376,0.9906947612762451,0.0003507888759486377
2809,0878.png#patch0030,32.91977310180664,0.9350147843360901,0.9920926094055176,0.0005105315358377993
2810,0878.png#patch0031,34.863887786865234,0.9353769421577454,0.9901812672615051,0.0003262955287937075
2811,0878.png#patch0032,34.990928649902344,0.9284782409667969,0.9903713464736938,0.0003168890252709389
2812,0878.png#patch0033,34.781558990478516,0.9540808796882629,0.993415355682373,0.0003325401048641652
2813,0878.png#patch0034,36.881099700927734,0.9593846201896667,0.9943770170211792,0.00020506419241428375
2814,0878.png#patch0035,36.45889663696289,0.9406650066375732,0.9921553134918213,0.00022600090596824884
2815,0878.png#patch0036,36.49980545043945,0.9322490096092224,0.9914354681968689,0.00022388200159184635
2816,0878.png#patch0037,34.771568298339844,0.9365854859352112,0.9919877052307129,0.0003333059430588037
2817,0878.png#patch0038,35.6790657043457,0.9349995255470276,0.9914552569389343,0.00027045371825806797
2818,0878.png#patch0039,34.828033447265625,0.9267570376396179,0.9902727007865906,0.00032900049700401723
2819,0878.png#patch0040,36.019378662109375,0.942057192325592,0.9915013909339905,0.00025007029762491584
2820,0878.png#patch0041,38.350040435791016,0.9643180966377258,0.9954411387443542,0.00014621631999034435
2821,0879.png#patch0000,49.20112991333008,0.987233579158783,0.9982328414916992,1.2019507266813889e-05
2822,0879.png#patch0001,49.22455978393555,0.9870840907096863,0.9982379078865051,1.1954834008065518e-05
2823,0879.png#patch0002,49.17252731323242,0.9869474768638611,0.9982115626335144,1.2098936167603824e-05
2824,0879.png#patch0003,49.334922790527344,0.9874223470687866,0.9982830286026001,1.1654871741484385e-05
2825,0879.png#patch0004,40.98908996582031,0.9820041656494141,0.9965853691101074,7.963254756759852e-05
2826,0879.png#patch0005,49.10552978515625,0.9867406487464905,0.9981833100318909,1.2287025128898676e-05
2827,0879.png#patch0006,49.252037048339844,0.9872494339942932,0.9982425570487976,1.1879443263751455e-05
2828,0879.png#patch0007,49.125431060791016,0.986761212348938,0.9981409311294556,1.2230852917127777e-05
2829,0879.png#patch0008,49.462547302246094,0.9878109097480774,0.9983430504798889,1.131735734816175e-05
2830,0879.png#patch0009,49.9821891784668,0.9892006516456604,0.99853515625,1.004108980851015e-05
2831,0879.png#patch0010,36.62852478027344,0.9707614183425903,0.9956307411193848,0.00021734382607974112
2832,0879.png#patch0011,31.84050941467285,0.944685161113739,0.9904944896697998,0.0006545591168105602
2833,0879.png#patch0012,50.35750961303711,0.9901615977287292,0.9986797571182251,9.209776180796325e-06
2834,0879.png#patch0013,49.54373550415039,0.9880377054214478,0.9983662366867065,1.1107751561212353e-05
2835,0879.png#patch0014,49.62202072143555,0.9882765412330627,0.9984043836593628,1.090932528313715e-05
2836,0879.png#patch0015,49.58251953125,0.9881715774536133,0.9983791708946228,1.1008998626493849e-05
2837,0879.png#patch0016,34.569862365722656,0.9592635035514832,0.9932221174240112,0.00034915105788968503
2838,0879.png#patch0017,26.69603729248047,0.8822810053825378,0.9811127185821533,0.0021399131510406733
2839,0879.png#patch0018,26.68300437927246,0.8579992651939392,0.9766963124275208,0.0021463448647409678
2840,0879.png#patch0019,33.424949645996094,0.9558447599411011,0.9907724857330322,0.00045446964213624597
2841,0879.png#patch0020,50.13628005981445,0.9895785450935364,0.9985883235931396,9.691069863038138e-06
2842,0879.png#patch0021,50.072021484375,0.9895537495613098,0.9985523819923401,9.835530363488942e-06
2843,0879.png#patch0022,50.52470779418945,0.9905514121055603,0.9987019896507263,8.861949027050287e-06
2844,0879.png#patch0023,29.70197105407715,0.903956413269043,0.9832520484924316,0.0010710328351706266
2845,0879.png#patch0024,25.716569900512695,0.8214082717895508,0.9692195057868958,0.002681284211575985
2846,0879.png#patch0025,25.676406860351562,0.8247244358062744,0.9734639525413513,0.002706196391955018
2847,0879.png#patch0026,27.365076065063477,0.8650367856025696,0.97719806432724,0.0018343925476074219
2848,0879.png#patch0027,50.48514938354492,0.9903731942176819,0.998653769493103,8.943035027186852e-06
2849,0879.png#patch0028,50.9636344909668,0.9913340210914612,0.9987917542457581,8.010071724129375e-06
2850,0879.png#patch0029,32.12784957885742,0.9444959163665771,0.9903242588043213,0.0006126536754891276
2851,0879.png#patch0030,26.727853775024414,0.8354761600494385,0.9728596210479736,0.0021242937073111534
2852,0879.png#patch0031,26.294662475585938,0.8314249515533447,0.967230498790741,0.002347111003473401
2853,0879.png#patch0032,25.6585636138916,0.8291388750076294,0.9688590168952942,0.0027173366397619247
2854,0879.png#patch0033,26.15642738342285,0.8346313834190369,0.9694558382034302,0.002423020778223872
2855,0879.png#patch0034,30.08039093017578,0.9282060861587524,0.988908052444458,0.0009816593956202269
2856,0879.png#patch0035,29.0264949798584,0.8870968222618103,0.9802836775779724,0.0012512682005763054
2857,0879.png#patch0036,27.804378509521484,0.8801864981651306,0.9808510541915894,0.0016579144867137074
2858,0879.png#patch0037,25.617610931396484,0.8233226537704468,0.9720486998558044,0.0027430823538452387
2859,0879.png#patch0038,26.39470863342285,0.8138595223426819,0.9683431386947632,0.0022936600726097822
2860,0879.png#patch0039,26.157217025756836,0.8052132725715637,0.9686071872711182,0.0024225800298154354
2861,0879.png#patch0040,26.903032302856445,0.8535448908805847,0.9773715734481812,0.00204031215980649
2862,0879.png#patch0041,27.654354095458984,0.854250431060791,0.9766822457313538,0.0017161867581307888
2863,0879.png#patch0042,26.590024948120117,0.8206359148025513,0.9691951870918274,0.0021927927155047655
2864,0879.png#patch0043,26.704072952270508,0.8076704144477844,0.9623569250106812,0.0021359571255743504
2865,0879.png#patch0044,27.28470230102539,0.8263415098190308,0.9703620672225952,0.0018686571856960654
2866,0879.png#patch0045,26.445863723754883,0.795663058757782,0.9659260511398315,0.0022668009623885155
2867,0879.png#patch0046,29.09720802307129,0.8229855895042419,0.96977698802948,0.0012310593156144023
2868,0879.png#patch0047,26.285282135009766,0.7994144558906555,0.9667787551879883,0.0023521860130131245
2869,0879.png#patch0048,26.817874908447266,0.8104149103164673,0.9648729562759399,0.0020807143300771713
2870,0880.png#patch0000,52.82741165161133,0.9943937659263611,0.9993854761123657,5.215053988649743e-06
2871,0880.png#patch0001,53.034950256347656,0.9945575594902039,0.9994078278541565,4.971696398570202e-06
2872,0880.png#patch0002,53.17909622192383,0.9947572946548462,0.9994397163391113,4.809391612070613e-06
2873,0880.png#patch0003,49.535858154296875,0.9929972290992737,0.9991930723190308,1.1127921425213572e-05
2874,0880.png#patch0004,53.5449333190918,0.9951533079147339,0.9994653463363647,4.420855475473218e-06
2875,0880.png#patch0005,52.99367141723633,0.994494616985321,0.999401867389679,5.019174295739504e-06
2876,0880.png#patch0006,40.06456756591797,0.9765284061431885,0.9970938563346863,9.852418588707224e-05
2877,0880.png#patch0007,30.239484786987305,0.8476484417915344,0.977733850479126,0.0009463487658649683
2878,0880.png#patch0008,33.55748748779297,0.9046730399131775,0.9867714643478394,0.00044080958468839526
2879,0880.png#patch0009,53.70048522949219,0.9953306317329407,0.9994966387748718,4.26531823904952e-06
2880,0880.png#patch0010,53.03104019165039,0.9945403337478638,0.9994015097618103,4.976176569471136e-06
2881,0880.png#patch0011,34.71492385864258,0.9276334047317505,0.9891790747642517,0.0003376817039679736
2882,0880.png#patch0012,30.16925048828125,0.808887779712677,0.975114643573761,0.000961777928750962
2883,0880.png#patch0013,30.96251678466797,0.8447914719581604,0.9787810444831848,0.0008012136095203459
2884,0880.png#patch0014,48.528324127197266,0.9952231645584106,0.9994826316833496,1.4033552361070178e-05
2885,0880.png#patch0015,53.055118560791016,0.9945769309997559,0.9994170069694519,4.948659352521645e-06
2886,0880.png#patch0016,32.95827102661133,0.9154953956604004,0.9886122345924377,0.0005060257972218096
2887,0880.png#patch0017,34.2395133972168,0.8754511475563049,0.9849706292152405,0.00037674602936021984
2888,0880.png#patch0018,33.8653564453125,0.8903342485427856,0.9877071976661682,0.0004106427659280598
2889,0880.png#patch0019,40.78693771362305,0.982384443283081,0.9975459575653076,8.342691580764949e-05
2890,0880.png#patch0020,53.14362716674805,0.9946973919868469,0.9994214177131653,4.848832759307697e-06
2891,0880.png#patch0021,33.62941360473633,0.9056106805801392,0.985909640789032,0.00043356948299333453
2892,0880.png#patch0022,31.275373458862305,0.8609645366668701,0.9802062511444092,0.000745525467209518
2893,0880.png#patch0023,31.65084457397461,0.8805257678031921,0.982866644859314,0.0006837784312665462
2894,0880.png#patch0024,41.64009475708008,0.9811445474624634,0.9974353313446045,6.854727689642459e-05
2895,0880.png#patch0025,53.072044372558594,0.9946083426475525,0.9994096755981445,4.929415808874182e-06
2896,0880.png#patch0026,38.23332595825195,0.959560751914978,0.9938536882400513,0.00015019906277302653
2897,0880.png#patch0027,31.263578414916992,0.8373885750770569,0.9765810966491699,0.0007475530146621168
2898,0880.png#patch0028,34.19672775268555,0.9164457321166992,0.9871673583984375,0.00038047568523325026
2899,0880.png#patch0029,51.37397384643555,0.9951708912849426,0.9994869828224182,7.287901098607108e-06
2900,0880.png#patch0030,53.01619338989258,0.9945449233055115,0.9994129538536072,4.993217771698255e-06
2901,0880.png#patch0031,42.08254623413086,0.9842430353164673,0.9977536201477051,6.190774729475379e-05
2902,0880.png#patch0032,32.329742431640625,0.900421679019928,0.9855083227157593,0.000584824476391077
2903,0880.png#patch0033,33.97341537475586,0.9262242317199707,0.9876201152801514,0.0004005513619631529
2904,0880.png#patch0034,41.09205627441406,0.9872320294380188,0.9984380602836609,7.776684651616961e-05
2905,0881.png#patch0000,53.096336364746094,0.9955168962478638,0.9993816018104553,4.901918600808131e-06
2906,0881.png#patch0001,54.69533157348633,0.9964826107025146,0.9995428323745728,3.3920864552783314e-06
2907,0881.png#patch0002,54.46240234375,0.9963546991348267,0.9995664358139038,3.5789842058875365e-06
2908,0881.png#patch0003,44.94580841064453,0.9956656098365784,0.9994953870773315,3.20198196277488e-05
2909,0881.png#patch0004,47.80661392211914,0.996222972869873,0.9995494484901428,1.6570611478528008e-05
2910,0881.png#patch0005,54.970855712890625,0.9965540170669556,0.999604344367981,3.1835681966185803e-06
2911,0881.png#patch0006,55.33298873901367,0.996803343296051,0.9996333122253418,2.9288733003340894e-06
2912,0881.png#patch0007,54.24089813232422,0.9963827729225159,0.999552845954895,3.7662584873032756e-06
2913,0881.png#patch0008,53.07194519042969,0.9956017732620239,0.9993970394134521,4.929526767227799e-06
2914,0881.png#patch0009,43.041622161865234,0.9902483224868774,0.9988723397254944,4.9640668294159696e-05
2915,0881.png#patch0010,28.670326232910156,0.8062483072280884,0.9678154587745667,0.0013582113897427917
2916,0881.png#patch0011,25.638080596923828,0.7623928189277649,0.9570985436439514,0.0027301833033561707
2917,0881.png#patch0012,38.847206115722656,0.9879631996154785,0.9985383152961731,0.0001304003963014111
2918,0881.png#patch0013,55.040428161621094,0.9969292879104614,0.9996510744094849,3.132974370601005e-06
2919,0881.png#patch0014,54.979278564453125,0.9967108964920044,0.9996023178100586,3.177399776177481e-06
2920,0881.png#patch0015,39.15108871459961,0.9834998846054077,0.9981960654258728,0.00012158812023699284
2921,0881.png#patch0016,27.03854751586914,0.7417038679122925,0.952969491481781,0.001977630192413926
2922,0881.png#patch0017,25.665210723876953,0.7143251895904541,0.9510283470153809,0.002713181311264634
2923,0881.png#patch0018,24.261180877685547,0.6897518634796143,0.9446227550506592,0.003748709335923195
2924,0881.png#patch0019,24.957273483276367,0.7562500834465027,0.9525402784347534,0.003193540731444955
2925,0881.png#patch0020,36.47074508666992,0.9831842184066772,0.9976298213005066,0.00022538518533110619
2926,0881.png#patch0021,27.982587814331055,0.7277814745903015,0.9512933492660522,0.0015912597300484776
2927,0881.png#patch0022,25.57210922241211,0.7000026106834412,0.944049060344696,0.0027719729114323854
2928,0881.png#patch0023,27.381366729736328,0.7057586312294006,0.9492483139038086,0.0018275246256962419
2929,0881.png#patch0024,23.916213989257812,0.6847830414772034,0.9459198117256165,0.004058619495481253
2930,0881.png#patch0025,23.146339416503906,0.6766712665557861,0.9416970014572144,0.004845805466175079
2931,0881.png#patch0026,25.13335609436035,0.6860079765319824,0.9396318197250366,0.0030666508246213198
2932,0881.png#patch0027,22.708478927612305,0.6398604512214661,0.9340890049934387,0.0053598410449922085
2933,0882.png#patch0000,50.1133918762207,0.9900134801864624,0.9987989068031311,9.74227259575855e-06
2934,0882.png#patch0001,51.11405944824219,0.9919706583023071,0.9990439414978027,7.737381565675605e-06
2935,0882.png#patch0002,50.92704391479492,0.9912698864936829,0.9989126920700073,8.077842721831985e-06
2936,0882.png#patch0003,50.93444061279297,0.9915252923965454,0.9989653825759888,8.064091161941178e-06
2937,0882.png#patch0004,48.43031692504883,0.9908446669578552,0.9989373683929443,1.4353844562720042e-05
2938,0882.png#patch0005,50.3091926574707,0.9911206960678101,0.9989719986915588,9.312808288086671e-06
2939,0882.png#patch0006,51.18824005126953,0.9930024743080139,0.9992145895957947,7.606339750054758e-06
2940,0882.png#patch0007,50.26749801635742,0.9915136694908142,0.9990819096565247,9.402636351296678e-06
2941,0882.png#patch0008,50.01260757446289,0.9905884861946106,0.9989678859710693,9.971006875275634e-06
2942,0882.png#patch0009,50.750675201416016,0.9910120964050293,0.9988765120506287,8.412636816501617e-06
2943,0882.png#patch0010,37.86945343017578,0.9830114841461182,0.9979004859924316,0.00016332567611243576
2944,0882.png#patch0011,30.09223747253418,0.9535397887229919,0.9944067597389221,0.0009789851028472185
2945,0882.png#patch0012,33.993282318115234,0.9695055484771729,0.9959373474121094,0.00039872335037216544
2946,0882.png#patch0013,42.10813903808594,0.9831152558326721,0.9979181289672852,6.154400034574792e-05
2947,0882.png#patch0014,50.47775650024414,0.9920017123222351,0.9991494417190552,8.958269063441548e-06
2948,0882.png#patch0015,50.54311752319336,0.9920570254325867,0.9991530179977417,8.824460564937908e-06
2949,0882.png#patch0016,40.786582946777344,0.9849298000335693,0.9982354640960693,8.343366062035784e-05
2950,0882.png#patch0017,26.326871871948242,0.8674988150596619,0.9794317483901978,0.0023297688458114862
2951,0882.png#patch0018,26.852657318115234,0.7520186305046082,0.9631756544113159,0.0020641162991523743
2952,0882.png#patch0019,33.557525634765625,0.9553622007369995,0.993664026260376,0.0004408057138789445
2953,0882.png#patch0020,45.90183639526367,0.9879794716835022,0.9987021684646606,2.5693063435028307e-05
2954,0882.png#patch0021,50.08867645263672,0.9927158951759338,0.999260425567627,9.797887287277263e-06
2955,0882.png#patch0022,48.809288024902344,0.9901845455169678,0.9990075826644897,1.3154402040527202e-05
2956,0882.png#patch0023,42.90397644042969,0.9730340838432312,0.9966427087783813,5.1239170716144145e-05
2957,0882.png#patch0024,34.97091293334961,0.9646784663200378,0.9951408505439758,0.0003183525404892862
2958,0882.png#patch0025,27.852352142333984,0.8351992964744568,0.9739506840705872,0.001639700960367918
2959,0882.png#patch0026,36.56850051879883,0.9706764221191406,0.9954743981361389,0.00022036867449060082
2960,0882.png#patch0027,47.91328430175781,0.9890708327293396,0.9989231824874878,1.6168552974704653e-05
2961,0882.png#patch0028,48.43190383911133,0.9887416958808899,0.9988199472427368,1.4348599506774917e-05
2962,0882.png#patch0029,48.72477722167969,0.9882626533508301,0.998700737953186,1.341287588729756e-05
2963,0882.png#patch0030,47.2719841003418,0.9837847352027893,0.9981589913368225,1.8741375242825598e-05
2964,0882.png#patch0031,45.72000503540039,0.9738552570343018,0.9967236518859863,2.6791631171363406e-05
2965,0882.png#patch0032,38.91019821166992,0.9728460311889648,0.996591329574585,0.00012852267536800355
2966,0882.png#patch0033,44.3106575012207,0.9750649333000183,0.996926486492157,3.706244388013147e-05
2967,0882.png#patch0034,40.586944580078125,0.9724841117858887,0.9965274333953857,8.735856681596488e-05
2968,0883.png#patch0000,32.88241195678711,0.9145764112472534,0.9852385520935059,0.0005149423377588391
2969,0883.png#patch0001,33.37776565551758,0.9207830429077148,0.9867466688156128,0.00045943420263938606
2970,0883.png#patch0002,35.01677703857422,0.9210284948348999,0.9858264923095703,0.00031500853947363794
2971,0883.png#patch0003,35.382930755615234,0.9290549159049988,0.9880139231681824,0.0002895387588068843
2972,0883.png#patch0004,35.66035461425781,0.9369297027587891,0.9893435835838318,0.0002716216549742967
2973,0883.png#patch0005,40.79116439819336,0.9455540180206299,0.9908642172813416,8.334569429280236e-05
2974,0883.png#patch0006,41.504276275634766,0.9444045424461365,0.9905170202255249,7.072488369885832e-05
2975,0883.png#patch0007,30.81942367553711,0.8673995137214661,0.9749995470046997,0.000828051648568362
2976,0883.png#patch0008,29.38849449157715,0.8468352556228638,0.9695329666137695,0.0011511994525790215
2977,0883.png#patch0009,29.186376571655273,0.8423939943313599,0.9703786373138428,0.001206041662953794
2978,0883.png#patch0010,28.98526954650879,0.8510980606079102,0.9716690182685852,0.0012632026337087154
2979,0883.png#patch0011,29.141286849975586,0.8651337623596191,0.975611686706543,0.0012186281383037567
2980,0883.png#patch0012,29.79256248474121,0.881522536277771,0.9784855842590332,0.0010489228880032897
2981,0883.png#patch0013,29.622940063476562,0.8787835836410522,0.976679265499115,0.001090701320208609
2982,0883.png#patch0014,31.766382217407227,0.8818686008453369,0.9782075881958008,0.000665827130433172
2983,0883.png#patch0015,30.15464973449707,0.8563308119773865,0.9709277749061584,0.0009650167776271701
2984,0883.png#patch0016,30.238506317138672,0.8657181859016418,0.9737750291824341,0.0009465622715651989
2985,0883.png#patch0017,29.658763885498047,0.8553766012191772,0.9721381664276123,0.001081741531379521
2986,0883.png#patch0018,30.20024299621582,0.8617106676101685,0.974860668182373,0.0009549391106702387
2987,0883.png#patch0019,29.642772674560547,0.8649463653564453,0.9739359617233276,0.001085731666535139
2988,0883.png#patch0020,29.931737899780273,0.8621780276298523,0.9742511510848999,0.0010158413788303733
2989,0883.png#patch0021,33.112064361572266,0.8979633450508118,0.981013834476471,0.0004884199588559568
2990,0883.png#patch0022,29.10921287536621,0.8431959748268127,0.9678390026092529,0.001227661152370274
2991,0883.png#patch0023,29.620168685913086,0.8444826006889343,0.967082142829895,0.0010913977166637778
2992,0883.png#patch0024,29.67716407775879,0.8802672028541565,0.9785237908363342,0.0010771682718768716
2993,0883.png#patch0025,30.997507095336914,0.9034592509269714,0.9820153117179871,0.0007947841077111661
2994,0883.png#patch0026,33.56494903564453,0.9244529008865356,0.9863388538360596,0.00044005303061567247
2995,0883.png#patch0027,32.349327087402344,0.9101788401603699,0.9840407371520996,0.0005821931990794837
2996,0883.png#patch0028,33.18416213989258,0.9025793075561523,0.9816458225250244,0.00048037857050076127
2997,0883.png#patch0029,32.20335388183594,0.9119288921356201,0.9847298264503479,0.000602094572968781
2998,0883.png#patch0030,32.4432258605957,0.9337831735610962,0.988549530506134,0.0005697408923879266
2999,0883.png#patch0031,34.692115783691406,0.946257472038269,0.9907391667366028,0.00033945965697057545
3000,0883.png#patch0032,37.16177749633789,0.9507545232772827,0.9909073114395142,0.0001922304363688454
3001,0883.png#patch0033,35.962127685546875,0.9515448808670044,0.9918323755264282,0.00025338868726976216
3002,0883.png#patch0034,32.92124557495117,0.918185830116272,0.9855779409408569,0.0005103585426695645
3003,0884.png#patch0000,30.056365966796875,0.8849955201148987,0.9811316132545471,0.00098710460588336
3004,0884.png#patch0001,29.006174087524414,0.8420608043670654,0.9764742255210876,0.0012571365805342793
3005,0884.png#patch0002,27.74368667602539,0.8040342926979065,0.9687183499336243,0.0016812458634376526
3006,0884.png#patch0003,26.921541213989258,0.775782585144043,0.9643452167510986,0.002031635260209441
3007,0884.png#patch0004,27.42609405517578,0.7692835330963135,0.9612451791763306,0.0018088002689182758
3008,0884.png#patch0005,28.544034957885742,0.8256261944770813,0.9723873138427734,0.0013982867822051048
3009,0884.png#patch0006,28.339771270751953,0.8531361818313599,0.9769201278686523,0.001465624780394137
3010,0884.png#patch0007,30.525005340576172,0.8374125361442566,0.9714707732200623,0.0008861336391419172
3011,0884.png#patch0008,28.615095138549805,0.8167145848274231,0.9699398279190063,0.0013755944091826677
3012,0884.png#patch0009,27.566556930541992,0.7953857183456421,0.9667407870292664,0.0017512341728433967
3013,0884.png#patch0010,25.926803588867188,0.7480538487434387,0.9553647637367249,0.002554580569267273
3014,0884.png#patch0011,26.254127502441406,0.7520118355751038,0.9574630856513977,0.0023691197857260704
3015,0884.png#patch0012,27.548667907714844,0.7998209595680237,0.9666486978530884,0.0017584620509296656
3016,0884.png#patch0013,28.830303192138672,0.8227888941764832,0.9702692031860352,0.0013090904103592038
3017,0884.png#patch0014,34.002498626708984,0.8761799931526184,0.9782687425613403,0.0003978780296165496
3018,0884.png#patch0015,30.25374412536621,0.8459776043891907,0.9760568141937256,0.0009432469960302114
3019,0884.png#patch0016,26.934045791625977,0.7684074640274048,0.9613962173461914,0.0020257942378520966
3020,0884.png#patch0017,27.45726776123047,0.7933117151260376,0.9647586345672607,0.0017958625685423613
3021,0884.png#patch0018,27.864696502685547,0.8089669942855835,0.9689493775367737,0.001635046792216599
3022,0884.png#patch0019,27.23642349243164,0.7831174731254578,0.9646114706993103,0.0018895462853834033
3023,0884.png#patch0020,31.410520553588867,0.8599191904067993,0.9769142270088196,0.0007226828020066023
3024,0884.png#patch0021,32.60603332519531,0.900640606880188,0.9829743504524231,0.0005487779853865504
3025,0884.png#patch0022,27.93396759033203,0.8581050038337708,0.9766552448272705,0.0016091741854324937
3026,0884.png#patch0023,26.13239097595215,0.7997019290924072,0.9677814245223999,0.0024364686105400324
3027,0884.png#patch0024,26.445415496826172,0.827925980091095,0.972728431224823,0.002267036121338606
3028,0884.png#patch0025,27.059001922607422,0.8336071968078613,0.9721464514732361,0.001968338154256344
3029,0884.png#patch0026,26.74470329284668,0.7963628172874451,0.9676139950752258,0.0021160671021789312
3030,0884.png#patch0027,28.220285415649414,0.8679722547531128,0.9777812957763672,0.0015065075131133199
3031,0884.png#patch0028,32.195068359375,0.9015178680419922,0.9859468936920166,0.0006032440578565001
3032,0884.png#patch0029,30.61236000061035,0.8644220232963562,0.9818963408470154,0.0008684882195666432
3033,0884.png#patch0030,33.09437561035156,0.847927451133728,0.9813700318336487,0.0004904132219962776
3034,0884.png#patch0031,33.37075424194336,0.9141509532928467,0.9849019050598145,0.00046017664135433733
3035,0884.png#patch0032,33.138790130615234,0.9132468104362488,0.9842736721038818,0.0004854236904066056
3036,0884.png#patch0033,34.25810241699219,0.8742565512657166,0.9840629696846008,0.00037513658753596246
3037,0884.png#patch0034,32.36680603027344,0.8873857855796814,0.985000491142273,0.0005798549391329288
3038,0885.png#patch0000,28.19761085510254,0.7735176086425781,0.9469074010848999,0.0015143936034291983
3039,0885.png#patch0001,26.856172561645508,0.8167166709899902,0.9720501899719238,0.0020624459721148014
3040,0885.png#patch0002,27.765230178833008,0.7483424544334412,0.9536769390106201,0.001672926708124578
3041,0885.png#patch0003,26.001285552978516,0.7125557065010071,0.9511568546295166,0.002511141821742058
3042,0885.png#patch0004,27.029354095458984,0.7953140139579773,0.9717020988464355,0.001981820911169052
3043,0885.png#patch0005,26.405649185180664,0.6805444359779358,0.9385079145431519,0.0022878884337842464
3044,0885.png#patch0006,26.866840362548828,0.7586831450462341,0.9582988619804382,0.002057386329397559
3045,0885.png#patch0007,27.23779296875,0.7333369851112366,0.9459778666496277,0.0018889505881816149
3046,0885.png#patch0008,25.13863182067871,0.7068744897842407,0.9493458867073059,0.0030629278626292944
3047,0885.png#patch0009,23.365537643432617,0.6591463685035706,0.9361658692359924,0.0046072970144450665
3048,0885.png#patch0010,23.817119598388672,0.6401829123497009,0.9367049336433411,0.004152292851358652
3049,0885.png#patch0011,23.0053768157959,0.6523459553718567,0.9381862878799438,0.005005669314414263
3050,0885.png#patch0012,22.632558822631836,0.630193293094635,0.9327474236488342,0.00545436330139637
3051,0885.png#patch0013,22.95695686340332,0.6134634017944336,0.9193719625473022,0.005061789881438017
3052,0885.png#patch0014,25.538301467895508,0.7211612462997437,0.9295802712440491,0.0027936354745179415
3053,0885.png#patch0015,24.850215911865234,0.667255163192749,0.934062123298645,0.00327324285171926
3054,0885.png#patch0016,21.76233673095703,0.5621445178985596,0.9012033343315125,0.006664479151368141
3055,0885.png#patch0017,23.297489166259766,0.6197212934494019,0.9243616461753845,0.004680057056248188
3056,0885.png#patch0018,23.95759391784668,0.6469703912734985,0.9336245656013489,0.0040201349183917046
3057,0885.png#patch0019,23.232723236083984,0.6275092363357544,0.9310176372528076,0.004750371444970369
3058,0885.png#patch0020,21.2995548248291,0.6139675378799438,0.9077278971672058,0.007413859479129314
3059,0885.png#patch0021,33.19210433959961,0.8285524845123291,0.95969158411026,0.00047950094449333847
3060,0885.png#patch0022,26.948530197143555,0.764090895652771,0.9606071710586548,0.0020190493669360876
3061,0885.png#patch0023,27.60650062561035,0.7222225666046143,0.9482713341712952,0.001735201571136713
3062,0885.png#patch0024,26.522659301757812,0.7273122668266296,0.9520988464355469,0.0022270712070167065
3063,0885.png#patch0025,27.247953414916992,0.7637883424758911,0.9572258591651917,0.001884536468423903
3064,0885.png#patch0026,25.058696746826172,0.6951774954795837,0.9429868459701538,0.003119824454188347
3065,0885.png#patch0027,25.892642974853516,0.7051794528961182,0.9400981664657593,0.002574752550572157
3066,0885.png#patch0028,36.25660705566406,0.8823924660682678,0.9735132455825806,0.00023677693388890475
3067,0885.png#patch0029,28.640066146850586,0.841050922870636,0.9761723875999451,0.0013677073875442147
3068,0885.png#patch0030,26.74997329711914,0.707273006439209,0.9445143342018127,0.00211350223980844
3069,0885.png#patch0031,27.393526077270508,0.7637191414833069,0.9601590633392334,0.0018224148079752922
3070,0885.png#patch0032,26.919103622436523,0.7754411101341248,0.9655486345291138,0.002032776130363345
3071,0885.png#patch0033,30.846378326416016,0.8014289140701294,0.9602677822113037,0.0008229283848777413
3072,0885.png#patch0034,27.747238159179688,0.7327839732170105,0.9448090195655823,0.0016798712313175201
3073,0886.png#patch0000,43.18809127807617,0.9528767466545105,0.9950177669525146,4.7994446504162624e-05
3074,0886.png#patch0001,45.80649185180664,0.9742130041122437,0.9972327947616577,2.626338209665846e-05
3075,0886.png#patch0002,43.034027099609375,0.9501389861106873,0.9945783615112305,4.972753959009424e-05
3076,0886.png#patch0003,42.32500076293945,0.940975546836853,0.9933574795722961,5.8546320360619575e-05
3077,0886.png#patch0004,42.54249954223633,0.9435047507286072,0.993704080581665,5.568650522036478e-05
3078,0886.png#patch0005,42.51072692871094,0.9437781572341919,0.9938138127326965,5.609539948636666e-05
3079,0886.png#patch0006,42.38216781616211,0.941926121711731,0.9935621619224548,5.7780744100455195e-05
3080,0886.png#patch0007,43.34269332885742,0.9538936018943787,0.9949641227722168,4.631593401427381e-05
3081,0886.png#patch0008,43.06602096557617,0.9508373141288757,0.9947643280029297,4.936258483212441e-05
3082,0886.png#patch0009,33.17824172973633,0.9149225950241089,0.9881200790405273,0.0004810340469703078
3083,0886.png#patch0010,33.4615592956543,0.9022512435913086,0.9861465692520142,0.0004506549739744514
3084,0886.png#patch0011,39.76605224609375,0.9465318322181702,0.9940144419670105,0.00010553454922046512
3085,0886.png#patch0012,42.68354797363281,0.9453902840614319,0.9939231276512146,5.3906966059003025e-05
3086,0886.png#patch0013,43.136070251464844,0.9515225291252136,0.9947673082351685,4.8572775995125994e-05
3087,0886.png#patch0014,43.42959976196289,0.9550930261611938,0.9950962066650391,4.539833389571868e-05
3088,0886.png#patch0015,43.822792053222656,0.9600309133529663,0.9956490993499756,4.146870560362004e-05
3089,0886.png#patch0016,40.53820037841797,0.9506789445877075,0.9943250417709351,8.834455366013572e-05
3090,0886.png#patch0017,36.36294174194336,0.9448142647743225,0.9926290512084961,0.0002310497802682221
3091,0886.png#patch0018,31.486045837402344,0.9336252212524414,0.9903042316436768,0.0007102236850187182
3092,0886.png#patch0019,39.17577362060547,0.9504381418228149,0.9944097399711609,0.000120898948807735
3093,0886.png#patch0020,42.907508850097656,0.9480975866317749,0.9942528605461121,5.1197479479014874e-05
3094,0886.png#patch0021,44.237213134765625,0.9649697542190552,0.9962435960769653,3.769454633584246e-05
3095,0886.png#patch0022,43.55706787109375,0.9552417993545532,0.994936466217041,4.408522363519296e-05
3096,0886.png#patch0023,43.06938171386719,0.9497480392456055,0.9943575263023376,4.9324364226777107e-05
3097,0886.png#patch0024,41.71413040161133,0.9681183099746704,0.9959388375282288,6.738864612998441e-05
3098,0886.png#patch0025,38.80524826049805,0.9646613001823425,0.9947949051856995,0.00013166639837436378
3099,0886.png#patch0026,37.31360626220703,0.9616532921791077,0.9953630566596985,0.00018562606419436634
3100,0886.png#patch0027,42.23090362548828,0.9553496837615967,0.9949225187301636,5.9828682424267754e-05
3101,0886.png#patch0028,46.79229736328125,0.9784818291664124,0.9973196983337402,2.0930036043864675e-05
3102,0886.png#patch0029,43.25212097167969,0.9538700580596924,0.9950990080833435,4.7292014642152935e-05
3103,0886.png#patch0030,43.75972366333008,0.9580918550491333,0.9953064918518066,4.207534220768139e-05
3104,0886.png#patch0031,38.460819244384766,0.9669386744499207,0.9958761930465698,0.00014253382687456906
3105,0886.png#patch0032,36.28115463256836,0.9511929750442505,0.9932712316513062,0.00023544223222415894
3106,0886.png#patch0033,41.18594741821289,0.9755135178565979,0.9968217611312866,7.610351894982159e-05
3107,0886.png#patch0034,39.79372787475586,0.9647032022476196,0.9954487085342407,0.00010486419341759756
3108,0887.png#patch0000,50.85405349731445,0.9923098087310791,0.9989938139915466,8.214746230805758e-06
3109,0887.png#patch0001,51.058349609375,0.9931583404541016,0.9991078972816467,7.837270459276624e-06
3110,0887.png#patch0002,38.92392349243164,0.9868828654289246,0.9978522062301636,0.00012811717169824988
3111,0887.png#patch0003,52.66482162475586,0.9944367408752441,0.9993273615837097,5.413989129010588e-06
3112,0887.png#patch0004,52.94211196899414,0.9944788813591003,0.9993488788604736,5.079121820017463e-06
3113,0887.png#patch0005,52.743770599365234,0.9942123293876648,0.999324381351471,5.316459919413319e-06
3114,0887.png#patch0006,52.17926025390625,0.9935716986656189,0.9992371201515198,6.054439381841803e-06
3115,0887.png#patch0007,52.14090347290039,0.9937052130699158,0.9991503953933716,6.108146862970898e-06
3116,0887.png#patch0008,36.38478469848633,0.9888043999671936,0.9983723163604736,0.00022989058925304562
3117,0887.png#patch0009,28.989971160888672,0.9087740778923035,0.9851280450820923,0.0012618349865078926
3118,0887.png#patch0010,34.18363952636719,0.95949387550354,0.9943072199821472,0.00038162426790222526
3119,0887.png#patch0011,40.1622314453125,0.9925081133842468,0.9991295337677002,9.633337322156876e-05
3120,0887.png#patch0012,37.28525161743164,0.9843569993972778,0.9976581335067749,0.00018684212409425527
3121,0887.png#patch0013,53.247337341308594,0.994873046875,0.9993805289268494,4.7344083213829435e-06
3122,0887.png#patch0014,31.210235595703125,0.8956146240234375,0.9825507402420044,0.0007567914435639977
3123,0887.png#patch0015,27.897342681884766,0.8798339366912842,0.9813300371170044,0.001622802228666842
3124,0887.png#patch0016,24.523027420043945,0.7691041231155396,0.9562944173812866,0.0035293695982545614
3125,0887.png#patch0017,23.915328979492188,0.7758709192276001,0.9645355343818665,0.0040594483725726604
3126,0887.png#patch0018,26.353527069091797,0.8478748798370361,0.9784021377563477,0.002315511927008629
3127,0887.png#patch0019,26.930749893188477,0.808375358581543,0.9669450521469116,0.0020273320842534304
3128,0887.png#patch0020,29.67434310913086,0.8788466453552246,0.9810505509376526,0.0010778678115457296
3129,0887.png#patch0021,26.966691970825195,0.7288231253623962,0.9538265466690063,0.0020106234587728977
3130,0887.png#patch0022,25.917354583740234,0.7026071548461914,0.9481399655342102,0.0025601438246667385
3131,0887.png#patch0023,24.484201431274414,0.7517008781433105,0.959484875202179,0.0035610650666058064
3132,0887.png#patch0024,24.541841506958008,0.7445393204689026,0.9605521559715271,0.0035141126718372107
3133,0887.png#patch0025,22.323606491088867,0.7452203631401062,0.9506767988204956,0.0058565144427120686
3134,0887.png#patch0026,24.851348876953125,0.7095239162445068,0.9505605101585388,0.003272389294579625
3135,0887.png#patch0027,24.633258819580078,0.6831825971603394,0.9445070624351501,0.003440916072577238
3136,0887.png#patch0028,27.125017166137695,0.6676729321479797,0.9368315935134888,0.0019386447966098785
3137,0887.png#patch0029,25.580669403076172,0.6411019563674927,0.9338328838348389,0.0027665141969919205
3138,0887.png#patch0030,26.153818130493164,0.6990547776222229,0.9485925436019897,0.0024244762025773525
3139,0887.png#patch0031,25.50408172607422,0.6715719103813171,0.942069411277771,0.002815734827890992
3140,0887.png#patch0032,23.31888771057129,0.6809142827987671,0.945678174495697,0.004657052457332611
3141,0887.png#patch0033,24.75543785095215,0.6814113855361938,0.9459162950515747,0.003345462493598461
3142,0887.png#patch0034,25.375795364379883,0.6487504243850708,0.939014732837677,0.0029001489747315645
3143,0888.png#patch0000,36.097877502441406,0.9394062161445618,0.9914880394935608,0.00024559072335250676
3144,0888.png#patch0001,35.123600006103516,0.9530321955680847,0.9931836128234863,0.000307354552205652
3145,0888.png#patch0002,38.19560241699219,0.9640811681747437,0.9951960444450378,0.0001515094772912562
3146,0888.png#patch0003,37.030208587646484,0.970758318901062,0.9962310791015625,0.00019814309780485928
3147,0888.png#patch0004,33.880889892578125,0.9592717885971069,0.9949325323104858,0.0004091766895726323
3148,0888.png#patch0005,30.964397430419922,0.9333796501159668,0.9909972548484802,0.0008008661679923534
3149,0888.png#patch0006,31.210182189941406,0.9014883637428284,0.9847578406333923,0.0007568007567897439
3150,0888.png#patch0007,42.51663589477539,0.9748240113258362,0.9968834519386292,5.6019100156845525e-05
3151,0888.png#patch0008,38.11204528808594,0.9613330364227295,0.994676411151886,0.00015445264580193907
3152,0888.png#patch0009,36.850345611572266,0.973074197769165,0.9967425465583801,0.00020652147941291332
3153,0888.png#patch0010,35.588714599609375,0.9653780460357666,0.9951927661895752,0.00027613932616077363
3154,0888.png#patch0011,28.086292266845703,0.8725396394729614,0.9821033477783203,0.0015537120634689927
3155,0888.png#patch0012,25.708669662475586,0.706992506980896,0.9589232206344604,0.0026861666701734066
3156,0888.png#patch0013,31.728803634643555,0.8625891804695129,0.9808289408683777,0.0006716138450428843
3157,0888.png#patch0014,39.182212829589844,0.9670198559761047,0.9958402514457703,0.00012071982200723141
3158,0888.png#patch0015,40.701438903808594,0.9729493856430054,0.9967186450958252,8.508559403708205e-05
3159,0888.png#patch0016,37.60807418823242,0.9752441644668579,0.9967350959777832,0.00017345728701911867
3160,0888.png#patch0017,36.39665222167969,0.9742976427078247,0.9964461922645569,0.0002292633434990421
3161,0888.png#patch0018,36.280853271484375,0.9748621582984924,0.9967218041419983,0.00023545874864794314
3162,0888.png#patch0019,28.66307258605957,0.8410881161689758,0.9784750938415527,0.0013604818377643824
3163,0888.png#patch0020,33.884944915771484,0.8635205030441284,0.9824727773666382,0.00040879478910937905
3164,0888.png#patch0021,35.78840637207031,0.9420298933982849,0.9907792210578918,0.0002637298603076488
3165,0888.png#patch0022,35.900238037109375,0.953822672367096,0.9927502274513245,0.00025702547281980515
3166,0888.png#patch0023,40.120174407958984,0.9775040149688721,0.9970853328704834,9.727071301313117e-05
3167,0888.png#patch0024,33.5683479309082,0.9645290374755859,0.9939379692077637,0.000439708586782217
3168,0888.png#patch0025,27.012311935424805,0.8677952289581299,0.9817049503326416,0.00198961328715086
3169,0888.png#patch0026,33.95866775512695,0.8915812969207764,0.9878172874450684,0.0004019140324089676
3170,0888.png#patch0027,34.51267623901367,0.9085054993629456,0.9892117381095886,0.00035377906169742346
3171,0888.png#patch0028,33.364410400390625,0.9251618385314941,0.9879044890403748,0.0004608494054991752
3172,0888.png#patch0029,34.526817321777344,0.927765965461731,0.9894774556159973,0.00035262908204458654
3173,0888.png#patch0030,36.550201416015625,0.9651853442192078,0.9941800832748413,0.00022129897843115032
3174,0888.png#patch0031,32.35511016845703,0.913444995880127,0.9887859225273132,0.0005814184551127255
3175,0888.png#patch0032,27.48296546936035,0.8164586424827576,0.9746620059013367,0.0017852672608569264
3176,0888.png#patch0033,37.71195602416992,0.9470706582069397,0.9938159584999084,0.000169357328559272
3177,0888.png#patch0034,36.33088302612305,0.929519772529602,0.991062343120575,0.00023276166757568717
3178,0889.png#patch0000,41.6750373840332,0.9827393889427185,0.9974045753479004,6.799802940804511e-05
3179,0889.png#patch0001,39.08475875854492,0.9718550443649292,0.9965468645095825,0.00012345930736046284
3180,0889.png#patch0002,38.31955337524414,0.9759378433227539,0.9965464472770691,0.00014724634820595384
3181,0889.png#patch0003,34.215641021728516,0.9635428786277771,0.9943077564239502,0.00037882261676713824
3182,0889.png#patch0004,33.866275787353516,0.9551081657409668,0.9932098388671875,0.000410555861890316
3183,0889.png#patch0005,36.510684967041016,0.9507436156272888,0.9942774176597595,0.00022332185471896082
3184,0889.png#patch0006,36.10016632080078,0.953818142414093,0.9937569499015808,0.00024546124041080475
3185,0889.png#patch0007,37.059730529785156,0.9611048698425293,0.9950886964797974,0.00019680080004036427
3186,0889.png#patch0008,32.79033279418945,0.9489933848381042,0.992343544960022,0.0005259765312075615
3187,0889.png#patch0009,33.593082427978516,0.9555217027664185,0.9936519861221313,0.0004372115363366902
3188,0889.png#patch0010,31.877134323120117,0.938620388507843,0.991654634475708,0.0006490625091828406
3189,0889.png#patch0011,33.073211669921875,0.9492219686508179,0.9930886626243591,0.0004928090493194759
3190,0889.png#patch0012,30.418439865112305,0.9297899603843689,0.9891243577003479,0.0009081464959308505
3191,0889.png#patch0013,30.866085052490234,0.9410121440887451,0.9914312958717346,0.0008192025707103312
3192,0889.png#patch0014,33.77077865600586,0.9364926218986511,0.990342915058136,0.0004196837544441223
3193,0889.png#patch0015,31.557708740234375,0.9139093160629272,0.9876251816749573,0.0006986006046645343
3194,0889.png#patch0016,32.620792388916016,0.9218890070915222,0.9881256222724915,0.0005469158641062677
3195,0889.png#patch0017,33.349037170410156,0.9227783679962158,0.9875016808509827,0.00046248346916399896
3196,0889.png#patch0018,32.394161224365234,0.9222897887229919,0.9879969954490662,0.0005762140499427915
3197,0889.png#patch0019,29.494709014892578,0.9186558127403259,0.9880081415176392,0.0011233859695494175
3198,0889.png#patch0020,28.041215896606445,0.8932165503501892,0.9836328625679016,0.001569922431372106
3199,0889.png#patch0021,38.14358901977539,0.9632547497749329,0.995765209197998,0.00015333489864133298
3200,0889.png#patch0022,38.217628479003906,0.9585886597633362,0.9942634105682373,0.00015074295515660197
3201,0889.png#patch0023,38.572959899902344,0.9741302132606506,0.9966050982475281,0.0001389004901284352
3202,0889.png#patch0024,35.675933837890625,0.9664982557296753,0.9951098561286926,0.0002706490340642631
3203,0889.png#patch0025,36.47343826293945,0.9674652218818665,0.9956933259963989,0.00022524547239299864
3204,0889.png#patch0026,38.53683853149414,0.9650233387947083,0.995466411113739,0.00014006065612193197
3205,0889.png#patch0027,37.58506393432617,0.9582758545875549,0.9947873950004578,0.00017437856877222657
3206,0889.png#patch0028,37.93002700805664,0.9550873637199402,0.9947361350059509,0.00016106344992294908
3207,0889.png#patch0029,39.84214782714844,0.9672752022743225,0.996025025844574,0.00010370145173510537
3208,0889.png#patch0030,38.50856399536133,0.9704505205154419,0.995911717414856,0.00014097540406510234
3209,0889.png#patch0031,37.6265754699707,0.9726764559745789,0.9959571957588196,0.0001727199269225821
3210,0889.png#patch0032,39.99066925048828,0.9785938858985901,0.9974620938301086,0.00010021511843660846
3211,0889.png#patch0033,41.27630615234375,0.9769743084907532,0.997566819190979,7.453656871803105e-05
3212,0889.png#patch0034,39.197505950927734,0.96905118227005,0.996458113193512,0.00012029544450342655
3213,0890.png#patch0000,54.33531951904297,0.9959725737571716,0.9995620846748352,3.685256615426624e-06
3214,0890.png#patch0001,50.759246826171875,0.995491623878479,0.9995088577270508,8.396055818593595e-06
3215,0890.png#patch0002,54.424049377441406,0.9960671067237854,0.9995670914649963,3.6107301184529206e-06
3216,0890.png#patch0003,54.64974594116211,0.9962328672409058,0.9995917677879333,3.427877572903526e-06
3217,0890.png#patch0004,54.61372756958008,0.9962179660797119,0.9995940923690796,3.4564241104817484e-06
3218,0890.png#patch0005,41.16032791137695,0.9860008358955383,0.9970508217811584,7.655384979443625e-05
3219,0890.png#patch0006,54.345375061035156,0.9960213303565979,0.9995523691177368,3.676731694213231e-06
3220,0890.png#patch0007,54.03458023071289,0.9958861470222473,0.9995493292808533,3.949496203858871e-06
3221,0890.png#patch0008,34.32221221923828,0.9481346607208252,0.9917137622833252,0.0003696397179737687
3222,0890.png#patch0009,54.67779541015625,0.9962717294692993,0.9995980262756348,3.4058109577017603e-06
3223,0890.png#patch0010,36.71479797363281,0.9607419371604919,0.993661642074585,0.00021306905546225607
3224,0890.png#patch0011,30.895408630371094,0.9007588624954224,0.9806540012359619,0.0008136898395605385
3225,0890.png#patch0012,34.06065368652344,0.9413926601409912,0.9923180937767029,0.00039258558535948396
3226,0890.png#patch0013,40.72791290283203,0.991174578666687,0.9990734457969666,8.456849900539964e-05
3227,0890.png#patch0014,55.4771614074707,0.9969015121459961,0.9996611475944519,2.8332412966847187e-06
3228,0890.png#patch0015,34.644248962402344,0.9303045272827148,0.9862024784088135,0.0003432218509260565
3229,0890.png#patch0016,36.515071868896484,0.9628831744194031,0.9948005080223083,0.00022309635824058205
3230,0890.png#patch0017,27.92877960205078,0.7950818538665771,0.9671967625617981,0.0016110980650410056
3231,0890.png#patch0018,26.855466842651367,0.7793133854866028,0.9642453789710999,0.0020627810154110193
3232,0890.png#patch0019,28.799724578857422,0.8121330142021179,0.9733268618583679,0.0013183399569243193
3233,0890.png#patch0020,30.091819763183594,0.9380771517753601,0.986832320690155,0.0009790792828425765
3234,0890.png#patch0021,26.90703582763672,0.6219534873962402,0.9304904937744141,0.002038432052358985
3235,0890.png#patch0022,25.345205307006836,0.655652642250061,0.9397035837173462,0.002920649480074644
3236,0890.png#patch0023,22.63593864440918,0.5543201565742493,0.9098718166351318,0.00545011879876256
3237,0890.png#patch0024,23.735578536987305,0.5871149301528931,0.920854926109314,0.004230991005897522
3238,0890.png#patch0025,23.57266616821289,0.5960144996643066,0.9234146475791931,0.004392717033624649
3239,0890.png#patch0026,25.042287826538086,0.6293962001800537,0.9390539526939392,0.003131635719910264
3240,0890.png#patch0027,25.894224166870117,0.6673932671546936,0.9430502653121948,0.002573816105723381
3241,0890.png#patch0028,25.525054931640625,0.6150753498077393,0.9326255321502686,0.002802169183269143
3242,0890.png#patch0029,24.2280330657959,0.587073028087616,0.9313281774520874,0.003777432022616267
3243,0890.png#patch0030,23.165952682495117,0.6129717230796814,0.935879111289978,0.004823970142751932
3244,0890.png#patch0031,24.152753829956055,0.5590017437934875,0.919360339641571,0.003843478159978986
3245,0890.png#patch0032,23.811433792114258,0.6215411424636841,0.9318842887878418,0.0041577317751944065
3246,0890.png#patch0033,24.52176856994629,0.6949046850204468,0.9516083598136902,0.003530392423272133
3247,0890.png#patch0034,25.021352767944336,0.6632004380226135,0.9429575204849243,0.003146766684949398
3248,0891.png#patch0000,37.81634521484375,0.9809694290161133,0.9977768063545227,0.00016533515008632094
3249,0891.png#patch0001,31.548248291015625,0.9184216260910034,0.9888635873794556,0.0007001240737736225
3250,0891.png#patch0002,30.39764404296875,0.9089956283569336,0.9868010878562927,0.0009125054930336773
3251,0891.png#patch0003,24.44839096069336,0.8302494883537292,0.9659748673439026,0.003590548411011696
3252,0891.png#patch0004,24.23062515258789,0.8109049201011658,0.96415114402771,0.003775177523493767
3253,0891.png#patch0005,25.807308197021484,0.8233169913291931,0.9704303741455078,0.002625844208523631
3254,0891.png#patch0006,29.351016998291016,0.9044768810272217,0.9865441918373108,0.001161176129244268
3255,0891.png#patch0007,24.481843948364258,0.7910189628601074,0.9550724029541016,0.003562997095286846
3256,0891.png#patch0008,24.048717498779297,0.8041248917579651,0.9642517566680908,0.0039366609416902065
3257,0891.png#patch0009,29.80365753173828,0.9089436531066895,0.9872698783874512,0.0010462467325851321
3258,0891.png#patch0010,32.12076950073242,0.9277206659317017,0.9897202849388123,0.0006136533338576555
3259,0891.png#patch0011,31.369056701660156,0.9113143682479858,0.9870120882987976,0.0007296159747056663
3260,0891.png#patch0012,25.88666343688965,0.8336092233657837,0.973656177520752,0.0025783004239201546
3261,0891.png#patch0013,30.49048614501953,0.904695451259613,0.9866213202476501,0.0008932050550356507
3262,0891.png#patch0014,31.74786376953125,0.9288367033004761,0.9892629981040955,0.0006686725537292659
3263,0891.png#patch0015,29.92163848876953,0.9139423966407776,0.9859948754310608,0.0010182065889239311
3264,0891.png#patch0016,29.25349998474121,0.9040511846542358,0.986838698387146,0.0011875443160533905
3265,0891.png#patch0017,29.6025447845459,0.9125358462333679,0.9886800050735474,0.001095835817977786
3266,0891.png#patch0018,28.408349990844727,0.890941321849823,0.9817547798156738,0.0014426629059016705
3267,0891.png#patch0019,28.698068618774414,0.9134603142738342,0.9864189028739929,0.0013495620805770159
3268,0891.png#patch0020,29.791793823242188,0.9220538139343262,0.9885972738265991,0.0010491088032722473
3269,0891.png#patch0021,31.20116424560547,0.926437497138977,0.9882638454437256,0.000758374051656574
3270,0891.png#patch0022,29.360715866088867,0.9054966568946838,0.9855929017066956,0.0011585860047489405
3271,0891.png#patch0023,30.4757080078125,0.8898534774780273,0.9849606156349182,0.0008962497231550515
3272,0891.png#patch0024,29.0933780670166,0.8723887801170349,0.9792738556861877,0.0012321461690589786
3273,0891.png#patch0025,30.059858322143555,0.8973080515861511,0.9845678210258484,0.0009863113518804312
3274,0891.png#patch0026,27.686450958251953,0.8678044080734253,0.9782393574714661,0.0017035501077771187
3275,0891.png#patch0027,30.653486251831055,0.9135164022445679,0.9868541955947876,0.0008603023015893996
3276,0891.png#patch0028,27.979127883911133,0.8277872800827026,0.9717860221862793,0.0015925285406410694
3277,0891.png#patch0029,27.621049880981445,0.8591770529747009,0.9774249196052551,0.0017293975688517094
3278,0891.png#patch0030,33.555992126464844,0.9501352906227112,0.9937304854393005,0.00044096162309870124
3279,0891.png#patch0031,27.442779541015625,0.8209652900695801,0.9692708849906921,0.0018018631963059306
3280,0891.png#patch0032,24.948598861694336,0.8348683714866638,0.9711955785751343,0.0031999265775084496
3281,0891.png#patch0033,26.254037857055664,0.8245776295661926,0.9736546277999878,0.0023691689129918814
3282,0891.png#patch0034,27.948444366455078,0.8100829124450684,0.9661571383476257,0.001603818847797811
3283,0891.png#patch0035,26.13840675354004,0.8376813530921936,0.9749960899353027,0.002433095360174775
3284,0891.png#patch0036,28.113712310791016,0.824476957321167,0.9767725467681885,0.0015439343405887485
3285,0891.png#patch0037,29.99976348876953,0.842665433883667,0.9777944087982178,0.0010000544134527445
3286,0891.png#patch0038,28.642391204833984,0.8406009674072266,0.9769212603569031,0.0013669752515852451
3287,0891.png#patch0039,28.967641830444336,0.8412878513336182,0.9745182394981384,0.00126834015827626
3288,0891.png#patch0040,29.330595016479492,0.8216715455055237,0.9724485278129578,0.0011666498612612486
3289,0891.png#patch0041,26.1529598236084,0.82118821144104,0.971367597579956,0.002424956765025854
3290,0892.png#patch0000,37.884159088134766,0.9544647932052612,0.9946698546409607,0.0001627736201044172
3291,0892.png#patch0001,34.78487777709961,0.9481323957443237,0.9930011630058289,0.00033228594111278653
3292,0892.png#patch0002,34.57264709472656,0.9654617309570312,0.9945934414863586,0.0003489273658487946
3293,0892.png#patch0003,35.65473937988281,0.9735143184661865,0.9958535432815552,0.00027197302551940084
3294,0892.png#patch0004,35.56452560424805,0.9562413096427917,0.9936276078224182,0.0002776815090328455
3295,0892.png#patch0005,36.87815856933594,0.9504141807556152,0.9935265183448792,0.00020520310499705374
3296,0892.png#patch0006,38.47187805175781,0.9430528879165649,0.9933726191520691,0.00014217128045856953
3297,0892.png#patch0007,38.903236389160156,0.9631643295288086,0.9957212805747986,0.00012872893421445042
3298,0892.png#patch0008,33.907737731933594,0.9491963982582092,0.9935247302055359,0.00040665516280569136
3299,0892.png#patch0009,32.4493293762207,0.9573471546173096,0.9931030869483948,0.0005689407116733491
3300,0892.png#patch0010,32.869876861572266,0.943977415561676,0.9911822080612183,0.0005164307658560574
3301,0892.png#patch0011,32.942466735839844,0.922896683216095,0.9880541563034058,0.0005078706308268011
3302,0892.png#patch0012,34.42601013183594,0.9207425713539124,0.9885053038597107,0.0003609100531321019
3303,0892.png#patch0013,34.566200256347656,0.9239808917045593,0.9890841245651245,0.0003494458505883813
3304,0892.png#patch0014,39.29035949707031,0.9731711745262146,0.9961940050125122,0.0001177507801912725
3305,0892.png#patch0015,35.60870361328125,0.9506669640541077,0.9927247166633606,0.00027487127226777375
3306,0892.png#patch0016,32.54267501831055,0.9291666746139526,0.9884046316146851,0.0005568424821831286
3307,0892.png#patch0017,30.013835906982422,0.9120720624923706,0.9851942658424377,0.0009968187659978867
3308,0892.png#patch0018,28.99817657470703,0.9014514684677124,0.9839510917663574,0.0012594535946846008
3309,0892.png#patch0019,30.46030044555664,0.9058037996292114,0.9847455620765686,0.0008994350791908801
3310,0892.png#patch0020,29.48881721496582,0.8962136507034302,0.9828605055809021,0.0011249110102653503
3311,0892.png#patch0021,34.11836242675781,0.9530581831932068,0.9935972094535828,0.0003874034446198493
3312,0892.png#patch0022,30.02824592590332,0.922010600566864,0.9890269041061401,0.0009935168782249093
3313,0892.png#patch0023,28.529293060302734,0.9050660133361816,0.9865703582763672,0.0014030414167791605
3314,0892.png#patch0024,26.969144821166992,0.888961672782898,0.9831641912460327,0.002009487943723798
3315,0892.png#patch0025,26.77632713317871,0.8892825841903687,0.9829542636871338,0.0021007151808589697
3316,0892.png#patch0026,28.08512306213379,0.8936908841133118,0.983814001083374,0.001554130925796926
3317,0892.png#patch0027,27.452680587768555,0.8797014951705933,0.9805793762207031,0.001797760371118784
3318,0892.png#patch0028,33.83040237426758,0.9484825134277344,0.9934056997299194,0.0004139612428843975
3319,0892.png#patch0029,29.917421340942383,0.9138926267623901,0.9885076284408569,0.001019196235574782
3320,0892.png#patch0030,28.447124481201172,0.8956443071365356,0.9866454005241394,0.001429840107448399
3321,0892.png#patch0031,29.067035675048828,0.9114299416542053,0.9881358742713928,0.0012396419188007712
3322,0892.png#patch0032,29.272424697875977,0.9124211072921753,0.9876672625541687,0.0011823808308690786
3323,0892.png#patch0033,30.753807067871094,0.9130684733390808,0.9877957701683044,0.0008406578563153744
3324,0892.png#patch0034,32.84365463256836,0.9332187175750732,0.9898068308830261,0.0005195584380999207
3325,0893.png#patch0000,34.02678680419922,0.8841038942337036,0.9858642220497131,0.00039565915358252823
3326,0893.png#patch0001,34.816505432128906,0.9163687229156494,0.9909971356391907,0.00032987483427859843
3327,0893.png#patch0002,37.5523796081543,0.890363335609436,0.9868451952934265,0.00017569601186551154
3328,0893.png#patch0003,37.54566955566406,0.8560711741447449,0.979973316192627,0.00017596768157090992
3329,0893.png#patch0004,37.4550895690918,0.8778824210166931,0.9842385053634644,0.00017967626627068967
3330,0893.png#patch0005,36.72679138183594,0.9132541418075562,0.9904549717903137,0.00021248140546958894
3331,0893.png#patch0006,34.21005630493164,0.8970730304718018,0.9873589277267456,0.00037930996040813625
3332,0893.png#patch0007,36.41817855834961,0.8826417922973633,0.9848652482032776,0.0002281296910950914
3333,0893.png#patch0008,34.71463394165039,0.8807163238525391,0.9843506813049316,0.0003377041721250862
3334,0893.png#patch0009,37.24150466918945,0.9114878177642822,0.9906057119369507,0.00018873377121053636
3335,0893.png#patch0010,34.622825622558594,0.8414958119392395,0.9778923392295837,0.0003449192736297846
3336,0893.png#patch0011,36.9731559753418,0.881589412689209,0.9849575757980347,0.00020076337386853993
3337,0893.png#patch0012,36.154937744140625,0.8938606977462769,0.9876058101654053,0.00024238505284301937
3338,0893.png#patch0013,34.90303421020508,0.8688083291053772,0.9828482270240784,0.0003233673924114555
3339,0893.png#patch0014,34.11499786376953,0.8764203190803528,0.9841165542602539,0.00038770402898080647
3340,0893.png#patch0015,33.10452651977539,0.8745721578598022,0.9835278391838074,0.0004892685101367533
3341,0893.png#patch0016,36.21980667114258,0.8981910943984985,0.9889039397239685,0.0002387917775195092
3342,0893.png#patch0017,36.592063903808594,0.8742562532424927,0.9830603003501892,0.00021917618869338185
3343,0893.png#patch0018,35.55484390258789,0.8421286940574646,0.9760518670082092,0.00027830153703689575
3344,0893.png#patch0019,36.484378814697266,0.8857540488243103,0.985822319984436,0.00022467867529485375
3345,0893.png#patch0020,35.99631881713867,0.868521511554718,0.9803960919380188,0.0002514016523491591
3346,0893.png#patch0021,32.12249755859375,0.8637171983718872,0.9820574522018433,0.0006134090363048017
3347,0893.png#patch0022,35.30452346801758,0.859429657459259,0.9803406596183777,0.0002948133915197104
3348,0893.png#patch0023,36.565818786621094,0.8715941309928894,0.9833452105522156,0.0002205047640018165
3349,0893.png#patch0024,33.46495056152344,0.8587816953659058,0.9819892048835754,0.0004503031086642295
3350,0893.png#patch0025,29.21352767944336,0.8102803826332092,0.9745583534240723,0.0011985248420387506
3351,0893.png#patch0026,37.47230529785156,0.8909377455711365,0.9872437715530396,0.00017896549252327532
3352,0893.png#patch0027,35.23777770996094,0.8652330040931702,0.9827271699905396,0.0002993796078953892
3353,0893.png#patch0028,35.1463623046875,0.8836296200752258,0.9855030179023743,0.00030574790434911847
3354,0893.png#patch0029,37.49711608886719,0.8880915641784668,0.9864330291748047,0.00017794604355003685
3355,0893.png#patch0030,36.657127380371094,0.8738935589790344,0.9839379191398621,0.00021591725817415863
3356,0893.png#patch0031,35.280433654785156,0.8643967509269714,0.9811242818832397,0.00029645347967743874
3357,0893.png#patch0032,34.27458953857422,0.8574824333190918,0.980584442615509,0.00037371538928709924
3358,0893.png#patch0033,34.78864669799805,0.8695042133331299,0.982496976852417,0.00033199781319126487
3359,0893.png#patch0034,34.831275939941406,0.8589360117912292,0.9801434278488159,0.0003287549188826233
3360,0894.png#patch0000,41.77570724487305,0.9823501706123352,0.9970199465751648,6.643992674071342e-05
3361,0894.png#patch0001,44.18708801269531,0.9885387420654297,0.9981839060783386,3.8132118788780645e-05
3362,0894.png#patch0002,43.522369384765625,0.9821151494979858,0.9968588352203369,4.443883153726347e-05
3363,0894.png#patch0003,50.496707916259766,0.9938850402832031,0.9991167783737183,8.919259926187806e-06
3364,0894.png#patch0004,51.23868179321289,0.9958367943763733,0.9994696974754333,7.518507118220441e-06
3365,0894.png#patch0005,44.04240036010742,0.985545814037323,0.997701108455658,3.942390321753919e-05
3366,0894.png#patch0006,37.8817138671875,0.9760070443153381,0.9962794184684753,0.00016286515165120363
3367,0894.png#patch0007,30.406784057617188,0.9083613753318787,0.9856563210487366,0.0009105869685299695
3368,0894.png#patch0008,43.62853240966797,0.9824806451797485,0.9968348741531372,4.336571510066278e-05
3369,0894.png#patch0009,40.70341110229492,0.9715826511383057,0.9949184060096741,8.50469950819388e-05
3370,0894.png#patch0010,50.742103576660156,0.9920403361320496,0.9987125396728516,8.429256013187114e-06
3371,0894.png#patch0011,37.86483383178711,0.9721977710723877,0.9958865642547607,0.00016349957149941474
3372,0894.png#patch0012,36.38783264160156,0.9606671929359436,0.9941217303276062,0.00022972932492848486
3373,0894.png#patch0013,51.986881256103516,0.9936925172805786,0.9990618824958801,6.328653853415744e-06
3374,0894.png#patch0014,40.54645538330078,0.9537739157676697,0.9903441071510315,8.81767991813831e-05
3375,0894.png#patch0015,54.686546325683594,0.996349573135376,0.9995396733283997,3.398953595024068e-06
3376,0894.png#patch0016,32.94095993041992,0.9614998698234558,0.9937058091163635,0.0005080466507934034
3377,0894.png#patch0017,36.51838302612305,0.960209846496582,0.9935014247894287,0.000222926537389867
3378,0894.png#patch0018,35.46609115600586,0.9729339480400085,0.9955268502235413,0.0002840474480763078
3379,0894.png#patch0019,42.52632141113281,0.9691225290298462,0.9940980076789856,5.589431748376228e-05
3380,0894.png#patch0020,55.5574951171875,0.9969623684883118,0.9996194243431091,2.7813168799184496e-06
3381,0894.png#patch0021,31.88857078552246,0.9620417356491089,0.994750440120697,0.0006473552784882486
3382,0894.png#patch0022,36.174320220947266,0.9575912356376648,0.9926112294197083,0.00024130581005010754
3383,0894.png#patch0023,32.187957763671875,0.9534105062484741,0.993415117263794,0.0006042326567694545
3384,0894.png#patch0024,39.35441589355469,0.9533182978630066,0.9905635714530945,0.00011602680024225265
3385,0894.png#patch0025,38.816802978515625,0.9494917392730713,0.9897204637527466,0.00013131652667652816
3386,0894.png#patch0026,33.06888198852539,0.9339021444320679,0.9887527227401733,0.000493300729431212
3387,0894.png#patch0027,34.713687896728516,0.9473776817321777,0.992045521736145,0.0003377776884008199
3388,0894.png#patch0028,30.994714736938477,0.9170040488243103,0.98649001121521,0.0007952952873893082
3389,0894.png#patch0029,29.40349769592285,0.8877575993537903,0.9822583198547363,0.0011472292244434357
3390,0894.png#patch0030,36.51179885864258,0.918045163154602,0.985940158367157,0.00022326452017296106
3391,0894.png#patch0031,29.642574310302734,0.8804071545600891,0.9823622107505798,0.0010857816087082028
3392,0894.png#patch0032,29.531509399414062,0.871705174446106,0.9809162020683289,0.0011139072012156248
3393,0894.png#patch0033,29.487590789794922,0.8289198279380798,0.9732561111450195,0.0011252284748479724
3394,0894.png#patch0034,29.776151657104492,0.8236117959022522,0.9740855097770691,0.00105289404746145
3395,0895.png#patch0000,24.616485595703125,0.7604274749755859,0.9595519304275513,0.003454230958595872
3396,0895.png#patch0001,25.405494689941406,0.7825480103492737,0.9647960066795349,0.002880383748561144
3397,0895.png#patch0002,26.050941467285156,0.8128884434700012,0.9687324166297913,0.002482593758031726
3398,0895.png#patch0003,27.282939910888672,0.836802065372467,0.9732405543327332,0.001869415515102446
3399,0895.png#patch0004,27.519746780395508,0.8314027190208435,0.9749223589897156,0.0017702121986076236
3400,0895.png#patch0005,28.677431106567383,0.8544943928718567,0.9771963357925415,0.0013559910003095865
3401,0895.png#patch0006,26.98174476623535,0.8237389326095581,0.9666865468025208,0.00200366647914052
3402,0895.png#patch0007,20.27208137512207,0.6207630634307861,0.9275346994400024,0.009392728097736835
3403,0895.png#patch0008,20.68778419494629,0.617068350315094,0.9289543032646179,0.008535356260836124
3404,0895.png#patch0009,21.921051025390625,0.6446657776832581,0.9365003108978271,0.006425320636481047
3405,0895.png#patch0010,26.221609115600586,0.7310615181922913,0.9591891765594482,0.0023869266733527184
3406,0895.png#patch0011,29.416858673095703,0.7635881304740906,0.9602081179618835,0.0011437049834057689
3407,0895.png#patch0012,26.50867462158203,0.7589539289474487,0.9569302201271057,0.002234253566712141
3408,0895.png#patch0013,28.640859603881836,0.8114095330238342,0.9700511693954468,0.0013674577930942178
3409,0895.png#patch0014,21.40452766418457,0.6365528106689453,0.9312772154808044,0.007236807141453028
3410,0895.png#patch0015,21.203174591064453,0.6680554151535034,0.9390289187431335,0.007580231409519911
3411,0895.png#patch0016,22.53729820251465,0.7107173800468445,0.9464415311813354,0.005575323477387428
3412,0895.png#patch0017,24.249042510986328,0.7229952216148376,0.9534192681312561,0.0037592020817101
3413,0895.png#patch0018,27.13347053527832,0.7334962487220764,0.9559664726257324,0.0019348751520738006
3414,0895.png#patch0019,28.05368995666504,0.7330456376075745,0.9542120695114136,0.0015654206508770585
3415,0895.png#patch0020,28.656709671020508,0.7571778297424316,0.958501935005188,0.0013624762650579214
3416,0895.png#patch0021,20.304067611694336,0.6299321055412292,0.930571436882019,0.009323802776634693
3417,0895.png#patch0022,21.26557731628418,0.6770415306091309,0.9400619268417358,0.007472094148397446
3418,0895.png#patch0023,24.854772567749023,0.7987543940544128,0.9663889408111572,0.003269811859354377
3419,0895.png#patch0024,31.07689666748047,0.8173413872718811,0.9677333831787109,0.0007803874323144555
3420,0895.png#patch0025,25.45553207397461,0.7431251406669617,0.9534090757369995,0.0028473883867263794
3421,0895.png#patch0026,22.588991165161133,0.6667688488960266,0.9375824332237244,0.00550935510545969
3422,0895.png#patch0027,21.470308303833008,0.6173321604728699,0.9287545084953308,0.007128022611141205
3423,0895.png#patch0028,22.65001678466797,0.737549364566803,0.9546317458152771,0.005432482343167067
3424,0895.png#patch0029,25.83538055419922,0.7997985482215881,0.9648475050926208,0.0026089269667863846
3425,0895.png#patch0030,25.264741897583008,0.7494685649871826,0.9569177031517029,0.002975266193971038
3426,0895.png#patch0031,21.47367286682129,0.6313658356666565,0.928269624710083,0.007122504059225321
3427,0895.png#patch0032,20.37425994873047,0.613197922706604,0.9296764731407166,0.009174320846796036
3428,0895.png#patch0033,20.090383529663086,0.6098483800888062,0.9277060031890869,0.009794034995138645
3429,0895.png#patch0034,20.41219711303711,0.6133528351783752,0.9287444949150085,0.009094529785215855
3430,0896.png#patch0000,44.82377624511719,0.9654688835144043,0.995876133441925,3.2932322937995195e-05
3431,0896.png#patch0001,45.75023651123047,0.9719517230987549,0.9966772198677063,2.6605795937939547e-05
3432,0896.png#patch0002,45.97896957397461,0.9732335805892944,0.996796727180481,2.5240773538826033e-05
3433,0896.png#patch0003,45.49420928955078,0.9773066639900208,0.9973811507225037,2.8221420507179573e-05
3434,0896.png#patch0004,47.160858154296875,0.9795160889625549,0.997525691986084,1.922712181112729e-05
3435,0896.png#patch0005,47.05087661743164,0.9790167808532715,0.9974938631057739,1.972024438146036e-05
3436,0896.png#patch0006,46.63270568847656,0.9767250418663025,0.9972181916236877,2.1713483874918893e-05
3437,0896.png#patch0007,36.721893310546875,0.9569309949874878,0.9947853088378906,0.00021272091544233263
3438,0896.png#patch0008,34.39594650268555,0.9540666937828064,0.9937236309051514,0.0003634168242570013
3439,0896.png#patch0009,43.35322570800781,0.9725102186203003,0.9968217611312866,4.6203756937757134e-05
3440,0896.png#patch0010,43.86134719848633,0.9731712937355042,0.9970164895057678,4.1102208342636004e-05
3441,0896.png#patch0011,45.542198181152344,0.9759580492973328,0.9970980882644653,2.791131191770546e-05
3442,0896.png#patch0012,46.614315032958984,0.9768323302268982,0.9972113966941833,2.180560477427207e-05
3443,0896.png#patch0013,47.43482971191406,0.9804751873016357,0.9976335763931274,1.8051641745842062e-05
3444,0896.png#patch0014,43.273983001708984,0.9634604454040527,0.9955986738204956,4.705455285147764e-05
3445,0896.png#patch0015,35.84482955932617,0.9412160515785217,0.9913687705993652,0.0002603257307782769
3446,0896.png#patch0016,34.05180358886719,0.9424430131912231,0.9920876622200012,0.0003933865809813142
3447,0896.png#patch0017,36.19222640991211,0.9622263312339783,0.9953184127807617,0.0002403129037702456
3448,0896.png#patch0018,34.31024169921875,0.9539834856987,0.9937043786048889,0.0003706600400619209
3449,0896.png#patch0019,34.711849212646484,0.9611970782279968,0.994997501373291,0.0003379209665581584
3450,0896.png#patch0020,38.05706787109375,0.9592387080192566,0.9940614104270935,0.00015642032667528838
3451,0896.png#patch0021,44.01984405517578,0.9612093567848206,0.995371401309967,3.9629197999602184e-05
3452,0896.png#patch0022,34.770904541015625,0.957855224609375,0.9951282143592834,0.0003333569329697639
3453,0896.png#patch0023,39.61604690551758,0.9645102620124817,0.9955337643623352,0.00010924339585471898
3454,0896.png#patch0024,39.2015495300293,0.9566649198532104,0.993402361869812,0.00012018350389553234
3455,0896.png#patch0025,41.60416793823242,0.9690361618995667,0.9963220953941345,6.911673699505627e-05
3456,0896.png#patch0026,42.29247283935547,0.9685708284378052,0.9962370991706848,5.898651943425648e-05
3457,0896.png#patch0027,39.90751647949219,0.9665212631225586,0.9958944916725159,0.00010215231304755434
3458,0896.png#patch0028,44.29042434692383,0.9611537456512451,0.9952855110168457,3.7235509807942435e-05
3459,0896.png#patch0029,43.43794631958008,0.9715651273727417,0.9970520734786987,4.5311175199458376e-05
3460,0896.png#patch0030,43.778709411621094,0.9698536396026611,0.9965541958808899,4.1891813452821225e-05
3461,0896.png#patch0031,38.12018585205078,0.9651156067848206,0.9957320690155029,0.00015416349924635142
3462,0896.png#patch0032,41.72110366821289,0.9675222635269165,0.9959743618965149,6.728053995175287e-05
3463,0896.png#patch0033,44.72068405151367,0.9644870758056641,0.9956854581832886,3.3723394153639674e-05
3464,0896.png#patch0034,44.90939712524414,0.9661353826522827,0.9958659410476685,3.22893938573543e-05
3465,0897.png#patch0000,24.956539154052734,0.8152801394462585,0.9751155972480774,0.0031940811313688755
3466,0897.png#patch0001,24.948596954345703,0.8121455907821655,0.9749261736869812,0.0031999279744923115
3467,0897.png#patch0002,25.03813934326172,0.8147993087768555,0.975685179233551,0.00313462782651186
3468,0897.png#patch0003,24.929548263549805,0.8170274496078491,0.9768209457397461,0.003213993739336729
3469,0897.png#patch0004,25.13370704650879,0.821197509765625,0.9782955646514893,0.0030664033256471157
3470,0897.png#patch0005,25.22488021850586,0.8200017809867859,0.9784279465675354,0.0030026992317289114
3471,0897.png#patch0006,25.402019500732422,0.8269522190093994,0.9790703058242798,0.002882689470425248
3472,0897.png#patch0007,24.46711540222168,0.8109601140022278,0.9749688506126404,0.0035751003306359053
3473,0897.png#patch0008,24.335237503051758,0.8015249371528625,0.9749850034713745,0.003685326548293233
3474,0897.png#patch0009,24.415212631225586,0.7978125810623169,0.9742541313171387,0.003618083894252777
3475,0897.png#patch0010,24.37279510498047,0.794363796710968,0.9734554290771484,0.0036535935942083597
3476,0897.png#patch0011,24.810361862182617,0.8035495281219482,0.9738302230834961,0.00330341886729002
3477,0897.png#patch0012,25.33428382873535,0.826891303062439,0.9785544872283936,0.0029280034359544516
3478,0897.png#patch0013,25.40077018737793,0.8229106068611145,0.978073239326477,0.0028835185803472996
3479,0897.png#patch0014,24.726972579956055,0.8133440017700195,0.9760235548019409,0.0033674617297947407
3480,0897.png#patch0015,24.51651382446289,0.7984280586242676,0.9728716611862183,0.0035346660297363997
3481,0897.png#patch0016,24.582387924194336,0.807427704334259,0.9748091697692871,0.003481458406895399
3482,0897.png#patch0017,24.381744384765625,0.8069106340408325,0.9746997952461243,0.0036460745614022017
3483,0897.png#patch0018,24.159868240356445,0.7981643080711365,0.9743593335151672,0.003837187308818102
3484,0897.png#patch0019,24.655004501342773,0.7983353734016418,0.9732589721679688,0.003423728747293353
3485,0897.png#patch0020,25.400259017944336,0.8166882395744324,0.9753595590591431,0.0028838585130870342
3486,0897.png#patch0021,24.814189910888672,0.8247490525245667,0.9764653444290161,0.003300507552921772
3487,0897.png#patch0022,24.153966903686523,0.8103695511817932,0.9755747318267822,0.0038424055092036724
3488,0897.png#patch0023,23.626203536987305,0.7919658422470093,0.9723076224327087,0.004338899627327919
3489,0897.png#patch0024,24.087791442871094,0.7805802226066589,0.970061719417572,0.003901403397321701
3490,0897.png#patch0025,24.42236328125,0.7930583357810974,0.9708255529403687,0.003612130880355835
3491,0897.png#patch0026,24.067590713500977,0.7998159527778625,0.9734519124031067,0.003919591661542654
3492,0897.png#patch0027,25.005552291870117,0.8152711391448975,0.9757592082023621,0.0031582359224557877
3493,0897.png#patch0028,25.01666831970215,0.8328126072883606,0.9775108695030212,0.0031501625198870897
3494,0897.png#patch0029,24.53751564025879,0.8043928742408752,0.9730951189994812,0.0035176158417016268
3495,0897.png#patch0030,24.663103103637695,0.8112097978591919,0.9744908213615417,0.0034173510503023863
3496,0897.png#patch0031,24.327770233154297,0.804876983165741,0.9735908508300781,0.003691669087857008
3497,0897.png#patch0032,24.37575340270996,0.7993929982185364,0.9732626676559448,0.0036511074285954237
3498,0897.png#patch0033,24.907955169677734,0.8045099973678589,0.972744345664978,0.003230012720450759
3499,0897.png#patch0034,25.96719741821289,0.8197187185287476,0.9751933813095093,0.0025309300981462
3500,0898.png#patch0000,43.02263641357422,0.9491912126541138,0.9934174418449402,4.985819396097213e-05
3501,0898.png#patch0001,43.103816986083984,0.9502382278442383,0.9935100674629211,4.8934809456113726e-05
3502,0898.png#patch0002,43.13588333129883,0.9503830671310425,0.9935632944107056,4.8574875108897686e-05
3503,0898.png#patch0003,43.1886100769043,0.9512282609939575,0.9937129616737366,4.798865847988054e-05
3504,0898.png#patch0004,43.16798782348633,0.9509713649749756,0.9936163425445557,4.821708716917783e-05
3505,0898.png#patch0005,43.1281623840332,0.9503251910209656,0.9935764074325562,4.866128074354492e-05
3506,0898.png#patch0006,43.07807540893555,0.9499437808990479,0.9935210943222046,4.922575317323208e-05
3507,0898.png#patch0007,42.95023727416992,0.9484677314758301,0.9932768940925598,5.069630788057111e-05
3508,0898.png#patch0008,43.21370315551758,0.951329231262207,0.9936931133270264,4.771221210830845e-05
3509,0898.png#patch0009,43.590476989746094,0.9550887942314148,0.9942321181297302,4.374739000923e-05
3510,0898.png#patch0010,44.20590591430664,0.9609432816505432,0.9949371814727783,3.7967263779137284e-05
3511,0898.png#patch0011,38.04607391357422,0.9500531554222107,0.9934327602386475,0.00015681676450185478
3512,0898.png#patch0012,35.488407135009766,0.9390349984169006,0.9914745092391968,0.0002825915580615401
3513,0898.png#patch0013,37.97367477416992,0.945411741733551,0.9925660490989685,0.00015945291670504957
3514,0898.png#patch0014,40.756622314453125,0.9496654868125916,0.9934381246566772,8.401130617130548e-05
3515,0898.png#patch0015,42.155540466308594,0.9566324353218079,0.9945207834243774,6.08759255555924e-05
3516,0898.png#patch0016,35.232322692871094,0.952710747718811,0.9932685494422913,0.0002997558913193643
3517,0898.png#patch0017,31.08194351196289,0.925554096698761,0.9877438545227051,0.000779481022618711
3518,0898.png#patch0018,30.933353424072266,0.9121248126029968,0.9869778156280518,0.0008066115551628172
3519,0898.png#patch0019,29.747556686401367,0.8991605043411255,0.9842836260795593,0.0010598496301099658
3520,0898.png#patch0020,32.4664421081543,0.9254236221313477,0.9884443879127502,0.0005667031509801745
3521,0898.png#patch0021,35.889095306396484,0.9588326811790466,0.9945226311683655,0.00025768569321371615
3522,0898.png#patch0022,37.353858947753906,0.9721713662147522,0.996342122554779,0.0001839136384660378
3523,0898.png#patch0023,34.30563735961914,0.9425531029701233,0.9918320775032043,0.00037105297087691724
3524,0898.png#patch0024,34.66034698486328,0.9485805630683899,0.9926835894584656,0.0003419520508032292
3525,0898.png#patch0025,42.031856536865234,0.9614264369010925,0.9950268864631653,6.263458635658026e-05
3526,0898.png#patch0026,39.123653411865234,0.9521487951278687,0.9936623573303223,0.0001223585568368435
3527,0898.png#patch0027,39.53337478637695,0.9497882127761841,0.9934699535369873,0.00011134277883684263
3528,0898.png#patch0028,41.95027542114258,0.951600193977356,0.9936723709106445,6.38222336419858e-05
3529,0898.png#patch0029,42.96772384643555,0.9557027816772461,0.9944427013397217,5.049256287747994e-05
3530,0898.png#patch0030,43.495365142822266,0.9543081521987915,0.994001567363739,4.4716023694491014e-05
3531,0898.png#patch0031,44.49928665161133,0.9638411402702332,0.9954390525817871,3.54871699528303e-05
3532,0898.png#patch0032,43.606590270996094,0.955224335193634,0.9941023588180542,4.358537262305617e-05
3533,0898.png#patch0033,43.300010681152344,0.9522207975387573,0.993869423866272,4.677335891756229e-05
3534,0898.png#patch0034,43.050750732421875,0.9495526552200317,0.9934987425804138,4.953647658112459e-05
3535,0899.png#patch0000,33.57792663574219,0.9582793712615967,0.9943720698356628,0.0004387398948892951
3536,0899.png#patch0001,28.035497665405273,0.8942338228225708,0.9858830571174622,0.0015719906659796834
3537,0899.png#patch0002,26.353126525878906,0.8142638802528381,0.9744396805763245,0.0023157261312007904
3538,0899.png#patch0003,28.53592872619629,0.8739233016967773,0.9818232655525208,0.0014008998405188322
3539,0899.png#patch0004,33.0965576171875,0.9589312672615051,0.99359130859375,0.0004901671782135963
3540,0899.png#patch0005,38.758880615234375,0.9843431115150452,0.9976340532302856,0.0001330797531409189
3541,0899.png#patch0006,42.35994338989258,0.9897362589836121,0.9984068274497986,5.807719935546629e-05
3542,0899.png#patch0007,39.578636169433594,0.9664410352706909,0.9949288368225098,0.00011018844816135243
3543,0899.png#patch0008,30.447168350219727,0.8513534069061279,0.9772475361824036,0.0009021590230986476
3544,0899.png#patch0009,28.383590698242188,0.8139395117759705,0.9736253023147583,0.0014509110478684306
3545,0899.png#patch0010,29.18915557861328,0.8110330104827881,0.9709169268608093,0.0012052698293700814
3546,0899.png#patch0011,32.9752197265625,0.9374156594276428,0.9894720315933228,0.0005040549440309405
3547,0899.png#patch0012,38.40988540649414,0.9821204543113708,0.996988832950592,0.00014421538799069822
3548,0899.png#patch0013,38.5933952331543,0.9835509061813354,0.997670590877533,0.0001382483751513064
3549,0899.png#patch0014,32.96274185180664,0.9188703298568726,0.987481951713562,0.0005055053625255823
3550,0899.png#patch0015,26.107250213623047,0.7467288970947266,0.959952175617218,0.002450613770633936
3551,0899.png#patch0016,26.845582962036133,0.7863348722457886,0.9652477502822876,0.0020674816332757473
3552,0899.png#patch0017,26.90509033203125,0.7690608501434326,0.9624186754226685,0.0020393463782966137
3553,0899.png#patch0018,30.87127685546875,0.9287782311439514,0.9889697432518005,0.000818223983515054
3554,0899.png#patch0019,33.12749481201172,0.972306489944458,0.9962617754936218,0.0004866875824518502
3555,0899.png#patch0020,38.87196731567383,0.982325553894043,0.9974865913391113,0.0001296590780839324
3556,0899.png#patch0021,39.333335876464844,0.9586018919944763,0.9922711849212646,0.00011659129086183384
3557,0899.png#patch0022,30.86895179748535,0.8640760183334351,0.9771899580955505,0.0008186621707864106
3558,0899.png#patch0023,24.18421173095703,0.7357764840126038,0.9597354531288147,0.0038157401140779257
3559,0899.png#patch0024,25.822715759277344,0.8640038371086121,0.9817557334899902,0.0026165456511080265
3560,0899.png#patch0025,30.583782196044922,0.9575404524803162,0.9931802749633789,0.0008742220816202462
3561,0899.png#patch0026,35.70522689819336,0.9722506403923035,0.9960457682609558,0.0002688297536224127
3562,0899.png#patch0027,40.88359069824219,0.9865023493766785,0.9978518486022949,8.159071148838848e-05
3563,0899.png#patch0028,35.62217330932617,0.9734013080596924,0.9964163899421692,0.0002740201889537275
3564,0899.png#patch0029,32.8978385925293,0.9201031923294067,0.9893857836723328,0.0005131164216436446
3565,0899.png#patch0030,29.346757888793945,0.9002693891525269,0.9864805936813354,0.00116231560241431
3566,0899.png#patch0031,34.034881591796875,0.9673246145248413,0.9944601058959961,0.00039492256473749876
3567,0899.png#patch0032,32.95790481567383,0.9738059043884277,0.995988130569458,0.0005060684634372592
3568,0899.png#patch0033,38.51572036743164,0.9828320145606995,0.9975559115409851,0.0001407431991538033
3569,0899.png#patch0034,42.41381072998047,0.9889921545982361,0.9985114336013794,5.736128514399752e-05
3570,0900.png#patch0000,28.64286231994629,0.8928548097610474,0.9822129607200623,0.001366827287711203
3571,0900.png#patch0001,30.22967529296875,0.9238004684448242,0.9874956011772156,0.0009484891197644174
3572,0900.png#patch0002,30.013629913330078,0.9084064364433289,0.9871900677680969,0.0009968663798645139
3573,0900.png#patch0003,29.303388595581055,0.9094252586364746,0.9867024421691895,0.0011739805340766907
3574,0900.png#patch0004,29.015159606933594,0.9198800921440125,0.9886505603790283,0.0012545380741357803
3575,0900.png#patch0005,30.969154357910156,0.9209200739860535,0.9888284206390381,0.0007999896770343184
3576,0900.png#patch0006,34.53767776489258,0.9560485482215881,0.9916857481002808,0.0003517483710311353
3577,0900.png#patch0007,30.089345932006836,0.862400472164154,0.9770815372467041,0.0009796374943107367
3578,0900.png#patch0008,29.96574592590332,0.8982071280479431,0.9843942523002625,0.0010079179191961884
3579,0900.png#patch0009,29.93988609313965,0.9162437915802002,0.9876964092254639,0.0010139377554878592
3580,0900.png#patch0010,26.10581398010254,0.8465508818626404,0.9739444255828857,0.0024514244869351387
3581,0900.png#patch0011,26.59685516357422,0.8469051718711853,0.975683331489563,0.00218934565782547
3582,0900.png#patch0012,29.650909423828125,0.8853734731674194,0.9816058278083801,0.0010836995206773281
3583,0900.png#patch0013,34.79065704345703,0.9565615057945251,0.9939676523208618,0.00033184405765496194
3584,0900.png#patch0014,28.28769874572754,0.8769457936286926,0.9792393445968628,0.001483303727582097
3585,0900.png#patch0015,31.679447174072266,0.9231967926025391,0.987908124923706,0.0006792897474952042
3586,0900.png#patch0016,24.550243377685547,0.8619738817214966,0.9737063050270081,0.0035073221661150455
3587,0900.png#patch0017,28.850311279296875,0.8841879963874817,0.9811769127845764,0.001303072669543326
3588,0900.png#patch0018,27.624343872070312,0.8397052884101868,0.9743966460227966,0.001728086732327938
3589,0900.png#patch0019,29.403886795043945,0.8607950806617737,0.9807450175285339,0.001147126080468297
3590,0900.png#patch0020,33.77567672729492,0.9296716451644897,0.9897398948669434,0.0004192106134723872
3591,0900.png#patch0021,36.63751220703125,0.9481084942817688,0.9916987419128418,0.00021689457935281098
3592,0900.png#patch0022,34.89025115966797,0.9279193878173828,0.9881966710090637,0.0003243207756895572
3593,0900.png#patch0023,33.91935348510742,0.9163118004798889,0.9862000346183777,0.0004055686586070806
3594,0900.png#patch0024,31.68571662902832,0.895450234413147,0.9846347570419312,0.0006783099961467087
3595,0900.png#patch0025,23.807506561279297,0.8313970565795898,0.966368556022644,0.004161494318395853
3596,0900.png#patch0026,25.40009307861328,0.8671689033508301,0.9732295274734497,0.0028839679434895515
3597,0900.png#patch0027,31.043821334838867,0.8657451868057251,0.9796751737594604,0.0007863536011427641
